fagy,fagyi
fark,farki
fark,farkú
fasz,fasza
fasz,faszi
fasz,faszt
faun,fauna
faág,faágy
fedd,feddő
fejt,fejtő
fejő,fejős
fele,feled
fele,felel
fele,feles
fele,felez
felé,felég
felé,felél
felé,felér
fene,fenet
fent,fenti
fest,festő
fitt,fitty
fiók,fióka
flór,flóra
fogy,fogyó
fogó,fogós
fojt,fojtó
foly,folyó
forr,forró
fotó,fotós
fotó,fotóz
fura,furat
fúró,fúrós
fúvó,fúvós
fájó,fájós
félt,félte
félt,féltő
félő,félős
fény,fényű
férj,férji
fésű,fésűs
főfa,főfal
főúr,főúri
föld,földi
fölé,fölég
fölé,fölél
fölé,fölér
fűző,fűzős
függ,függő
füst,füsti
gyám,gyámi
gyár,gyári
gyár,gyárt
gyep,gyepű
gyón,gyónó
győz,győző
gyúr,gyúró
gyűr,gyűrt
gyűr,gyűrű
tára,tárat
tart,tartó
tata,tatai
taxi,taxis
teke,teker
tele,telek
tele,telel
tele,telep
tele,telex
telt,telte
test,testi
test,testű
tesz,teszt
tévé,tévés
tilt,tiltó
tojó,tojós
toll,tollú
torz,torzó
torz,torzs
tölt,töltő
tudó,tudós
túra,túrat
turf,turfa
túró,túrós
tüdő,tüdős
tűző,tűzőr
idea,idead
ideg,idegi
idei,ideig
idén,idény
idéz,idéző
ifjú,ifjúi
ígér,ígérő
igéz,igéző
ijed,ijedt
illa,illan
illa,illat
imád,imádó
inga,ingat
ipar,ipari
iram,iramú
itat,itató
ivar,ivari
ível,ívelt
ízel,ízelt
vaku,vakul
váll,vállú
való,valód
való,valós
vált,váltó
váró,várós
varr,varró
várt,várta
velő,velős
vért,vértő
vesz,veszt
vétó,vétóz
vita,vitae
vita,vitat
vízi,vízió
volt,volta
vonó,vonós
vonz,vonzó
ráér,ráérő
ráér,ráért
ráfú,ráfúj
ráfú,ráfúr
rágó,rágós
rajt,rajta
ráma,rámar
rang,rangú
ráöl,ráölt
ráüt,ráütő
rázó,rázós
redő,redős
redő,redőz
régi,régió
remi,remiz
rend,rendi
rend,rendű
reng,rengő
rest,resti
riad,riadó
riad,riadt
ring,ringó
rizs,rizsa
ront,rontó
rost,rosta
rugó,rugós
rúgó,rúgós
zene,zenei
zeng,zengő
láng,lángú
lapu,lapul
laza,lazac
lead,leadó
lefő,lefől
lefő,lefőz
lefú,lefúj
lefú,lefúr
légi,légió
légó,légós
leír,leíró
lejt,lejtő
leng,lenge
leng,lengő
lenn,lenni
lent,lenti
leöl,leölt
lesz,lesző
líra,lírai
lógó,lógós
lomb,lombú
lopó,lopós
echó,echós
ejha,ejhaj
ekhó,ekhós
elad,eladó
elei,eleik
elem,elemi
elfő,elfőz
elfú,elfúj
elfú,elfúl
elfú,elfúr
elme,elmer
első,elsős
elél,elélő
elér,elért
előz,előző
elöl,elölt
elüt,elütő
emel,emelt
emel,emelő
emlő,emlős
enyh,enyhe
eped,epeda
erdő,erdős
ered,eredő
eres,eresz
eset,eseti
eset,esett
este,estet
esés,esési
etet,etető
evez,evező
hajó,hajós
hajt,hajtó
hajt,hajtű
hall,hallé
hall,halló
háló,hálóz
hamu,hamus
hang,hanga
hang,hangú
hant,hanta
hant,hanti
hánt,hántó
hány,hányó
harc,harci
hasi,hasis
haza,hazai
hegy,hegyi
hegy,hegyű
héja,héjas
héja,héjaz
hely,helyi
hely,helyt
hint,hinta
hint,hintó
holt,holta
hopp,hoppá
hord,horda
hord,hordó
huny,hunyó
huny,hunyt
húzó,húzós
maga,magas
málé,málés
mari,maris
maró,marós
mars,marsi
megy,megye
méhe,méhes
mell,mellé
mell,mellű
meló,melós
ment,menta
ment,mente
ment,menti
ment,mentő
mérv,mérvű
meze,mezei
mint,minta
moll,molla
mond,monda
mond,mondó
mora,moraj
mozi,mozis
múlt,múlta
muri,muris
műfa,műfaj
műtő,műtős
újul,újult
újév,újévi
újít,újító
sajt,sajtó
sarj,sarjú
sark,sarki
sark,sarkú
savó,savós
segg,seggű
sért,sértő
síró,sírós
soká,sokác
sors,sorsú
spin,spiné
spór,spóra
sújt,sújtó
suny,sunyi
abál,abált
abba,abban
ágyú,ágyús
ágyú,ágyúz
ajtó,ajtós
ájul,ájult
alak,alaki
alak,alakú
alap,alapú
alél,alélt
alfa,alfaj
alja,aljas
alja,aljaz
alpi,alpin
alsó,alsós
alul,aluli
ángy,ángyi
anya,anyag
anya,anyai
anyó,anyós
anyu,anyus
ápol,ápoló
ápol,ápolt
apró,apród
apró,apróz
arab,arabs
árad,áradt
arám,arámi
arat,arató
árul,áruló
átad,átadó
átér,átért
átfő,átfőz
átfú,átfúj
átfú,átfúr
átír,átíró
átló,átlóg
átló,átlós
átöl,átölt
atom,atomi
átüt,átütő
atya,atyai
autó,autós
avat,avató
avul,avult
óhaj,óhajt
ókor,ókori
okoz,okozó
olló,ollóz
omló,omlós
omol,omolt
ónoz,ónozó
orda,ordas
orsó,orsós
orsó,orsóz
oszt,osztó
őrül,őrült
csal,csali
csal,csaló
csap,csapa
csap,csapó
csat,csata
csat,csaté
csat,csatt
cseh,csehó
csel,csele
csen,csend
csen,cseng
cser,csere
csín,csíny
csíp,csípő
csók,csóka
csór,csóró
csőr,csőre
csőr,csőrű
csuk,csuka
éden,édeni
éget,égett
éget,égető
égés,égési
égöv,égövi
élet,életű
épít,építő
éter,éteri
kacs,kacsa
kacs,kacsó
kaja,kajak
kaka,kakaó
kaka,kakas
kaki,kakil
kapa,kapar
kapa,kapat
kapó,kapós
kapu,kapus
karó,karós
karó,karóz
kávé,kávés
kérd,kérdő
késő,késői
késő,későn
kész,készt
kedd,keddi
kedv,kedvű
kell,kellő
kelt,kelta
kelt,kelte
kenu,kenus
kert,kerti
kezd,kezdő
kiad,kiadó
kies,kiesd
kies,kieső
kifő,kifől
kifő,kifőz
kifú,kifúj
kifú,kifúl
kifú,kifúr
kiló,kilóg
kiló,kilós
kiló,kilót
kint,kinti
kiél,kiélt
kiér,kiért
kiír,kiírt
kiöl,kiölt
kiüt,kiütő
kong,kongó
kora,korai
korc,korcs
kord,korda
kord,kordé
kosz,koszt
költ,költő
kösz,köszi
közé,közép
közt,közti
kuka,kukac
kupa,kupac
kupa,kupak
küld,küldő
kürt,kürtő
küzd,küzdő
baja,bajai
bank,banka
bank,banki
bank,bankó
bánt,bántó
bari,barit
báró,bárói
becő,becők
beér,beért
befő,befőz
befú,befúj
befú,befúl
befú,befúr
béke,béken
bele,belei
bele,belel
bele,belep
bele,beles
bele,belez
bent,benti
beöl,beölt
bére,bérel
bére,béres
bére,bérez
betű,betűr
betű,betűs
betű,betűz
bibi,bibis
bíró,bírói
bohó,bohóc
bolt,bolti
boly,bolyh
bont,bontó
bóra,bórax
bors,borsó
ború,borús
bőgő,bőgős
böjt,böjti
büfé,büfés
bütü,bütüz
üdít,üdítő
üdül,üdülő
üget,ügető
ülte,ültet
üveg,üvegű
üzem,üzemi
ugró,ugrós
utaz,utazó
utca,utcai
cent,centi
cink,cinke
comb,combú
zsír,zsíró
gall,gally
gané,ganéj
gané,ganéz
gebe,gebed
gesz,geszt
gomb,gomba
gömb,gömbi
gönc,gönci
gróf,grófi
gumi,gumis
gumi,gumiz
gumó,gumós
gúny,gúnya
guru,gurul
gümő,gümős
güzü,güzül
paca,pacal
páni,pánik
pápa,pápai
part,parte
part,parti
párt,párta
pasa,pasas
pata,patak
peng,penge
peng,pengő
perm,permi
piac,piaci
pici,picik
pihe,piheg
pihe,pihen
piké,pikét
pint,pinty
pipi,pipil
pisi,pisil
pisi,pisis
plán,pláne
poci,pocik
pont,ponty
port,porta
port,portó
prím,príma
pucc,puccs
dali,dalia
dara,darab
daru,darus
deák,deáki
deci,decis
dedó,dedós
déli,délig
derű,derűs
dics,dicső
digó,digóz
dili,dilis
dísz,díszű
dong,donga
dong,dongó
dönt,döntő
dugó,dugós
dúlt,dúlta
szab,szabi
szab,szabó
szag,szagú
száj,szájú
szak,szaka
szak,szaki
szál,szála
szál,száll
szál,szálú
szám,számú
szán,szánt
szar,szaru
szar,szarv
szár,szárú
szed,szedő
szeg,szegő
szeg,szegy
szel,szelő
szél,szélű
szem,szemű
szén,széna
szer,szerb
szer,szerv
szex,szext
szik,szike
szik,sziki
szil,szila
szín,színi
szín,színű
szív,szívó
szív,szívű
szol,szoli
szól,szóló
szop,szopó
szór,szóra
szór,szóró
szór,szórt
szór,szórt
szőr,szőrű
szúr,szúró
szül,szüle
szül,szülő
szűr,szűrő
szűr,szűrt
szűz,szűzi
járt,járta
java,javak
