lyukaszt,lyukasztó
fajtiszt,fajtiszta
faluszél,faluszéli
farizeus,farizeusi
fecskend,fecskendő
fedélzet,fedélzeti
fehérség,fehérségű
fejkendő,fejkendős
fejleszt,fejlesztő
fejlődés,fejlődési
felderít,felderítő
felettes,felettesi
felfedez,felfedező
felfogás,felfogású
felhevül,felhevült
felindul,felindult
felkelte,felkeltet
felkiált,felkiáltó
felkísér,felkísért
fellépte,felléptet
felnevel,felnevelt
felolvas,felolvasó
felszíja,felszíjaz
felsőfok,felsőfokú
feltalál,feltaláló
feltehet,feltehető
feltűnés,feltűnési
felvezet,felvezető
felvidék,felvidéki
felvonta,felvontat
felvétel,felvételi
felügyel,felügyelő
felülete,felületes
felülete,felületet
felüljár,felüljáró
felülmúl,felülmúló
fenntart,fenntartó
fenyeget,fenyegető
filmgyár,filmgyári
fitogtat,fitogtató
fogalmaz,fogalmazó
fogantyú,fogantyús
fogyaszt,fogyasztó
fogászat,fogászati
fojtogat,fojtogató
folyósít,folyósító
fonetika,fonetikai
fordulás,fordulási
forraszt,forrasztó
freccsen,freccsent
frissibe,frissiben
fröccsen,fröccsent
fröcsköl,fröcskölt
fullaszt,fullasztó
félkörív,félkörívű
félreidé,félreidéz
félrerán,félreránt
félreért,félreérte
főiskola,főiskolai
földesúr,földesúri
földrajz,földrajzi
földszag,földszagú
fölkísér,fölkísért
föllobog,föllobogó
föllépte,fölléptet
föltétel,föltétele
fűrészel,fűrészelt
gyámolít,gyámolító
gyanúsít,gyanúsító
tábornok,tábornoki
támaszfa,támaszfal
tanácsos,tanácsosi
tapintás,tapintási
társaság,társasági
társulat,társulati
távolság,távolsági
tébolyul,tébolyult
technika,technikai
tehetség,tehetségű
tekintet,tekintetű
teleélve,teleélvez
tematika,tematikai
tenyészt,tenyésztő
teológia,teológiai
térhatás,térhatású
terjeszt,terjesztő
termelés,termelési
testszag,testszagú
testszín,testszínű
testület,testületi
tikkaszt,tikkasztó
tollazat,tollazatú
továbbér,továbbért
továbbít,továbbító
többször,többszöri
töltöget,töltögető
törölget,törölgető
történés,történész
történet,történeti
túlhevít,túlhevítő
túllépte,túlléptet
túlvilág,túlvilági
idegesít,idegesítő
időjárás,időjárási
időnként,időnkénti
igazgató,igazgatói
implicit,implicite
indukció,indukciós
infláció,inflációs
informál,informált
injekció,injekcióz
internál,internált
internál,internáló
írástudó,írástudói
irtóztat,irtóztató
ismertet,ismertető
vadállat,vadállati
vadászat,vadászati
vadember,vademberi
választó,választói
vállalat,vállalati
válogató,válogatós
vármegye,vármegyei
városház,városháza
vasárnap,vasárnapi
védelmez,védelmező
végighal,végighall
vendéglő,vendéglői
vendéglő,vendéglős
verekedő,verekedős
vezérkar,vezérkari
vezérlés,vezérlésű
vígjáték,vígjátéki
világhír,világhírű
virraszt,virrasztó
visszaad,visszaadó
visszaél,visszaélő
visszaöl,visszaölt
völgyzár,völgyzáró
összefon,összefont
összehúz,összehúzó
összeköt,összekötő
összerak,összerakó
összetol,összetold
összetör,összetört
összever,összevert
összevon,összevont
összezár,összezárt
rábeszél,rábeszélő
rábiccen,rábiccent
rábillen,rábillent
rácuppan,rácuppant
rádobban,rádobbant
rádöbben,rádöbbent
rádörren,rádörrent
rádurran,rádurrant
rákattan,rákattant
Rákóczis,Rákóczisa
rákoppan,rákoppant
ráköszön,ráköszönt
rányomta,rányomtat
rápattan,rápattant
rárobban,rárobbant
rászorul,rászoruló
rászorul,rászorult
rávillan,rávillant
régészet,régészeti
rendelet,rendeleti
rendszám,rendszámú
rendszer,rendszerű
részegít,részegítő
részesül,részesülő
részesül,részesült
reszkető,reszketős
rezervál,rezervált
rezignál,rezignált
rikoltoz,rikoltozó
rovátkol,rovátkolt
zománcoz,zománcozó
leánykor,leánykori
lebillen,lebillent
lecuppan,lecuppant
ledöbben,ledöbbent
ledurran,ledurrant
leereszt,leeresztő
lefejtet,lefejtett
lefoglal,lefoglalt
legutóbb,legutóbbi
lehangol,lehangoló
lehangol,lehangolt
leharcol,leharcolt
lekattan,lekattant
lekoppan,lekoppant
lelebben,lelebbent
lélegzet,lélegzetű
lélektan,lélektani
lelkesül,lelkesült
lendület,lendületű
lenyűgöz,lenyűgöző
lepattan,lepattant
lepörköl,lepörkölt
lepuffan,lepuffant
lepukkan,lepukkant
lerobban,lerobbant
lerokkan,lerokkant
leroppan,leroppant
lesajnál,lesajnáló
leszállt,leszállta
leszerel,leszerelt
leszorít,leszorító
levéltár,levéltári
levillan,levillant
lezökken,lezökkent
lovasság,lovassági
lubickol,lubickoló
egybeköt,egybekötő
egybesül,egybesült
egybevon,egybevonz
egybevág,egybevágó
egyenget,egyengető
egyenlít,egyenlítő
egyeztet,egyeztető
egészség,egészségi
elbeszél,elbeszélő
elbillen,elbillent
elbocsát,elbocsátó
elcsavar,elcsavart
elcsépel,elcsépelt
eldobban,eldobbant
eldurran,eldurrant
elektród,elektróda
elernyed,elernyedt
elfoglal,elfoglalt
elgyötör,elgyötört
eligazít,eligazító
elismert,elismerte
elkattan,elkattant
elképzel,elképzelt
elkészít,elkészítő
elkészül,elkészült
elköszön,elköszönt
ellebben,ellebbent
ellenkér,ellenkérd
ellenpár,ellenpárt
ellenzék,ellenzéki
ellenáll,ellenálló
ellenére,ellenérez
ellobban,ellobbant
elmélyül,elmélyült
elnagyol,elnagyolt
elnökség,elnökségi
elpattan,elpattant
elpuffan,elpuffant
elrejtet,elrejtett
elrekken,elrekkent
elretten,elrettent
elrezzen,elrezzent
elrobban,elrobbant
elroppan,elroppant
elszakad,elszakadt
elszakad,elszakadó
eltartás,eltartási
elterjed,elterjedt
eltompul,eltompult
eltorzul,eltorzult
elutasít,elutasító
elvillan,elvillant
elárusít,elárusító
előfizet,előfizető
előkever,előkevert
előrelát,előrelátó
előretör,előretörő
elősegít,elősegítő
előterem,előteremt
elővétel,elővétele
elővétel,elővételi
előállít,előállító
elöljáró,elöljárói
embertan,embertani
emésztés,emésztési
eperszín,eperszínű
erdészet,erdészeti
ereszalj,ereszalja
erősáram,erősáramú
esztendő,esztendős
evolúció,evolúciós
expanzió,expanziós
explicit,explicite
ezredvég,ezredvégi
hadászat,hadászati
hadvezér,hadvezéri
hajógyár,hajógyári
hajtogat,hajtogató
halászat,halászati
halmazat,halmazati
hamuszín,hamuszínű
hangfogó,hangfogós
hangosít,hangosító
hangrend,hangrendi
hangrend,hangrendű
hangulat,hangulatú
harácsol,harácsoló
háromláb,háromlábú
határidő,határidős
határozó,határozói
hatásfok,hatásfokú
hazaárul,hazaáruló
házasság,házassági
hazavesz,hazaveszt
hegyrajz,hegyrajzi
helyrajz,helyrajzi
helyreál,helyreáll
helyszín,helyszíni
helytáll,helytálló
hengerel,hengerelt
hidegvér,hidegvérű
história,históriai
hosszant,hosszanti
hozzáért,hozzáértő
hozzátol,hozzátold
madártan,madártani
magánjog,magánjogi
magaslat,magaslati
magasság,magassági
magasság,magasságú
magyaráz,magyarázó
magyarít,magyarító
másodfok,másodfokú
megalkot,megalkotó
megcáfol,megcáfolt
megdagad,megdagadt
megenged,megengedő
megfárad,megfáradt
megfelel,megfelelő
meghálál,meghálált
megillet,megillető
megindít,megindító
megindul,megindult
megismer,megismert
megjavul,megjavult
megjelöl,megjelölt
megkéset,megkésett
megkísér,megkísért
megkíván,megkívánt
megkövül,megkövült
meglátta,megláttat
meglepet,meglepett
megművel,megművelt
megragad,megragadó
megragad,megragadt
megrémül,megrémült
megszáll,megszálló
megszáll,megszállt
megszánt,megszánta
megszíva,megszívat
megtalál,megtaláló
megtehet,megtehető
megterem,megteremt
megúszta,megúsztat
megvisel,megviselt
megvonta,megvontat
megzavar,megzavart
megyeház,megyeháza
meggyőze,meggyőzet
meggyőző,meggyőzős
meggyújt,meggyújtó
melegágy,melegágyi
melegház,melegházi
menteget,mentegető
mentesít,mentesítő
menyegző,menyegzői
mérsékel,mérsékelt
metodika,metodikai
mibenlét,mibenléte
modellez,modellező
mosolygó,mosolygós
mulattat,mulattató
munkaidő,munkaidős
muskátli,muskátlis
műfordít,műfordító
működtet,működtető
műveltet,műveltető
művészet,művészeti
sebészet,sebészeti
segélyez,segélyező
selejtez,selejtező
sepreget,sepregető
serpenyő,serpenyős
sérteget,sértegető
sikkaszt,sikkasztó
sorvaszt,sorvasztó
söpröget,söprögető
spondeus,spondeusz
spriccel,spriccelt
stilizál,stilizált
strandol,strandoló
súlypont,súlyponti
abszolút,abszolúte
affektál,affektált
agitáció,agitációs
akadémia,akadémiai
aládúcol,aládúcolt
alapítás,alapítási
alávetet,alávetett
albérlet,albérleti
alkalmaz,alkalmazó
alkaloid,alkaloida
alkirály,alkirályi
alkonyat,alkonyati
állattan,állattani
általvet,általvető
anatómia,anatómiai
aranyfog,aranyfogú
aranyhaj,aranyhajú
arcvonás,arcvonású
árnyalat,árnyalati
árnyalat,árnyalatú
árnyékol,árnyékolt
árvaszék,árvaszéki
aspiráns,aspiránsi
átalakít,átalakító
átbillen,átbillent
átereszt,áteresztő
átérezte,átéreztet
átgondol,átgondolt
áthordoz,áthordozó
átköszön,átköszönt
atlétika,atlétikai
átokvert,átokverte
átrendez,átrendező
átriaszt,átriasztó
átrobban,átrobbant
átszokta,átszoktat
áttétele,áttételes
áttétele,áttételez
átvillan,átvillant
átzökken,átzökkent
azonosít,azonosító
odaszíja,odaszíjaz
odaterem,odateremt
odavetet,odavetett
odavezet,odavezető
offenzív,offenzíva
olimpiás,olimpiász
ólomszín,ólomszínű
oltalmaz,oltalmazó
operáció,operációs
óránként,óránkénti
országút,országúti
ottmarad,ottmaradt
csalogat,csalogató
csapkodó,csapkodós
csattanó,csattanós
csavarás,csavarási
cseppent,cseppentő
cserepez,cserepező
csikorgó,csikorgós
csomagol,csomagoló
csomagol,csomagolt
csoszogó,csoszogós
csúsztat,csúsztató
ébrenlét,ébrenléti
édenkert,édenkerti
éghajlat,éghajlati
életrajz,életrajzi
értelmez,értelmező
észjárás,észjárású
évenként,évenkénti
kacagtat,kacagtató
kanyargó,kanyargós
karamell,karamella
kávészín,kávészínű
kényszer,kényszerű
képernyő,képernyős
képesség,képességű
képvisel,képviselő
képzelet,képzeleti
kérelmez,kérelmező
kézbesít,kézbesítő
keltezés,keltezésű
keményít,keményítő
kezelhet,kezelhető
kibillen,kibillent
kibocsát,kibocsátó
kiböffen,kiböffent
kicserél,kicserélt
kicuppan,kicuppant
kidobban,kidobbant
kidolgoz,kidolgozó
kidurran,kidurrant
kidülled,kidülledt
kielégít,kielégítő
kielégül,kielégült
kísérlet,kísérleti
kifejlet,kifejlett
kifejtet,kifejtett
kifestet,kifestett
kifullad,kifulladt
kihordoz,kihordozó
kijelent,kijelentő
kikattan,kikattant
kiképzés,kiképzési
kikészít,kikészítő
kiköszön,kiköszönt
kilobban,kilobbant
kiművelt,kiművelte
kinagyol,kinagyolt
kincstár,kincstári
kipattan,kipattant
kipróbál,kipróbált
kipukkan,kipukkant
kirajzol,kirajzolt
kirezzen,kirezzent
kirikkan,kirikkant
kirobban,kirobbant
királyné,királynéi
királynő,királynői
kirándul,kiránduló
kiserken,kiserkent
kisváros,kisvárosi
kiszemel,kiszemelt
kiszerel,kiszerelt
kiszorít,kiszorító
kiszárad,kiszáradt
kiterjed,kiterjedt
kitermel,kitermelő
kitérdel,kitérdelt
kitüntet,kitüntető
kivillan,kivillant
kizökken,kizökkent
klastrom,klastromi
koalíció,koalíciós
kohászat,kohászati
kolostor,kolostori
kombinál,kombinált
kopogtat,kopogtató
kopoltyú,kopoltyús
korlátol,korlátolt
korlátoz,korlátozó
kovácsol,kovácsolt
köpönyeg,köpönyegű
körmenet,körmeneti
körüláll,körülálló
körülvet,körülvett
követség,követségi
közbezár,közbezárt
közelebb,közelebbi
középfok,középfokú
középkor,középkori
középkor,középkorú
közérdek,közérdekű
kőzettan,kőzettani
közösség,közösségi
közvetít,közvetítő
krémszín,krémszínű
kutyaház,kutyaházi
különáll,különálló
külváros,külvárosi
bagószag,bagószagú
bágyaszt,bágyasztó
baloldal,baloldali
baloldal,baloldalt
balsiker,balsikerű
barátság,barátsági
barázdál,barázdált
beavatás,beavatási
bebillen,bebillent
beburkol,beburkoló
becuppan,becuppant
becsinál,becsinált
becsípet,becsípett
becsvágy,becsvágyó
bedörren,bedörrent
bedurran,bedurrant
beépítés,beépítési
beereszt,beeresztő
befektet,befektető
befolyás,befolyású
bejelent,bejelentő
bekattan,bekattant
békéltet,békéltető
beképzel,beképzelt
beköszön,beköszönt
belecsen,belecseng
beleélve,beleélvez
beleszán,beleszánt
beleülte,beleültet
belevesz,beleveszt
belobban,belobbant
belváros,belvárosi
beosztás,beosztási
beosztás,beosztású
bepöccen,bepöccent
beriaszt,beriasztó
berobban,berobbant
beroppan,beroppant
besurran,besurranó
beszámol,beszámoló
betűrend,betűrendi
bevillan,bevillant
bevonult,bevonulta
bezökken,bezökkent
biológia,biológiai
birtokos,birtokosi
bizomány,bizományi
bizonyít,bizonyító
biztosít,biztosító
boldogul,boldogult
boltozat,boltozatú
boncolás,boncolási
bonyolít,bonyolító
borotvál,borotvált
borzaszt,borzasztó
bosszant,bosszantó
bútorzat,bútorzatú
bűnbánat,bűnbánati
büntetés,büntetési
ügyesség,ügyességi
uralkodó,uralkodói
címertan,címertani
zsomboly,zsombolya
garantál,garantált
gazdaság,gazdasági
geodézia,geodéziai
gépészet,gépészeti
gondolat,gondolati
granulál,granulált
gravíroz,gravírozó
gumitalp,gumitalpú
pacifist,pacifista
pályázat,pályázati
pártfogó,pártfogói
párthíve,párthívek
pattogat,pattogató
pergamen,pergament
permetez,permetező
pillangó,pillangós
plasztik,plasztika
politika,politikai
porhanyó,porhanyós
porlaszt,porlasztó
próbaidő,próbaidős
provokál,provokáló
provokál,provokált
december,decemberi
defenzív,defenzíva
délelőtt,délelőtti
délkelet,délkeleti
délvidék,délvidéki
deportál,deportált
deprimál,deprimált
dermeszt,dermesztő
diffamál,diffamáló
diffúzió,diffúziós
díszítés,díszítési
divatbáb,divatbábu
diverzió,diverziós
drágaság,drágasági
dugaszol,dugaszoló
dugattyú,dugattyús
duzzaszt,duzzasztó
szabadít,szabadító
szakértő,szakértői
szálloda,szállodai
számítás,számítási
szárnyal,szárnyaló
szárnyal,szárnyalt
szárogat,szárogató
szavatol,szavatolt
szavazat,szavazati
szédelgő,szédelgős
szeletel,szeletelő
szeletel,szeletelt
szelídít,szelídítő
szemközt,szemközti
szentség,szentségi
szeretet,szeretett
szerette,szerettet
szervize,szervizek
szervize,szervizel
szétágaz,szétágazó
szétoszt,szétosztó
szétszed,szétszedő
szétszór,szétszórt
szétszór,szétszórt
szibilla,szibillai
szigetel,szigetelő
szigetel,szigetelt
szinonim,szinonima
szippant,szippantó
szisszen,szisszent
szomszéd,szomszédi
szoptató,szoptatós
szusszan,szusszant
születés,születésű
szüretel,szüretelő
jelenkor,jelenkori
jelenleg,jelenlegi
jelenlét,jelenléti
jelképez,jelképező
jellemez,jellemező
jeremiád,jeremiáda
jóakarat,jóakaratú
jubileum,jubileumi
juttatás,juttatási
