farkasfog,farkasfogó
fegyelmez,fegyelmező
fehérnemű,fehérneműs
feketeáru,feketeárus
felbillen,felbillent
felborzol,felborzolt
felböffen,felböffent
felcukkol,felcukkolt
feldolgoz,feldolgozó
felebarát,felebaráti
felekezet,felekezeti
felfordul,felfordult
felforgat,felforgató
felhangol,felhangolt
felhorkan,felhorkant
feljelent,feljelentő
felkattan,felkattant
felkészül,felkészült
felköszön,felköszönt
fellebben,fellebbent
fellebbez,fellebbező
fellengző,fellengzős
fellobban,fellobbant
felmentet,felmentett
felpattan,felpattant
felpukkan,felpukkant
felrezzen,felrezzent
felriaszt,felriasztó
felrobban,felrobbant
felserken,felserkent
felszólal,felszólaló
felszólít,felszólító
felvigyáz,felvigyázó
felvillan,felvillant
felvillan,felvillanó
felzökken,felzökkent
felülcsap,felülcsapó
fennhéjáz,fennhéjázó
fennmarad,fennmaradó
fenyőszag,fenyőszagú
ferdeszög,ferdeszögű
fiatalkor,fiatalkori
fiatalkor,fiatalkorú
filológia,filológiai
filozófia,filozófiai
fodrászat,fodrászati
folyópart,folyóparti
fonológia,fonológiai
forgalmaz,forgalmazó
forgácsol,forgácsoló
forradalm,forradalmi
fosztogat,fosztogató
frusztrál,frusztrált
fuvarozás,fuvarozási
félbehasí,félbehasít
félreolva,félreolvas
félretehe,félretehet
félreugra,félreugrat
félreérte,félreértet
félsziget,félszigeti
fényképez,fényképező
fénymásol,fénymásolt
fénymásol,fénymásoló
főhadnagy,főhadnagyi
főkertész,főkertészi
fölbillen,fölbillent
földszint,földszinti
fölhorkan,fölhorkant
fölköszön,fölköszönt
föllebben,föllebbent
föllobban,föllobbant
föllobogó,föllobogóz
fölpattan,fölpattant
fölrezzen,fölrezzent
fölrikkan,fölrikkant
fölrobban,fölrobbant
fölserken,fölserkent
fölszarva,fölszarvaz
föltétele,föltételez
fölvillan,fölvillant
fűrészfog,fűrészfogú
gyakorlat,gyakorlati
gyalogság,gyalogsági
gyártmány,gyártmányú
gyerekkor,gyerekkori
gyöngyfog,gyöngyfogú
gyújtogat,gyújtogató
tájjelleg,tájjellegű
tanácsadó,tanácsadói
tanácsház,tanácsháza
tanulmány,tanulmányi
tapasztal,tapasztalt
tárgyalás,tárgyalási
társalgás,társalgási
tartalmaz,tartalmazó
téglaszín,téglaszínű
tekercsel,tekercselő
tekintély,tekintélyi
telenyála,telenyálaz
település,települési
televízió,televíziós
terepszín,terepszínű
természet,természeti
természet,természetű
testalkat,testalkatú
tisztaság,tisztasági
tisztaság,tisztaságú
tisztelet,tiszteleti
tornacipő,tornacipős
túlbillen,túlbillent
túltáplál,túltáplált
túlterhel,túlterhelt
túlzsúfol,túlzsúfolt
ideböffen,ideböffent
idecsatol,idecsatolt
ideológia,ideológiai
idevillan,idevillant
igáskocsi,igáskocsis
illatosít,illatosító
illetőség,illetőségű
illuminál,illuminált
impregnál,impregnált
inspekció,inspekciós
irányítás,irányítási
választás,választási
végbezárt,végbezárta
végigélve,végigélvez
végigszán,végigszánt
végrehajt,végrehajtó
vegyészet,vegyészeti
veszekedő,veszekedős
vezetőség,vezetőségi
vigasztal,vigasztaló
világosít,világosító
világpiac,világpiaci
világszép,világszépe
violaszín,violaszínű
visszadug,visszadugó
visszafej,visszafejt
visszafog,visszafogy
visszahal,visszahall
visszahat,visszaható
visszajár,visszajáró
visszakér,visszakérd
visszatér,visszatérő
visszatér,visszatért
visszatol,visszatold
visszavág,visszavágó
visszavon,visszavonz
visszazár,visszazárt
vizsgálat,vizsgálati
ömlesztet,ömlesztett
önköltség,önköltségi
öntörvény,öntörvényű
összefügg,összefüggő
összegyúr,összegyúró
összeszar,összeszart
összeszór,összeszórt
összetart,összetartó
összeülte,összeültet
összevesz,összeveszt
összezárt,összezárta
rácseppen,rácseppent
rácsúszta,rácsúsztat
ráfüggesz,ráfüggeszd
ráfüggesz,ráfüggeszt
ráismerte,ráismertet
rajtavesz,rajtaveszt
rálöttyen,rálöttyent
rápottyan,rápottyant
ráreccsen,ráreccsent
rátüsszen,rátüsszent
ravataloz,ravatalozó
rendkívül,rendkívüli
rendőrség,rendőrségi
repülőraj,repülőrajt
rosszkedv,rosszkedvű
rózsaszín,rózsaszínű
lágyéktáj,lágyéktáji
lappangás,lappangási
látogatás,látogatási
leblokkol,leblokkolt
lecsattan,lecsattant
lecseppen,lecseppent
lecsökken,lecsökkent
legénység,legénységi
legyengül,legyengült
lehallgat,lehallgató
lehasznál,lehasznált
lekötelez,lekötelező
lelegelte,lelegeltet
leloccsan,leloccsant
lenyugtat,lenyugtató
lépcsőház,lépcsőházi
lepottyan,lepottyant
lerongyol,lerongyolt
letörölte,letöröltet
levelezés,levelezési
egyenként,egyenkénti
egyenlítő,egyenlítői
egyenáram,egyenáramú
egyéniség,egyéniségű
ejtőernyő,ejtőernyős
elaljasul,elaljasult
elcsattan,elcsattant
elcsúszta,elcsúsztat
elcsügged,elcsüggedt
elfedezte,elfedeztet
elfogadta,elfogadtat
elfogatás,elfogatási
elfolyósí,elfolyósít
elfuserál,elfuserált
elgyöngül,elgyöngült
elhatárol,elhatárolt
elhatároz,elhatározó
elismerte,elismertet
elkeserít,elkeserítő
elképeszt,elképesztő
elkészült,elkészülte
elkóborol,elkóborolt
elkülönít,elkülönítő
elkülönül,elkülönült
ellenanya,ellenanyag
elnevezés,elnevezésű
elpazarol,elpazarolt
elpottyan,elpottyant
elpusztul,elpusztult
elrettent,elrettentő
elsatnyul,elsatnyult
elszakadt,elszakadta
elsötétít,elsötétítő
elsüllyed,elsüllyedt
eltávozta,eltávoztat
eltörölte,eltöröltet
elvesztet,elvesztett
elvetemül,elvetemült
elválaszt,elválasztó
előkészít,előkészítő
előpattan,előpattant
elővillan,elővillant
elővétele,elővételez
emigráció,emigrációs
emlékezet,emlékezetű
emlékezés,emlékezési
engesztel,engesztelő
erőszakol,erőszakolt
esthajnal,esthajnali
esztétika,esztétikai
expozíció,expozíciós
ezüstszín,ezüstszínű
hajnyírás,hajnyírási
halálozás,halálozási
harcászat,harcászati
harmadkor,harmadkorú
háromszög,háromszögű
használat,használati
hasznosul,hasznosult
határozat,határozati
hazakísér,hazakísért
házastárs,házastársi
hazavágta,hazavágtat
hazavonta,hazavontat
háztartás,háztartási
hegesztet,hegesztett
hegyvidék,hegyvidéki
helyettes,helyettesi
helyőrség,helyőrségi
helyrehoz,helyrehozó
hepatitis,hepatitisz
hetenként,hetenkénti
hétköznap,hétköznapi
hieroglif,hieroglifa
homlokzat,homlokzati
hosszúság,hosszúsági
hozzászól,hozzászóló
hozzátart,hozzátartó
marasztal,marasztaló
masszíroz,masszírozó
mechanika,mechanikai
megakaszt,megakasztó
megalapoz,megalapozó
megbecsül,megbecsült
megbeszél,megbeszélt
megbiccen,megbiccent
megbillen,megbillent
megbocsát,megbocsátó
megcsinál,megcsinált
megdobban,megdobbant
megdöbben,megdöbbent
megdurran,megdurrant
megérezte,megéreztet
megfigyel,megfigyelő
megfontol,megfontolt
megformál,megformált
meggondol,meggondolt
meggörbül,meggörbült
meghajtás,meghajtású
meghibban,meghibbant
meghiúsul,meghiúsult
meghökken,meghökkent
meghülyül,meghülyült
megjelölt,megjelölte
megkezdet,megkezdett
megkísért,megkísérte
megkoccan,megkoccant
megkoppan,megkoppant
megköszön,megköszönt
meglebben,meglebbent
meglobban,meglobbant
megmentet,megmentett
megmoccan,megmoccant
megmunkál,megmunkált
megőrizte,megőriztet
megörökít,megörökítő
megpukkan,megpukkant
megrendel,megrendelő
megrendel,megrendelt
megrendít,megrendítő
megretten,megrettent
megrezzen,megrezzent
megroppan,megroppant
megsiette,megsiettet
megsínyli,megsínylik
megszakít,megszakító
megszánta,megszántat
megszárít,megszárító
megszólít,megszólító
megszorul,megszorult
megteremt,megteremte
megterhel,megterhelt
megvillan,megvillant
megzavart,megzavarta
megzökken,megzökkent
megzörren,megzörrent
melléknév,melléknévi
melodráma,melodrámai
méltányol,méltányolt
mentesség,mentességi
mennyezet,mennyezeti
mennyiség,mennyiségi
mennyiség,mennyiségű
mindennap,mindennapi
miniszter,miniszteri
mitológia,mitológiai
mondattan,mondattani
motorizál,motorizált
művelődés,művelődési
újjáterem,újjáteremt
újraterem,újrateremt
sarkantyú,sarkantyús
sarkantyú,sarkantyúz
sportszer,sportszerű
sportzakó,sportzakós
stratégia,stratégiai
süllyeszt,süllyesztő
sürgősség,sürgősségi
adásvétel,adásvételi
akusztika,akusztikai
alapszint,alapszintű
alárendel,alárendelő
alárendel,alárendelt
alattvaló,alattvalói
alezredes,alezredesi
állítmány,állítmányi
állványoz,állványozó
anyakönyv,anyakönyvi
anyanyelv,anyanyelvi
anyaszült,anyaszülte
aranyszín,aranyszínű
artikulál,artikulált
ásványtan,ásványtani
aszfaltoz,aszfaltozó
átcsúszta,átcsúsztat
átirányít,átirányító
átolvasta,átolvastat
áttelepül,áttelepült
átvilágít,átvilágító
augusztus,augusztusi
azonosság,azonossági
odadörren,odadörrent
odadurran,odadurrant
odakoccan,odakoccant
odakoppan,odakoppant
odalebben,odalebbent
odaszokta,odaszoktat
odatoppan,odatoppant
odavillan,odavillant
ontológia,ontológiai
országház,országháza
osztályoz,osztályozó
csepegtet,csepegtető
cseppentő,cseppentős
csillapít,csillapító
csillogás,csillogású
csipkézet,csipkézett
csokoládé,csokoládés
csomópont,csomóponti
csontszín,csontszínű
csömöszöl,csömöszölő
csöpögtet,csöpögtető
élelmezés,élelmezési
építkezés,építkezési
építészet,építészeti
építésügy,építésügyi
értékesít,értékesítő
kápráztat,kápráztató
karácsony,karácsonyi
karikaláb,karikalábú
kárörvend,kárörvendő
kataszter,kataszteri
kecsegtet,kecsegtető
kecskeláb,kecskelábú
kérvényez,kérvényező
készenlét,készenléti
készletez,készletező
keménység,keménységű
keresztbe,keresztben
keresztel,keresztelő
kertészet,kertészeti
khakiszín,khakiszínű
kibuggyan,kibuggyant
kicsapong,kicsapongó
kicseppen,kicseppent
kicsillan,kicsillant
kicsinyel,kicsinyell
kicsinyít,kicsinyítő
kicsiszol,kicsiszolt
kicsúszta,kicsúsztat
kiegészít,kiegészítő
kifinomul,kifinomult
kifizette,kifizettet
kifogásol,kifogásolt
kihallgat,kihallgató
kiindulás,kiindulási
kikalapál,kikalapált
kikiáltás,kikiáltási
kiloccsan,kiloccsant
kilöttyen,kilöttyent
kimenetel,kimenetelű
kimustrál,kimustrált
kiművelte,kiműveltet
kinyiffan,kinyiffant
kipirosít,kipirosító
kipottyan,kipottyant
kipróbált,kipróbálta
kirajzolt,kirajzolta
kirekeszt,kirekesztő
királyság,királysági
kisdoktor,kisdoktori
kisebbség,kisebbségi
kisiparos,kisiparosi
kispolgár,kispolgári
kisportol,kisportolt
kiszikkad,kiszikkadt
kiszolgál,kiszolgáló
kitereget,kiteregető
kitámaszt,kitámasztó
kitörölte,kitöröltet
kivitelez,kivitelező
kiállítás,kiállítási
kollégium,kollégiumi
kollektív,kollektíva
komplikál,komplikált
koncepció,koncepciós
kondenzál,kondenzált
konfekció,konfekciós
konvenció,konvenciós
konzervál,konzervált
konyhakés,konyhakész
kormányzó,kormányzói
kozmetika,kozmetikai
kőkorszak,kőkorszaki
körbeháló,körbehálóz
környezet,környezeti
körülülte,körülültet
közbeékel,közbeékelt
közbejött,közbejötte
közbenjár,közbenjáró
középpont,középponti
középszer,középszerű
kukucskál,kukucskáló
külország,külországi
balvégzet,balvégzetű
bántalmaz,bántalmazó
bányászat,bányászati
becsattan,becsattant
becseppen,becseppent
befogadta,befogadtat
begyógyul,begyógyult
begyullad,begyulladt
begyűjtés,begyűjtési
beismerte,beismertet
bekebelez,bekebelező
bekerülés,bekerülési
beköszönt,beköszöntő
beleértet,beleértett
belekever,belekevert
belelépte,beleléptet
beleterem,beleteremt
belevágta,belevágtat
beloccsan,beloccsant
bemocskol,bemocskolt
beolvasta,beolvastat
bepottyan,bepottyant
beragaszt,beragasztó
bereccsen,bereccsent
bérlemény,bérleményi
beruházás,beruházási
beszállít,beszállító
beszerzés,beszerzési
bevilágít,bevilágító
bevonulta,bevonultat
billentyű,billentyűs
birtoklás,birtoklási
bizottság,bizottsági
biztonság,biztonsági
biztonság,biztonságú
bölcselet,bölcseleti
bronztest,bronztestű
bronzszín,bronzszínű
búcsúztat,búcsúztató
üzemeltet,üzemeltető
unokabáty,unokabátya
civilizál,civilizált
cukorgyár,cukorgyári
zsibbaszt,zsibbasztó
gazdagság,gazdagságú
generáció,generációs
geofizika,geofizikai
geometria,geometriai
gimnázium,gimnáziumi
gladiátor,gladiátori
gombolyít,gombolyító
pacsmagol,pacsmagolt
parancsol,parancsoló
parlament,parlamenti
pártfogol,pártfogolt
pattantyú,pattantyús
pedagógia,pedagógiai
plasztika,plasztikai
pneumatik,pneumatika
polgárjog,polgárjogi
pontosság,pontosságú
programoz,programozó
protekció,protekciós
degenerál,degenerált
dekoráció,dekorációs
délnyugat,délnyugati
denaturál,denaturált
derékszög,derékszögű
dezodorál,dezodoráló
digitális,digitálisz
dohányáru,dohányárus
domborzat,domborzati
szabadtér,szabadtéri
szabályoz,szabályozó
szakaszol,szakaszoló
szállítás,szállítási
szándékol,szándékolt
származás,származású
századvég,századvégi
szegecsel,szegecselő
szegélyez,szegélyező
széjjelfő,széjjelfőz
szélesség,szélességi
szemerkél,szemerkélő
szemöldök,szemöldökű
szentírás,szentírási
szenzáció,szenzációs
szerkeszt,szerkesztő
szerkezet,szerkezeti
szervezés,szervezési
szervezet,szervezeti
szervezet,szervezett
szerzetes,szerzetesi
szétszórt,szétszórta
szétszórt,szétszórta
széttagol,széttagolt
szétterül,szétterülő
szikkaszt,szikkasztó
szilárdít,szilárdító
színvonal,színvonalú
szivattyú,szivattyúz
szociális,szociálist
szolgálat,szolgálati
szövetség,szövetségi
sztrájkol,sztrájkoló
szükségel,szükségelt
szülészet,szülészeti
játszótér,játszótéri
jobboldal,jobboldali
jobboldal,jobboldalt
jóindulat,jóindulatú
