forgolódik,morgolódik
férgesedik,mérgesedik
férgesedik,kérgesedik
fennszorul,bennszorul
fenntartat,benntartat
fensőséges,bensőséges
fodrosodik,bodrosodik
fodrozódik,bodrozódik
félegyenes,célegyenes
fagyasztás,fogyasztás
falborítás,felborítás
felaranyoz,fölaranyoz
felautózik,fölautózik
felbattyog,fölbattyog
felbillent,fölbillent
felbolydul,fölbolydul
felbolydít,fölbolydít
felbolygat,fölbolygat
felborogat,fölborogat
felbuggyan,fölbuggyan
felbátorít,fölbátorít
felcicomáz,fölcicomáz
felcikázik,fölcikázik
felcsapong,fölcsapong
felcsattan,fölcsattan
felcsattog,fölcsattog
felcsendül,fölcsendül
felcsenget,fölcsenget
felcsillan,fölcsillan
felcsillog,fölcsillog
felcsiszol,fölcsiszol
felcsoszog,fölcsoszog
felcsuklik,fölcsuklik
felcsíptet,fölcsíptet
felcsönget,fölcsönget
felcsörlőz,fölcsörlőz
felcsörtet,fölcsörtet
felcsúszik,fölcsúszik
feldagaszt,földagaszt
feldarabol,földarabol
feldekorál,földekorál
feldörzsöl,földörzsöl
feldübörög,földübörög
feldühödik,földühödik
felemelget,fölemelget
felemleget,fölemleget
felevickél,fölevickél
felfakaszt,fölfakaszt
felfedezte,fölfedezte
felfekszik,fölfekszik
felfogadás,félfogadás
felforrósí,fölforrósí
felfortyan,fölfortyan
felfoszlik,fölfoszlik
felfrissít,fölfrissít
felfrissül,fölfrissül
felfuvaroz,fölfuvaroz
felfénylik,fölfénylik
felfújódik,fölfújódik
felfúvódik,fölfúvódik
felfűződik,fölfűződik
felgyorsul,fölgyorsul
felgyorsít,fölgyorsít
felgyullad,fölgyullad
felgyógyul,fölgyógyul
felgyógyít,fölgyógyít
felgyújtat,fölgyújtat
felgépesít,fölgépesít
felgöngyöl,fölgöngyöl
felhabosít,fölhabosít
felhabozik,fölhabozik
felhabzsol,fölhabzsol
felhajigál,fölhajigál
felhajszol,fölhajszol
felhajózik,fölhajózik
felhangzik,fölhangzik
felhasogat,fölhasogat
felhasznál,fölhasznál
felhegeszt,fölhegeszt
felhorkant,fölhorkant
felhorzsol,fölhorzsol
felhuzigál,fölhuzigál
felháborít,fölháborít
felhívogat,fölhívogat
felhörpint,fölhörpint
felhúzogat,fölhúzogat
felhúzódik,fölhúzódik
felilleszt,fölilleszt
felingerel,fölingerel
felinteget,fölinteget
felinvitál,fölinvitál
felismerte,fölismerte
feljelenik,följelenik
feljogosít,följogosít
feljárogat,följárogat
feljátszik,följátszik
felkacsint,fölkacsint
felkapcsol,fölkapcsol
felkarikáz,fölkarikáz
felkasíroz,fölkasíroz
felkattint,fölkattint
felkavarog,fölkavarog
felkenődik,fölkenődik
felkerekít,fölkerekít
felkerepel,fölkerepel
felkokszol,fölkokszol
felkurbliz,fölkurbliz
felkurjant,fölkurjant
felkésztet,fölkésztet
felköszönt,fölköszönt
fellapátol,föllapátol
fellebbent,föllebbent
fellicitál,föllicitál
fellobbant,föllobbant
fellobogóz,föllobogóz
fellovagol,föllovagol
fellátogat,föllátogat
fellépcsőz,föllépcsőz
felmagasul,fölmagasul
felmagasít,fölmagasít
felmaródik,fölmaródik
felmelegít,fölmelegít
felmenekül,fölmenekül
felmenetel,fölmenetel
felmereszt,fölmereszt
felmorzsol,fölmorzsol
felmutogat,fölmutogat
felmászkál,fölmászkál
felnyargal,fölnyargal
felnyergel,fölnyergel
felnyurgul,fölnyurgul
felnyársal,fölnyársal
felnyüszít,fölnyüszít
felnöveszt,fölnöveszt
felocsúdik,fölocsúdik
feloldódik,föloldódik
felolvaszt,fölolvaszt
felpasszol,fölpasszol
felpattant,fölpattant
felpattint,fölpattint
felperzsel,fölperzsel
felpezsdít,fölpezsdít
felpezsdül,fölpezsdül
felpillant,fölpillant
felpiperéz,fölpiperéz
felpislant,fölpislant
felpiszkál,fölpiszkál
felpolíroz,fölpolíroz
felpárolog,fölpárolog
felpöccent,fölpöccent
felpúposít,fölpúposít
felragaszt,fölragaszt
felrakodik,fölrakodik
felrakódik,fölrakódik
felreccsen,fölreccsen
felrezzent,fölrezzent
felrikkant,fölrikkant
felrobbant,fölrobbant
felrázódik,fölrázódik
felserkent,fölserkent
felsikkant,fölsikkant
felskiccel,fölskiccel
felspannol,fölspannol
felsugároz,fölsugároz
felszabdal,fölszabdal
felszaggat,fölszaggat
felszarvaz,fölszarvaz
felszentel,fölszentel
felszenved,fölszenved
felszikkad,fölszikkad
felszolgál,fölszolgál
felszurkál,fölszurkál
felszáguld,fölszáguld
felszállít,fölszállít
felszántat,fölszántat
felszökdel,fölszökdel
felszökken,fölszökken
feltakarít,föltakarít
feltelepít,föltelepít
feltelepül,föltelepül
feltetszik,föltetszik
feltevődik,föltevődik
feltisztul,föltisztul
feltolódik,föltolódik
feltornyoz,föltornyoz
feltrappol,föltrappol
feltupíroz,föltupíroz
feltámaszt,föltámaszt
feltámogat,föltámogat
feltételez,föltételez
feltétetik,föltétetik
feltőkésít,föltőkésít
felugraszt,fölugraszt
felvakkant,fölvakkant
felverődik,fölverődik
felvetődik,fölvetődik
felvidámul,fölvidámul
felvidámít,fölvidámít
felvillant,fölvillant
felvilágol,fölvilágol
felvonalaz,fölvonalaz
felvonszol,fölvonszol
felvágódik,fölvágódik
felvásárol,fölvásárol
felvételez,fölvételez
felzászlóz,fölzászlóz
feláldozik,föláldozik
feláldozta,föláldozta
feláramlik,föláramlik
felébreszt,fölébreszt
felélénkít,fölélénkít
felélénkül,fölélénkül
felépíttet,fölépíttet
felérkezik,fölérkezik
felértékel,fölértékel
felőrlődik,fölőrlődik
felöltözik,fölöltözik
felülbírál,fölülbírál
felülhalad,fölülhalad
felülkerül,fölülkerül
felülmarad,fölülmarad
felülnézet,fölülnézet
felütközik,fölütközik
fenntartat,fönntartat
felsőbbség,fensőbbség
fejlesztés,fejvesztés
feldagaszt,felragaszt
felhorzsol,felmorzsol
feliramlik,feláramlik
felkattant,felpattant
felkattint,felpattint
felkepeszt,felrepeszt
felkutatás,felmutatás
fellobbant,felrobbant
feloldozás,feláldozás
felpillant,felvillant
felrikkant,felsikkant
feltételez,felvételez
fonalféreg,fonálféreg
forgáspont,forráspont
fotoriport,fotóriport
félbeharap,félreharap
félbemetsz,félremetsz
földagaszt,fölragaszt
fölhorzsol,fölmorzsol
fölkattint,fölpattint
föllobbant,fölrobbant
fölpillant,fölvillant
fölrikkant,fölsikkant
föltételez,fölvételez
feltörődik,feltűrődik
fogadatlan,fogazatlan
fogadtatás,fogantatás
felcsenget,felcsönget
felcseszik,felcsúszik
felfújódik,felfúródik
felfújódik,felfúvódik
felfúródik,felfúvódik
felkelepel,felkerepel
felkontyol,felkortyol
felpillant,felpislant
feltűnődik,feltűrődik
felverődik,felvetődik
félretetet,félrevetet
fölcsenget,fölcsönget
fölfújódik,fölfúvódik
fölpillant,fölpislant
fölverődik,fölvetődik
felcsönget,felcsörget
felrakodik,felrakódik
félretetet,félretétet
fészeklakó,fészekrakó
fölrakodik,fölrakódik
felcsörget,felcsörtet
felhörpent,felhörpint
felkattant,felkattint
felpattant,felpattint
felépítget,felépíttet
félretehet,félretetet
félreveret,félrevetet
félreveret,félrevezet
félrevetet,félrevezet
fölpattant,fölpattint
fölpöccent,fölpöccint
fellengzés,fellengzős
feltisztel,feltisztul
feltételes,feltételez
felvillant,felvillanó
fiatalkori,fiatalkorú
féloldalas,féloldalaz
félreugrál,félreugrás
fénymásolt,fénymásoló
gyermekfej,gyermektej
gyermekkor,gyermeksor
gyermeklap,gyermeknap
gyermekkar,gyermekkor
takaródzik,vakaródzik
tehetetlen,lehetetlen
tehetséges,lehetséges
tőtávolság,lőtávolság
tatárjárás,határjárás
töltekezik,költekezik
teleakaszt,beleakaszt
telebarmol,belebarmol
telebeszél,belebeszél
telebömböl,belebömböl
telecifráz,belecifráz
telecsobog,belecsobog
telediktál,belediktál
teledöfköd,beledöfköd
teledöngöl,beledöngöl
teleénekel,beleénekel
teleereszt,beleereszt
telefektet,belefektet
telefirkál,belefirkál
telefordít,belefordít
telefuttat,belefuttat
telefüstöl,belefüstöl
teleharsog,beleharsog
telehorkol,belehorkol
telehullat,belehullat
telehullik,belehullik
telekiabál,belekiabál
teleköpköd,beleköpköd
telekörmöl,belekörmöl
telekürtöl,belekürtöl
telelinkel,belelinkel
telelocsol,belelocsol
telenyomat,belenyomat
teleokádik,beleokádik
teleprésel,beleprésel
telepumpál,belepumpál
teleragyog,beleragyog
telerajzol,belerajzol
telerendel,belerendel
telerondít,belerondít
teleröffen,beleröffen
telesikolt,belesikolt
telespékel,belespékel
teleszarik,beleszarik
teleszögez,beleszögez
teletalpal,beletalpal
teletankol,beletankol
teletömköd,beletömköd
teletűzdel,beletűzdel
televagdal,belevagdal
telezsúfol,belezsúfol
terjedelem,gerjedelem
terjesztet,gerjesztet
tipográfia,topográfia
tápvezeték,távvezeték
tehetetlen,temetetlen
tomográfia,topográfia
terjesztés,termesztés
terjesztet,termesztet
terjesztet,terpesztet
termesztet,terpesztet
törölközik,törülközik
túldagaszt,túlragaszt
túlgépesít,túlképesít
túlgépesít,túlnépesít
túlképesít,túlnépesít
túlérkezik,túlétkezik
túltesztel,túltisztel
tovareppen,tovaröppen
továbbfejt,továbblejt
továbbkölt,továbbtölt
térdhajlás,térdhajtás
tollasodik,tollasozik
tovaszakad,tovaszalad
telenyomda,telenyomta
torokfájás,torokfájós
továbbfejt,továbbfest
továbbküld,továbbküzd
tartalékol,tartalékos
természeti,természetű
tisztasági,tisztaságú
továbbutal,továbbutaz
többszörös,többszöröz
tönkremenő,tönkrement
tulajdonol,tulajdonos
túlhatárol,túlhatároz
túlszámlál,túlszámláz
idepillant,idevillant
ilyenfajta,ilyesfajta
idecseppen,idecsöppen
idepillant,idepislant
irányvonal,irányvonat
vakaródzik,takaródzik
végtelenít,légtelenít
veselkedik,leselkedik
völgyecske,hölgyecske
végtelenít,jégtelenít
veselkedik,viselkedik
vádhatóság,vámhatóság
vadtalanít,vastalanít
viaszirány,visszirány
világnyelv,virágnyelv
világtalan,virágtalan
vagonlakás,vagonrakás
végigbotoz,végigmotoz
végigdörög,végiggörög
végigdörög,végigpörög
végigdörög,végigzörög
végigeszik,végigiszik
végigeszik,végigúszik
végigforog,végigmorog
végiggörög,végigpörög
végiggörög,végigzörög
végighebeg,végiglebeg
végighuhog,végigsuhog
végighuhog,végigzuhog
végigiszik,végigúszik
végigkavar,végigzavar
végigkopog,végigtopog
végigköhög,végigröhög
végigkutat,végigmutat
végiglobog,végigrobog
végigomlik,végigömlik
végigporol,végigsorol
végigporoz,végigsoroz
végigpörög,végigzörög
végigsuhan,végigzuhan
végigsuhog,végigzuhog
vezérfonal,vezérvonal
virágállat,virágillat
vándormese,vándorvese
végiglebeg,végiglibeg
végigrepít,végigröpít
végigrepül,végigröpül
végigsivít,végigsüvít
végigsorol,végigsúrol
visszabánt,visszaránt
visszabont,visszaront
visszafagy,visszahagy
visszafejt,visszarejt
visszafogy,visszarogy
visszakölt,visszatölt
visszaleng,visszazeng
visszamárt,visszazárt
visszasért,visszatért
visszatesz,visszavesz
végigbogoz,végigbotoz
végigdalol,végigdanol
végigdöcög,végigdörög
végigdudál,végigdumál
végighalad,végighasad
végigkocog,végigkopog
végiglapít,végiglazít
végigmorog,végigmozog
végigmulat,végigmutat
végigpofoz,végigporoz
végigpöfög,végigpörög
végigremeg,végigrezeg
végigsikít,végigsimít
végigsikít,végigsivít
végigsimít,végigsivít
visszaágaz,visszaáraz
visszabánt,visszabont
visszafagy,visszafogy
visszafejt,visszafojt
visszahall,visszahull
visszaidéz,visszaigéz
visszaránt,visszaront
visszatart,visszatért
visszatilt,visszatölt
visszavesz,visszavisz
végigterel,végigterül
végigvitat,végigvitet
veszekedés,veszekedős
vezérfonal,vezérfonál
visszacsap,visszacsíp
visszafejt,visszafest
visszagyúr,visszagyűr
visszaküld,visszaküzd
visszanyal,visszanyel
visszanyal,visszanyúl
visszanyel,visszanyúl
visszanyer,visszanyír
visszaszed,visszaszid
visszaszór,visszaszúr
visszaszór,visszaszűr
visszaszúr,visszaszűr
visszautal,visszautál
varázsszem,varázsszer
végbezárat,végbezáraz
végighasad,végighasal
végigporol,végigporoz
végigsorol,végigsoroz
végigvizel,végigvizez
véleményes,véleményez
veteményes,veteményez
visszaárad,visszaáraz
visszacsal,visszacsap
visszadöng,visszadönt
visszanyel,visszanyer
visszanyel,visszanyes
visszanyer,visszanyes
visszaszed,visszaszeg
visszaszól,visszaszór
visszatérő,visszatért
vízszintes,vízszintez
öltözködik,öntözködik
összealvad,összeolvad
összeaszik,összeeszik
összeaszik,összeiszik
összeaszik,összeúszik
összedagad,összeragad
összedobog,összerobog
összeeszik,összeiszik
összeeszik,összeúszik
összeforog,összemorog
összegázol,összemázol
összehebeg,összelebeg
összehever,összekever
összehúzat,összezúzat
összeiszik,összeúszik
összejárat,összezárat
összekavar,összezavar
összelehet,összetehet
összeomlik,összeömlik
összesorol,összetorol
összesuhan,összezuhan
összetetet,összevetet
összehozat,összehúzat
összeiszik,összeizzik
összeültet,összeüttet
összebújik,összebúvik
összecseng,összecsöng
összegyújt,összegyűjt
összehabar,összehadar
összehajol,összehatol
összekajál,összekakál
összekapar,összekavar
összekócol,összekódol
összemásol,összemázol
összemorog,összemozog
összeremeg,összerezeg
összeröfög,összeröhög
összesíbol,összesípol
összeszart,összeszórt
összetehet,összetetet
összeülhet,összeültet
összeveret,összevetet
összeveret,összevezet
összevetet,összevezet
összeágyaz,összeágyúz
összeállat,összeállít
összebékél,összebékül
összedobál,összedobol
összegyűjt,összegyűlt
összekakál,összekakil
összelapol,összelapul
összepisál,összepisil
összevetet,összevetít
összeágyal,összeágyaz
összedobog,összedobol
összefogat,összefogaz
összekapar,összekapat
összelehel,összelehet
összenevel,összenevet
összenevel,összenevez
összenevet,összenevez
összeolvad,összeolvas
összerohad,összerohan
összeterel,összeterem
összevizel,összevizez
rektorátus,lektorátus
romtalanít,lomtalanít
rangjelzés,hangjelzés
rosszabbít,hosszabbít
rikoltozik,sikoltozik
romladozik,bomladozik
reformáció,deformáció
remonstrál,demonstrál
rángatózik,ringatózik
referencia,reverencia
rácseppent,rácsippent
ráfreccsen,ráfröccsen
rászeletel,rászemetel
rendelvény,rendezvény
részegedik,részesedik
rálöttyent,rálöttyint
ráolvasgat,ráolvastat
röntgengép,röntgenkép
ráfagyaszd,ráfagyaszt
ráfüggeszd,ráfüggeszt
rendszeres,rendszerez
revolveres,revolverez
zajoskodik,bajoskodik
zörgölődik,dörgölődik
zörömbölés,dörömbölés
lehetetlen,tehetetlen
lehetséges,tehetséges
lőtávolság,tőtávolság
légtelenít,végtelenít
leselkedik,veselkedik
lektorátus,rektorátus
lomtalanít,romtalanít
legerjeszt,megerjeszt
lábkormány,bábkormány
lealkonyul,bealkonyul
leállítgat,beállítgat
leapplikál,beapplikál
learchivál,bearchivál
leárnyékol,beárnyékol
lebandukol,bebandukol
lebarangol,bebarangol
lebélyegez,bebélyegez
lebeszélés,bebeszélés
lebicsakol,bebicsakol
lebilleget,bebilleget
lebirkózik,bebirkózik
lebiztosít,bebiztosít
lebonyolít,bebonyolít
lebotorkál,bebotorkál
lebuszozik,bebuszozik
lecementez,becementez
lecsalogat,becsalogat
lecsapódás,becsapódás
lecsapódik,becsapódik
lecsattant,becsattant
lecsavaroz,becsavaroz
lecseppent,becseppent
lecsippent,becsippent
lecsomagol,becsomagol
lecsövezik,becsövezik
lecsukódik,becsukódik
lecsúszkál,becsúszkál
lecsusszan,becsusszan
lecsúsztat,becsúsztat
ledolgozik,bedolgozik
ledomborít,bedomborít
ledorombol,bedorombol
ledorongol,bedorongol
ledrogozik,bedrogozik
ledugaszol,bedugaszol
leegyeztet,beegyeztet
leeresztet,beeresztet
leeszkábál,beeszkábál
lefagyaszt,befagyaszt
lefátyoloz,befátyoloz
lefecskend,befecskend
lefejlődik,befejlődik
lefektetés,befektetés
lefesteget,befesteget
lefizettet,befizettet
lefogyaszt,befogyaszt
leforraszt,beforraszt
lefröcsköl,befröcsköl
lefullaszt,befullaszt
lefüggeszt,befüggeszt
lefűrészel,befűrészel
lefűszerez,befűszerez
legerjeszt,begerjeszt
legolyózik,begolyózik
legorombít,begorombít
legyakorol,begyakorol
legyalogol,begyalogol
lehajtódik,behajtódik
lehajtogat,behajtogat
lehalászik,behalászik
lehangolás,behangolás
lehasonlít,behasonlít
lehengerel,behengerel
lehesseget,behesseget
leigazodik,beigazodik
leigazolta,beigazolta
leintegrál,beintegrál
leiramodik,beiramodik
leismertet,beismertet
lekacsázik,bekacsázik
lekalauzol,bekalauzol
lekandikál,bekandikál
lekanyarít,bekanyarít
lekaristol,bekaristol
lekecmereg,bekecmereg
lekéredzik,bekéredzik
lekígyózik,bekígyózik
lekínlódik,bekínlódik
lekísértet,bekísértet
lekocogtat,bekocogtat
lekocsizik,bekocsizik
lekonferál,bekonferál
lekopácsol,bekopácsol
lekopogtat,bekopogtat
lekorlátoz,bekorlátoz
lekovácsol,bekovácsol
leköltözik,beköltözik
leköltözte,beköltözte
lekönyököl,bekönyököl
lekönyörög,bekönyörög
leköszörül,beköszörül
leközvetít,beközvetít
lekutyagol,bekutyagol
leleltároz,beleltároz
leliftezik,beliftezik
leloccsant,beloccsant
lelopódzik,belopódzik
lelöttyint,belöttyint
lelövöldöz,belövöldöz
lelyukaszt,belyukaszt
lemágnesez,bemágnesez
lemagyaráz,bemagyaráz
lemaszatol,bemaszatol
lemélyeszt,bemélyeszt
lemérlegel,bemérlegel
lemodellez,bemodellez
lemontíroz,bemontíroz
lemosolyog,bemosolyog
lenyomódik,benyomódik
lenyomorít,benyomorít
lenyugtató,benyugtató
leolvastat,beolvastat
leosztódik,beosztódik
leosztogat,beosztogat
leóvakodik,beóvakodik
leöltöztet,beöltöztet
lepáncéloz,bepáncéloz
lepatakzik,bepatakzik
lepecsétel,bepecsétel
lependerít,bependerít
lependerül,bependerül
lepermetez,bepermetez
lepókhálóz,bepókhálóz
lepokrócoz,bepokrócoz
lepontosít,bepontosít
leporlaszt,beporlaszt
lepottyant,bepottyant
lerakosgat,berakosgat
leraktároz,beraktároz
leráncigál,beráncigál
lerázkódik,berázkódik
lereteszel,bereteszel
lerikácsol,berikácsol
lerittyent,berittyent
lerogyaszt,berogyaszt
lerohangál,berohangál
lerothaszt,berothaszt
lesavanyít,besavanyít
leskálázik,beskálázik
leslattyog,beslattyog
leslisszol,beslisszol
lesodródik,besodródik
lesorjázik,besorjázik
lespriccel,bespriccel
lesprintel,besprintel
lespurizik,bespurizik
lesugárzik,besugárzik
leszabadít,beszabadít
leszabadul,beszabadul
leszakaszt,beszakaszt
leszalagoz,beszalagoz
leszámolás,beszámolás
leszedeget,beszedeget
leszelídül,beszelídül
leszemetel,beszemetel
leszigetel,beszigetel
leszippant,beszippant
leszivárog,beszivárog
leszívódik,beszívódik
leszólogat,beszólogat
leszóródik,beszóródik
leszusszan,beszusszan
leszürcsöl,beszürcsöl
leszüretel,beszüretel
leszűrődik,beszűrődik
letakargat,betakargat
letallózik,betallózik
letámolyog,betámolyog
letántorog,betántorog
letaszigál,betaszigál
letekintet,betekintet
leteljesít,beteljesít
letempózik,betempózik
letenyészt,betenyészt
letessékel,betessékel
letoloncol,betoloncol
letöltődik,betöltődik
letöltöget,betöltöget
letükrözik,betükrözik
levadászik,bevadászik
levágyódik,bevágyódik
leválhatik,beválhatik
levámoltat,bevámoltat
levándorol,bevándorol
levarázsol,bevarázsol
levergődik,bevergődik
levezényel,bevezényel
leviharzik,beviharzik
levirágzik,bevirágzik
levonultat,bevonultat
lezárkózik,bezárkózik
lezongoráz,bezongoráz
lezsugorít,bezsugorít
lezsűrizik,bezsűrizik
lombosodik,dombosodik
légtelenít,jégtelenít
legionista,légionista
ledermeszt,letermeszt
lefogyaszt,lerogyaszt
lemarkíroz,leparkíroz
letakargat,levakargat
lefagyaszt,lefogyaszt
legbeljebb,legfeljebb
lecseppent,lecsippent
lefejteget,lefesteget
legfeljebb,legföljebb
legfentebb,legföntebb
lekocogtat,lekopogtat
lekopácsol,lekovácsol
lerekeszel,lereteszel
lovagjáték,lovasjáték
lefejlődik,lefejtődik
lefesteget,lefeszeget
lekéredzik,lekérődzik
leszakaszt,leszalaszt
leszeletel,leszemetel
letörölget,letörülget
levetkezik,levetkőzik
letörölget,letöröltet
lajstromos,lajstromoz
lehengerel,lehengerez
egyetlenke,ügyetlenke
elasztikus,plasztikus
előfüggöny,esőfüggöny
erélytelen,esélytelen
elkanyarog,elsanyarog
elkottyant,elpottyant
elkérgesít,elmérgesít
elsikkaszt,eltikkaszt
elterjeszt,előerjeszt
elöl-hátul,elül-hátul
elfagyaszt,elfogyaszt
előtételez,elővételez
elbujdosik,elbukdosik
elcsattint,elcsettint
elcsosszan,elcsusszan
elcsászkál,elcsúszkál
elmélkedik,elméskedik
elszenesít,elszínesít
elvégeztet,elvéreztet
elfejlődik,elfejtődik
elfogadott,elfogódott
elkéredzik,elkérődzik
ellenérzés,ellenőrzés
elszakaszt,elszalaszt
elszeletel,elszemetel
elterjeszt,elterpeszt
előredöcög,előregöcög
előrefelez,előrejelez
előrekerül,előremerül
előrelódul,előretódul
elfeledtet,elfelejtet
elfeledtet,elfeleltet
elfelejtet,elfeleltet
elkunyerál,elkunyorál
ellenfizet,ellenfőzet
elrejtezik,elrejtőzik
egybecseng,egybecsöng
elcsattant,elcsattint
elkísérget,elkísértet
ellenkedik,ellenkezik
elolvasgat,elolvastat
elrendelés,elrendezés
elsétálgat,elsétáltat
eltörölget,eltöröltet
előredarál,előredatál
előrehajol,előrehatol
ezüsttálca,ezüsttárca
egybegyűjt,egybegyűlt
elbóbiskol,elbóbiskál
elslisszel,elslisszol
elszéleszt,elszélesít
egybeolvad,egybeolvas
ellenkezel,ellenkezez
ellentétel,ellentétes
előrefelel,előrefelez
előszámlál,előszámláz
engedélyes,engedélyez
eredményes,eredményez
határjárás,tatárjárás
hölgyecske,völgyecske
hangjelzés,rangjelzés
hosszabbít,rosszabbít
hivalkodás,sivalkodás
hivalkodik,sivalkodik
hétméteres,kétméteres
hegyesedik,begyesedik
heherészik,heverészik
hóförgeteg,hógörgeteg
hengeredik,henteredik
határtalan,hatástalan
hazafuttat,hazajuttat
hazahajtat,hazakajtat
hazalötyög,hazazötyög
hátraforog,hátramorog
hátralódul,hátratódul
hozzáböfög,hozzáröfög
hozzáeszik,hozzáúszik
hozzájárul,hozzázárul
hozzálehet,hozzátehet
hátrafelel,hátrafülel
hátrarepül,hátraröpül
hátrasorol,hátrasúrol
hozzáfizet,hozzáfűzet
hozzákerít,hozzákörít
hozzárepül,hozzáröpül
hozzásorol,hozzásúrol
hátrafejel,hátrafelel
hátrahajol,hátrahatol
hátramorog,hátramozog
hazaszakad,hazaszalad
hozzátehet,hozzátetet
harmonikás,harmonikus
hideglelés,hideglelős
hangsúlyos,hangsúlyoz
hangszerel,hangszeres
hazagondol,hazagondoz
hazaszerel,hazaszeret
hazaszerel,hazaszerez
hazaszeret,hazaszerez
historikum,historikus
mérgesedik,férgesedik
morgolódik,forgolódik
megerjeszt,legerjeszt
mérgesedik,kérgesedik
merítőháló,kerítőháló
megerjeszt,begerjeszt
morgolódik,mozgolódik
megalvadás,megolvadás
megalvaszt,megolvaszt
megcsendít,megzsendít
megcsendül,megzsendül
megdagadás,megragadás
megdagadás,megtagadás
megdagaszt,megragaszt
megdarabol,megsarabol
megdobbant,meglobbant
megdörzsöl,megpörzsöl
megérződik,megőrződik
meghajszol,megmajszol
meghorzsol,megmorzsol
meghökkent,megzökkent
megjátszik,meglátszik
megkárosít,megpárosít
megkattint,megpattint
megkoccant,megmoccant
megkoppant,megroppant
megkottyan,meglottyan
megkottyan,megtottyan
megköveszt,megnöveszt
megkukkant,megpukkant
meglapogat,megtapogat
meglottyan,megtottyan
megnépesít,megpépesít
megnyújtat,meggyújtat
megpillant,megvillant
megragadás,megtagadás
megérkezik,megétkezik
megkárosít,megkorosít
megpárosít,megpirosít
megrestell,megröstell
megsiketít,megsüketít
megsiketül,megsüketül
megtesztel,megtisztel
megtörődik,megtűrődik
megcserdít,megcsördít
megcseszik,megcsúszik
megértődik,megérződik
megfejelés,megfelelés
meghalódik,meghatódik
megköpeszt,megköveszt
megnemesít,megnevesít
megőrlődik,megőrződik
megrekeszt,megrepeszt
megtömődik,megtörődik
megverődik,megvetődik
meggyengít,meggyöngít
meggyengül,meggyöngül
mellékerül,melléterül
mérgelődik,mérgeződik
megcsendít,megcserdít
megrakodik,megrakódik
megszínlel,megszívlel
megszoktat,megszoptat
megtetőzik,megtetszik
megcsorbul,megcsordul
megépítget,megépíttet
megérdekel,megérdemel
megfogódik,megfogózik
megkoppant,megkoppint
megpöccent,megpöccint
megsikerül,megsiketül
mellétehet,mellétemet
melléülhet,melléültet
mártogatás,mártogatós
megcsonkol,megcsonkul
megkövesít,megköveszt
megpiszkál,megpiszkol
megsüketel,megsüketül
megtisztel,megtisztul
megvizitál,megvizitel
megvonalaz,megvonaloz
meghatárol,meghatároz
meglottyad,meglottyan
meglöttyed,meglöttyen
megrendelő,megrendelt
megszemlél,megszemléz
megvásárol,megvásároz
mennyiségi,mennyiségű
mindenhova,mindenhová
újraboltoz,újrafoltoz
újrafajzik,újrarajzik
újragombol,újratombol
újrafektet,újrafestet
újjáalakít,újjáalapít
újjászemez,újjászerez
újraalakít,újraalapít
újrahangol,újrahantol
újraszámít,újraszárít
újraterhel,újratermel
újraformál,újraformáz
újrarendel,újrarendez
újraszerel,újraszeret
újraszerel,újraszerez
újraszeret,újraszerez
újraszámol,újraszámoz
sikoltozik,rikoltozik
sivalkodás,hivalkodás
sivalkodik,hivalkodik
sárkányfej,sárkánytej
sarkantyús,sarkantyúz
specifikum,specifikus
árrendszer,érrendszer
abszorbeál,adszorbeál
abszorpció,adszorpció
anyáskodik,atyáskodik
áralakulás,átalakulás
árszámítás,átszámítás
átkontíroz,átmontíroz
átkopogtat,átropogtat
átfagyaszt,átfogyaszt
áruterítés,árutérítés
átfejtődik,átfestődik
átkocogtat,átkopogtat
átszóródik,átszúródik
agyoneszik,agyoniszik
agyongázol,agyonmázol
átfejlődik,átfejtődik
átszakaszt,átszalaszt
agyondobál,agyondotál
agyonköröz,agyonkötöz
agyonmásol,agyonmázol
átolvasgat,átolvastat
aranyszínű,aranyszívű
agyonnevel,agyonnevet
agyonvasal,agyonvasaz
alárendelő,alárendelt
antikizáló,antikizált
asszonynép,asszonynév
átcsavarog,átcsavaroz
átszövegel,átszövegez
odaböffent,odapöffent
odajátszik,odalátszik
odakattint,odapattint
odakoppant,odatoppant
odaloccsan,odatoccsan
odapillant,odavillant
olyanforma,olyasforma
odacseppen,odacsöppen
odacserdít,odacsördít
odacseszik,odacsúszik
odakucorog,odakuporog
odapillant,odapislant
odaverődik,odavetődik
odacsendít,odacserdít
odakoccant,odakoccint
odakoppant,odakoppint
odapiszkál,odapiszkol
odatapaszd,odatapaszt
csodálatos,csudálatos
cselekmény,cselekvény
érrendszer,árrendszer
éghetetlen,élhetetlen
értéktelen,érzéktelen
érdektelen,érdemtelen
érzéktelen,érzéstelen
észrevetet,észrevétet
észrevétel,észrevétet
kérgesedik,férgesedik
költekezik,töltekezik
kétméteres,hétméteres
kérgesedik,mérgesedik
kerítőháló,merítőháló
képállvány,gépállvány
képcsarnok,gépcsarnok
kereskedik,pereskedik
kereskedés,pereskedés
kászálódik,kuszálódik
kacarászik,kaparászik
kereskedik,kezeskedik
kikontíroz,kimontíroz
kikopogtat,kiropogtat
kikottyant,kilottyant
kikottyant,kipottyant
kilottyant,kipottyant
kitakargat,kivakargat
körbeállít,közbeállít
körbeköhög,közbeköhög
körbetámad,közbetámad
kádármunka,kádermunka
kifagyaszt,kifogyaszt
kiédesedik,kiélesedik
kiadmányoz,kiadványoz
kicseppent,kicsippent
kifejteget,kifesteget
kifreccsen,kifröccsen
kikopácsol,kikovácsol
kiszorítás,kiszárítás
kiszóródik,kiszúródik
kivégeztet,kivéreztet
kofálkodik,kofáskodik
kísérletes,kísértetes
kifejlődik,kifejtődik
kifesteget,kifeszeget
kiszakaszt,kiszalaszt
kiszeletel,kiszemetel
kiszámítás,kiszárítás
kiterjeszt,kitermeszt
kiterjeszt,kiterpeszt
kitermeszt,kiterpeszt
kitörölget,kitörülget
körbeeszik,körbeiszik
körbeeszik,körbeúszik
körbehasal,körbevasal
körbeiszik,körbeúszik
körbekopog,körbetopog
körbeköhög,körberöhög
körbekutat,körbemutat
körbelebeg,körberebeg
körüleszik,körülúszik
körüljárat,körülzárat
körülkutat,körülmutat
kikontíroz,kikontúroz
kikunyerál,kikunyorál
körberepül,körberöpül
körülvetet,körülvétet
körülvetet,körülvitet
körülvétet,körülvitet
kupeckedik,kupeckodik
kijavítgat,kijavíttat
kikeresget,kikerestet
kilöttyent,kilöttyint
kitekinget,kitekintet
kitörölget,kitöröltet
kiállítgat,kiállíttat
kommunikál,kommunizál
kölcsönkér,kölcsönmér
kölcsönkér,kölcsönmér
kölcsöntét,kölcsönvét
körbeülhet,körbeültet
körbevágat,körbevájat
körüldönög,körüldörög
körülülhet,körülültet
körülvetet,körülvezet
különülhet,különültet
kakastaraj,kakastaréj
kiszótáraz,kiszótároz
kölcsönhat,kölcsönhit
körbedobál,körbedobol
körüldobál,körüldobol
körülzárol,körülzárul
kalapácsol,kalapácsos
kipletykál,kipletykáz
kölcsönhal,kölcsönhat
kvártélyos,kvártélyoz
bennszorul,fennszorul
benntartat,fenntartat
bensőséges,fensőséges
bodrosodik,fodrosodik
bodrozódik,fodrozódik
beleakaszt,teleakaszt
belebarmol,telebarmol
belebeszél,telebeszél
belebömböl,telebömböl
belecifráz,telecifráz
belecsobog,telecsobog
belediktál,telediktál
beledöfköd,teledöfköd
beledöngöl,teledöngöl
beleénekel,teleénekel
beleereszt,teleereszt
belefektet,telefektet
belefirkál,telefirkál
belefordít,telefordít
belefuttat,telefuttat
belefüstöl,telefüstöl
beleharsog,teleharsog
belehorkol,telehorkol
belehullat,telehullat
belehullik,telehullik
belekiabál,telekiabál
beleköpköd,teleköpköd
belekörmöl,telekörmöl
belekürtöl,telekürtöl
belelinkel,telelinkel
belelocsol,telelocsol
belenyomat,telenyomat
beleokádik,teleokádik
beleprésel,teleprésel
belepumpál,telepumpál
beleragyog,teleragyog
belerajzol,telerajzol
belerendel,telerendel
belerondít,telerondít
beleröffen,teleröffen
belesikolt,telesikolt
belespékel,telespékel
beleszarik,teleszarik
beleszögez,teleszögez
beletalpal,teletalpal
beletankol,teletankol
beletömköd,teletömköd
beletűzdel,teletűzdel
belevagdal,televagdal
belezsúfol,telezsúfol
bomladozik,romladozik
bajoskodik,zajoskodik
bábkormány,lábkormány
bealkonyul,lealkonyul
beállítgat,leállítgat
beapplikál,leapplikál
bearchivál,learchivál
beárnyékol,leárnyékol
bebandukol,lebandukol
bebarangol,lebarangol
bebélyegez,lebélyegez
bebeszélés,lebeszélés
bebicsakol,lebicsakol
bebilleget,lebilleget
bebirkózik,lebirkózik
bebiztosít,lebiztosít
bebonyolít,lebonyolít
bebotorkál,lebotorkál
bebuszozik,lebuszozik
becementez,lecementez
becsalogat,lecsalogat
becsapódás,lecsapódás
becsapódik,lecsapódik
becsattant,lecsattant
becsavaroz,lecsavaroz
becseppent,lecseppent
becsippent,lecsippent
becsomagol,lecsomagol
becsövezik,lecsövezik
becsukódik,lecsukódik
becsúszkál,lecsúszkál
becsusszan,lecsusszan
becsúsztat,lecsúsztat
bedolgozik,ledolgozik
bedomborít,ledomborít
bedorombol,ledorombol
bedorongol,ledorongol
bedrogozik,ledrogozik
bedugaszol,ledugaszol
beegyeztet,leegyeztet
beeresztet,leeresztet
beeszkábál,leeszkábál
befagyaszt,lefagyaszt
befátyoloz,lefátyoloz
befecskend,lefecskend
befejlődik,lefejlődik
befektetés,lefektetés
befesteget,lefesteget
befizettet,lefizettet
befogyaszt,lefogyaszt
beforraszt,leforraszt
befröcsköl,lefröcsköl
befullaszt,lefullaszt
befüggeszt,lefüggeszt
befűrészel,lefűrészel
befűszerez,lefűszerez
begerjeszt,legerjeszt
begolyózik,legolyózik
begorombít,legorombít
begyakorol,legyakorol
begyalogol,legyalogol
behajtódik,lehajtódik
behajtogat,lehajtogat
behalászik,lehalászik
behangolás,lehangolás
behasonlít,lehasonlít
behengerel,lehengerel
behesseget,lehesseget
beigazodik,leigazodik
beigazolta,leigazolta
beintegrál,leintegrál
beiramodik,leiramodik
beismertet,leismertet
bekacsázik,lekacsázik
bekalauzol,lekalauzol
bekandikál,lekandikál
bekanyarít,lekanyarít
bekaristol,lekaristol
bekecmereg,lekecmereg
bekéredzik,lekéredzik
bekígyózik,lekígyózik
bekínlódik,lekínlódik
bekísértet,lekísértet
bekocogtat,lekocogtat
bekocsizik,lekocsizik
bekonferál,lekonferál
bekopácsol,lekopácsol
bekopogtat,lekopogtat
bekorlátoz,lekorlátoz
bekovácsol,lekovácsol
beköltözik,leköltözik
beköltözte,leköltözte
bekönyököl,lekönyököl
bekönyörög,lekönyörög
beköszörül,leköszörül
beközvetít,leközvetít
bekutyagol,lekutyagol
beleltároz,leleltároz
beliftezik,leliftezik
beloccsant,leloccsant
belopódzik,lelopódzik
belöttyint,lelöttyint
belövöldöz,lelövöldöz
belyukaszt,lelyukaszt
bemágnesez,lemágnesez
bemagyaráz,lemagyaráz
bemaszatol,lemaszatol
bemélyeszt,lemélyeszt
bemérlegel,lemérlegel
bemodellez,lemodellez
bemontíroz,lemontíroz
bemosolyog,lemosolyog
benyomódik,lenyomódik
benyomorít,lenyomorít
benyugtató,lenyugtató
beolvastat,leolvastat
beosztódik,leosztódik
beosztogat,leosztogat
beóvakodik,leóvakodik
beöltöztet,leöltöztet
bepáncéloz,lepáncéloz
bepatakzik,lepatakzik
bepecsétel,lepecsétel
bependerít,lependerít
bependerül,lependerül
bepermetez,lepermetez
bepókhálóz,lepókhálóz
bepokrócoz,lepokrócoz
bepontosít,lepontosít
beporlaszt,leporlaszt
bepottyant,lepottyant
berakosgat,lerakosgat
beraktároz,leraktároz
beráncigál,leráncigál
berázkódik,lerázkódik
bereteszel,lereteszel
berikácsol,lerikácsol
berittyent,lerittyent
berogyaszt,lerogyaszt
berohangál,lerohangál
berothaszt,lerothaszt
besavanyít,lesavanyít
beskálázik,leskálázik
beslattyog,leslattyog
beslisszol,leslisszol
besodródik,lesodródik
besorjázik,lesorjázik
bespriccel,lespriccel
besprintel,lesprintel
bespurizik,lespurizik
besugárzik,lesugárzik
beszabadít,leszabadít
beszabadul,leszabadul
beszakaszt,leszakaszt
beszalagoz,leszalagoz
beszámolás,leszámolás
beszedeget,leszedeget
beszelídül,leszelídül
beszemetel,leszemetel
beszigetel,leszigetel
beszippant,leszippant
beszivárog,leszivárog
beszívódik,leszívódik
beszólogat,leszólogat
beszóródik,leszóródik
beszusszan,leszusszan
beszürcsöl,leszürcsöl
beszüretel,leszüretel
beszűrődik,leszűrődik
betakargat,letakargat
betallózik,letallózik
betámolyog,letámolyog
betántorog,letántorog
betaszigál,letaszigál
betekintet,letekintet
beteljesít,leteljesít
betempózik,letempózik
betenyészt,letenyészt
betessékel,letessékel
betoloncol,letoloncol
betöltődik,letöltődik
betöltöget,letöltöget
betükrözik,letükrözik
bevadászik,levadászik
bevágyódik,levágyódik
beválhatik,leválhatik
bevámoltat,levámoltat
bevándorol,levándorol
bevarázsol,levarázsol
bevergődik,levergődik
bevezényel,levezényel
beviharzik,leviharzik
bevirágzik,levirágzik
bevonultat,levonultat
bezárkózik,lezárkózik
bezongoráz,lezongoráz
bezsugorít,lezsugorít
bezsűrizik,lezsűrizik
begyesedik,hegyesedik
begerjeszt,megerjeszt
búslakodik,dúslakodik
bérosztály,bőrosztály
bebumlizik,berumlizik
befogyaszt,berogyaszt
begerjeszt,beterjeszt
begöndörít,bepöndörít
behallózik,betallózik
behintázik,betintázik
bodrosodik,bokrosodik
bomladozik,botladozik
beédesedik,beélesedik
befagyaszt,befogyaszt
besározott,besorozott
becseppent,becsippent
becsosszan,becsusszan
bekocogtat,bekopogtat
bekopácsol,bekovácsol
belebarmol,belekarmol
belebújtat,belefújtat
beleburkol,belehurkol
belecuppan,belehuppan
beledobban,belelobban
beledobban,belerobban
beledördül,belegördül
beledugdos,belerugdos
beleevődik,beleévődik
belefecseg,belerecseg
belefeszít,beleveszít
belefordul,belemordul
belefurkál,beleturkál
belefuttat,belejuttat
belegörget,belepörget
belehegyez,belejegyez
belehegyez,belelegyez
belehorkol,beletorkol
belehümmög,belezümmög
belejajdul,belesajdul
belejegyez,belelegyez
belekattan,belepattan
belekoccan,belemoccan
belekoppan,beleroppan
belekoppan,beletoppan
belekotyog,belepotyog
beleláncol,beletáncol
belelendít,belezendít
belelendül,belerendül
belelendül,belezendül
belelenget,belepenget
belelobban,belerobban
belepillog,belevillog
belerendül,belezendül
belerikolt,belesikolt
beleroppan,beletoppan
belesuhint,belezuhint
beszóródik,beszúródik
bohóckodik,bohóskodik
becurikkol,becurukkol
belebujtat,belebújtat
belefirkál,belefurkál
belehorkol,belehurkol
belerángat,beleringat
belerikkan,belerokkan
beletankol,beletunkol
beletérdel,beletördel
beterjeszt,beterpeszt
balettezik,balettozik
belebujtat,belebuktat
belecsorog,belecsurog
beledöndül,beledördül
beledöngöl,beledörgöl
belehegyez,belehelyez
belemordul,belemozdul
belenyílik,belenyúlik
belepillog,belepislog
belerendül,belerezdül
beleszokik,beleszökik
becsattant,becsattint
becsiripel,becsirizel
belecsobog,belecsorog
belecsöpög,belecsörög
belegörbül,belegördül
belehorgol,belehorkol
belehurcol,belehurkol
belekarcol,belekarmol
beleszakad,beleszalad
beleszedet,beleszeret
beleszokik,beleszopik
betekinget,betekintet
belerendel,belerendül
beválhatik,beválhatok
beárnyékol,beárnyékoz
becsavarog,becsavaroz
befagyaszd,befagyaszt
befolyásol,befolyásos
befüggeszd,befüggeszt
behorpaszd,behorpaszt
bekorlátol,bekorlátoz
beleformál,beleformáz
belelocsog,belelocsol
belemormog,belemormol
belepukkad,belepukkan
belerendel,belerendez
beleszerel,beleszeret
beleszögel,beleszögez
bezománcol,bezománcoz
biztonsági,biztonságú
ügyetlenke,egyetlenke
üdülőtelek,üdülőtelep
utánagázol,utánamázol
utánakutat,utánamutat
célegyenes,félegyenes
cégjegyzék,cégjegyzés
zsindelyes,zsindelyez
gerjedelem,terjedelem
gerjesztet,terjesztet
gépállvány,képállvány
gépcsarnok,képcsarnok
göndörödik,pöndörödik
gázturbina,gőzturbina
granuláció,gratuláció
galambbegy,galambhegy
gondolkodó,gondolkozó
plasztikus,elasztikus
pereskedés,kereskedés
pereskedik,kereskedik
pöndörödik,göndörödik
perlekedik,pörlekedik
prepozíció,propozíció
pálhalevél,pálmalevél
processzor,professzor
parasztbor,parasztsor
pénzforgás,pénzforrás
pamutfonal,pamutfonál
pamutfonál,pamutfonás
deformáció,reformáció
demonstrál,remonstrál
dörgölődik,zörgölődik
dörömbölés,zörömbölés
dombosodik,lombosodik
dúslakodik,búslakodik
domborodik,dombosodik
dörgölődik,dörgölőzik
szegesdrót,szögesdrót
szenesedik,színesedik
szagosodik,szakosodik
szakadozik,szaladozik
szegélyzet,személyzet
szegénység,szerénység
szemelvény,szerelvény
szemesedik,szenesedik
szerológia,szexológia
szerkezeti,szervezeti
szétbarmol,szétkarmol
szétbomlik,szétromlik
szétbontat,szétvontat
szétfeszít,szétveszít
szétfurkál,szétturkál
szétgörget,szétpörget
szétköpköd,szétröpköd
szétlebben,szétrebben
szétosztat,szétúsztat
szétrombol,széttombol
szétkószál,szétkuszál
szétlebben,szétlibben
szóragozás,szórakozás
széjjelhúz,széjjelzúz
széjjeljár,széjjeltár
széjjelkúr,széjjeltúr
széjjellép,széjjeltép
széjjelrág,széjjelvág
szembehány,szembehuny
szemlélget,szemléltet
szétcsahol,szétcsatol
szétkarcol,szétkarmol
szétoszlat,szétosztat
szétporhad,szétporlad
szétporlik,szétporzik
szétszakad,szétszalad
szétszedet,szétszeret
szétterhel,széttermel
széjjelrág,széjjelrúg
széjjeltár,széjjeltör
széjjeltár,széjjeltúr
széjjeltör,széjjeltúr
szembeszel,szembeszül
szaxofonos,szaxofonoz
százalékol,százalékos
széjjelrág,széjjelráz
széjjelver,széjjelvet
szembeszeg,szembeszel
szentségel,szentséges
szervezeti,szervezett
szétpukkad,szétpukkan
szétszerel,szétszeret
szomszédol,szomszédos
szorgalmas,szorgalmaz
jégtelenít,végtelenít
jégtelenít,légtelenít
jószerével,jószerivel
javadalmas,javadalmaz
jobboldali,jobboldalt
