dzs,Dzs
Dzs,dzs
far,tar
fej,tej
fok,tok
fúl,túl
fúr,túr
fáj,táj
fél,tél
fér,tér
fűz,tűz
fon,ion
faj,vaj
far,var
fon,von
fád,vád
fáj,váj
fél,vél
fér,vér
faj,raj
fém,rém
faj,zaj
fen,zen
fej,lej
fel,lel
fen,len
fék,lék
faj,haj
fal,hal
fej,hej
fiú,hiú
fon,hon
fuj,huj
fúr,húr
fáj,háj
főn,hőn
fűt,hűt
far,mar
fez,mez
fos,mos
fór,mór
fáj,máj
fás,más
fér,mér
fűt,műt
fok,sok
fut,sut
fás,sás
fül,sül
far,kar
fel,kel
fen,ken
fos,kos
fór,kór
fúr,kúr
fád,kád
fék,kék
fél,kél
fém,kém
fér,kér
föd,köd
faj,baj
fal,bal
far,bar
fej,bej
fog,bog
fon,bon
fór,bór
fúj,búj
fúr,búr
fáj,báj
fél,bél
fér,bér
fűz,bűz
fal,cal
fos,cos
fél,cél
fél,gél
fém,gém
főz,gőz
fej,pej
fia,pia
fór,pór
fék,pék
fér,pér
fal,dal
fia,dia
fog,dog
fór,dór
fúl,dúl
fúr,dúr
fél,dél
fér,dér
fől,dől
fűt,dűt
faj,jaj
fel,jel
fen,jen
fog,jog
fuj,juj
fut,jut
faj,fej
faj,fuj
faj,fúj
faj,fáj
fal,fel
fal,fúl
fal,fél
fal,fől
fal,föl
fal,fül
far,fór
far,fur
far,fúr
far,fér
fax,fix
fed,fád
fed,föd
fej,fuj
fej,fúj
fej,fáj
fel,fúl
fel,fél
fel,fől
fel,föl
fel,fül
fen,fon
fen,főn
fez,főz
fez,fűz
fok,fék
fon,főn
fos,fás
fór,fur
fór,fúr
fór,fér
fuj,fúj
fuj,fáj
fur,fúr
fur,fér
fut,fűt
fúj,fáj
fúl,fél
fúl,fől
fúl,föl
fúl,fül
fúr,fér
fád,föd
fél,fől
fél,föl
fél,fül
fől,föl
fől,fül
főz,fűz
föl,fül
faj,fal
faj,far
faj,fax
fal,far
fal,fax
far,fax
fed,fej
fed,fel
fed,fen
fed,fez
fej,fel
fej,fen
fej,fez
fel,fen
fel,fez
fen,fez
fia,fix
fia,fiú
fix,fiú
fog,fok
fog,fon
fog,fos
fok,fon
fok,fos
fon,fos
fuj,fur
fuj,fut
fur,fut
fúj,fúl
fúj,fúr
fúl,fúr
fád,fáj
fád,fás
fáj,fás
fék,fél
fék,fém
fék,fér
fél,fém
fél,fér
fém,fér
fől,főn
fől,főz
főn,főz
föd,föl
fűt,fűz
táj,fáj
tar,far
tej,fej
tél,fél
tér,fér
tok,fok
túl,fúl
túr,fúr
tűz,fűz
tág,vág
táj,váj
tan,van
tar,var
tár,vár
tél,vél
tér,vér
tét,vét
tíz,víz
tag,rag
tág,rág
tét,rét
top,rop
táp,záp
tár,zár
töm,zöm
táp,láp
tat,lat
tát,lát
tej,lej
tép,lép
tét,lét
tik,lik
top,lop
tót,lót
tök,lök
tág,hág
táj,háj
tál,hál
tat,hat
tát,hát
tej,hej
tét,hét
tol,hol
túr,húr
tag,mag
táj,máj
tar,mar
tár,már
tér,mér
tol,mol
tál,sál
táp,sáp
tár,sár
táv,sáv
tok,sok
tor,sor
tör,sör
tan,kan
tar,kar
tár,kár
tél,kél
tép,kép
tér,kér
tor,kor
tör,kör
tőr,kőr
túr,kúr
tűr,kűr
táj,báj
tál,bál
tar,bar
tár,bár
tej,bej
tél,bél
tér,bér
tíz,bíz
tor,bor
tök,bök
tőr,bőr
túr,búr
tűz,bűz
tár,cár
tél,cél
tol,col
tát,gát
tél,gél
tép,gép
tót,gót
tár,pár
tát,pát
tej,pej
tép,pép
tér,pér
top,pop
tor,por
tök,pök
tör,pör
tag,dag
tél,dél
tér,dér
túl,dúl
túr,dúr
tár,jár
tót,jót
tag,tág
táj,tej
tál,tél
tál,tol
tál,túl
táp,tép
táp,top
tar,tár
tar,tér
tar,tor
tar,tör
tar,tőr
tar,túr
tar,tűr
tár,tér
tár,tor
tár,tör
tár,tőr
tár,túr
tár,tűr
tat,tát
tat,tét
tat,tót
tát,tét
tát,tót
tél,tol
tél,túl
tép,top
tér,tor
tér,tör
tér,tőr
tér,túr
tér,tűr
tét,tót
tik,tok
tik,tök
tíz,tűz
tok,tök
tol,túl
tor,tör
tor,tőr
tor,túr
tor,tűr
tör,tőr
tör,túr
tör,tűr
tőr,túr
tőr,tűr
túr,tűr
tag,tan
tag,tar
tag,tat
tág,táj
tág,tál
tág,táp
tág,tár
tág,tát
tág,táv
táj,tál
táj,táp
táj,tár
táj,tát
táj,táv
tál,táp
tál,tár
tál,tát
tál,táv
tan,tar
tan,tat
táp,tár
táp,tát
táp,táv
tar,tat
tár,tát
tár,táv
tát,táv
tea,tej
tél,tép
tél,tér
tél,tét
tép,tér
tép,tét
tér,tét
tok,tol
tok,top
tok,tor
tol,top
tol,tor
top,tor
tök,töm
tök,tör
töm,tör
tud,tus
túl,túr
tűr,tűz
ion,fon
irt,írt
írt,irt
ion,von
int,önt
így,egy
íme,eme
ion,hon
így,úgy
iga,aga
így,agy
így,ágy
ima,ama
ipa,apa
irt,árt
írt,árt
ily,oly
int,ont
itt,ott
ivó,óvó
isi,ősi
irt,ért
írt,ért
ion,bon
ide,üde
így,ügy
int,unt
ide,ige
ifi,isi
iga,ima
iga,ipa
így,íny
ima,ipa
int,irt
int,itt
irt,itt
ívű,ízű
ide,ido
ide,idő
ido,idő
iga,ige
ind,ing
ind,int
ing,int
író,írt
vád,fád
vaj,faj
váj,fáj
var,far
vél,fél
vér,fér
von,fon
vág,tág
váj,táj
van,tan
var,tar
vár,tár
vél,tél
vér,tér
vét,tét
víz,tíz
von,ion
vad,rad
vág,rág
vaj,raj
vak,rak
váz,ráz
vég,rég
vés,rés
vét,rét
vaj,zaj
vár,zár
vak,lak
vám,lám
váz,láz
vég,lég
vét,lét
vív,lív
vad,had
vág,hág
vaj,haj
váj,háj
vám,hám
vas,has
váz,ház
vét,hét
víg,híg
vív,hív
von,hon
váj,máj
var,mar
vár,már
váz,máz
vég,még
vén,mén
ver,mer
vér,mér
víg,míg
vár,sár
vas,sas
vád,kád
van,kan
var,kar
vár,kár
vas,kas
vél,kél
vén,kén
vér,kér
vés,kés
vaj,baj
váj,báj
vak,bak
var,bar
vár,bár
vég,bég
vél,bél
vér,bér
víz,bíz
von,bon
vár,cár
vég,cég
vél,cél
vet,cet
váz,gáz
vél,gél
vén,gén
vad,pad
vár,pár
ver,per
vér,pér
vám,dám
vél,dél
vér,dér
vaj,jaj
vak,jak
vár,jár
vég,jég
ver,jer
vad,vád
vad,véd
vád,véd
vág,vég
vág,víg
vaj,váj
van,vén
van,von
var,vár
var,ver
var,vér
vár,ver
vár,vér
vas,vés
váz,víz
vég,víg
vén,von
ver,vér
vet,vét
vad,vaj
vad,vak
vad,van
vad,var
vad,vas
vád,vág
vád,váj
vád,vám
vád,vár
vád,váz
vág,váj
vág,vám
vág,vár
vág,váz
vaj,vak
vaj,van
vaj,var
vaj,vas
váj,vám
váj,vár
váj,váz
vak,van
vak,var
vak,vas
vám,vár
vám,váz
van,var
van,vas
var,vas
vár,váz
véd,vég
véd,vél
véd,vén
véd,vér
véd,vés
véd,vét
vég,vél
vég,vén
vég,vér
vég,vés
vég,vét
vél,vén
vél,vér
vél,vés
vél,vét
vén,vér
vén,vés
vén,vét
ver,vet
vér,vés
vér,vét
vés,vét
víg,vív
víg,víz
vív,víz
önt,int
ölő,elő
öcs,ács
ölt,alt
ölt,olt
önt,ont
örv,orv
ölő,élő
örv,érv
ölő,ülő
önt,unt
ölt,önt
ölő,ölt
raj,faj
rém,fém
rag,tag
rág,tág
rét,tét
rop,top
rad,vad
rág,vág
raj,vaj
rak,vak
ráz,váz
rég,vég
rés,vés
rét,vét
rab,zab
raj,zaj
rak,lak
ráz,láz
rég,lég
rét,lét
rom,lom
rop,lop
rúd,lúd
rúg,lúg
rab,hab
rad,had
rág,hág
raj,haj
ráz,ház
rét,hét
rév,hév
rím,hím
rúg,húg
rag,mag
rák,mák
ráz,máz
rég,még
réz,méz
rom,som
rőt,sőt
rúg,súg
rév,óév
rém,kém
rés,kés
réz,kéz
rút,kút
rab,bab
raj,baj
rak,bak
rég,bég
rúg,búg
rég,cég
rím,cím
rúg,cúg
ráz,gáz
rém,gém
réz,géz
rím,gím
rác,pác
rad,pad
rop,pop
rag,dag
rák,dák
rög,dög
rüh,düh
raj,jaj
rak,jak
rég,jég
rad,rúd
ráf,rőf
rag,rág
rag,rég
rag,rög
rag,rúg
rág,rég
rág,rög
rág,rúg
rak,rák
ráz,réz
rég,rög
rég,rúg
rém,rím
rém,rom
rém,rum
rét,rőt
rét,rút
rím,rom
rím,rum
rom,rum
rög,rúg
rőt,rút
rab,rad
rab,rag
rab,raj
rab,rak
rác,ráf
rác,rág
rác,rák
rác,ráz
rad,rag
rad,raj
rad,rak
ráf,rág
ráf,rák
ráf,ráz
rag,raj
rag,rak
rág,rák
rág,ráz
raj,rak
rák,ráz
rég,rém
rég,rés
rég,rét
rég,rév
rég,réz
rém,rés
rém,rét
rém,rév
rém,réz
rés,rét
rés,rév
rés,réz
rét,rév
rét,réz
rév,réz
rom,rop
rőf,rőt
rúd,rúg
rúd,rút
rúg,rút
zaj,faj
zen,fen
záp,táp
zár,tár
zöm,töm
zaj,vaj
zár,vár
zab,rab
zaj,raj
záp,láp
zen,len
zab,hab
zaj,haj
zár,már
záp,sáp
zár,sár
zár,kár
zen,ken
zab,bab
zaj,baj
zár,bár
zár,cár
zár,pár
zaj,jaj
zár,jár
zen,jen
zab,zaj
záp,zár
lej,fej
lék,fék
lel,fel
len,fen
láp,táp
lat,tat
lát,tát
lej,tej
lép,tép
lét,tét
lik,tik
lop,top
lót,tót
lök,tök
lak,vak
lám,vám
láz,váz
lég,vég
lét,vét
lív,vív
lak,rak
láz,ráz
lég,rég
lét,rét
lom,rom
lop,rop
lúd,rúd
lúg,rúg
láp,záp
len,zen
lám,hám
lat,hat
lát,hát
láz,ház
lej,hej
lét,hét
lív,hív
lúg,húg
láz,máz
lég,még
láp,sáp
lom,som
lúg,súg
lap,kap
lék,kék
lel,kel
len,ken
lép,kép
láb,báb
lak,bak
lég,bég
lej,bej
lob,bob
lök,bök
lúg,búg
lég,cég
lúg,cúg
lát,gát
láz,gáz
lép,gép
lót,gót
lap,pap
lát,pát
lej,pej
lék,pék
lép,pép
lop,pop
lök,pök
lám,dám
lob,dob
lak,jak
lég,jég
lel,jel
len,jen
lót,jót
láb,lob
lak,lék
lak,lik
lak,lök
lám,lom
lap,láp
lap,lep
lap,lép
lap,lop
láp,lep
láp,lép
láp,lop
lat,lát
lat,lét
lat,lót
lát,lét
lát,lót
léc,luc
lég,lóg
lég,lúg
lék,lik
lék,lök
lep,lép
lep,lop
lép,lop
lét,lót
lik,lök
lóg,lúg
láb,lám
láb,láp
láb,lát
láb,láz
lak,lap
lak,lat
lám,láp
lám,lát
lám,láz
lap,lat
láp,lát
láp,láz
lát,láz
léc,lég
léc,lék
léc,lép
léc,lét
lég,lék
lég,lép
lég,lét
lej,lel
lej,len
lej,lep
lej,les
lék,lép
lék,lét
lel,len
lel,lep
lel,les
len,lep
len,les
lep,les
lép,lét
lob,lom
lob,lop
lóg,lót
lom,lop
luc,lux
lúd,lúg
egy,így
eme,íme
elő,ölő
egy,úgy
egy,agy
egy,ágy
esz,ász
ejt,ojt
eva,óva
esz,ősz
eső,cső
elő,élő
esz,ész
egy,ügy
elő,ülő
est,üst
edz,esz
ejt,est
eke,eme
eke,epe
elő,erő
elő,eső
elő,evő
eme,epe
erő,eső
erő,evő
eső,evő
elv,elé
elv,elő
elé,elő
eme,emu
esd,est
esd,esz
esd,eső
est,esz
est,eső
esz,eső
eva,evő
haj,faj
háj,fáj
hal,fal
hej,fej
hiú,fiú
hon,fon
hőn,főn
huj,fuj
húr,fúr
hűt,fűt
hág,tág
háj,táj
hál,tál
hat,tat
hát,tát
hej,tej
hét,tét
hol,tol
húr,túr
hon,ion
had,vad
hág,vág
haj,vaj
háj,váj
hám,vám
has,vas
ház,váz
hét,vét
híg,víg
hív,vív
hon,von
hab,rab
had,rad
hág,rág
haj,raj
ház,ráz
hét,rét
hév,rév
hím,rím
húg,rúg
hab,zab
haj,zaj
hám,lám
hat,lat
hát,lát
ház,láz
hej,lej
hét,lét
hív,lív
húg,lúg
háj,máj
ház,máz
heg,meg
híg,míg
hód,mód
hol,mol
hűt,műt
hah,sah
hál,sál
has,sas
hír,sír
húg,súg
hév,óév
has,kas
heh,keh
héj,kéj
hód,kód
hun,kun
húr,kúr
hab,bab
haj,baj
háj,báj
hal,bal
hál,bál
hej,bej
hír,bír
hit,bit
hon,bon
húg,búg
húr,búr
hús,bús
hal,cal
hím,cím
hol,col
húg,cúg
hát,gát
ház,gáz
heg,geg
hím,gím
had,pad
hát,pát
hej,pej
hír,pír
hit,pit
hun,pun
hal,dal
hám,dám
húr,dúr
hús,dús
hűl,dűl
hűt,dűt
haj,jaj
hód,jód
hón,jón
huj,juj
had,híd
had,hód
hág,heg
hág,híg
hág,húg
hah,heh
haj,háj
haj,hej
haj,héj
haj,huj
háj,hej
háj,héj
háj,huj
hal,hál
hal,hol
hal,hűl
hál,hol
hál,hűl
hám,hím
hám,hmm
has,hős
has,hús
has,hűs
hat,hát
hat,hét
hat,hit
hat,hűt
hát,hét
hát,hit
hát,hűt
ház,hoz
ház,húz
heg,híg
heg,húg
hej,héj
hej,huj
héj,huj
hét,hit
hét,hűt
hév,hív
híd,hód
híg,húg
hím,hmm
hír,húr
hit,hűt
hol,hűl
hon,hón
hon,hőn
hon,hun
hón,hőn
hón,hun
hoz,húz
hőn,hun
hős,hús
hős,hűs
hús,hűs
hab,had
hab,hah
hab,haj
hab,hal
hab,has
hab,hat
had,hah
had,haj
had,hal
had,has
had,hat
hág,háj
hág,hál
hág,hám
hág,hát
hág,ház
hah,haj
hah,hal
hah,has
hah,hat
haj,hal
haj,has
haj,hat
háj,hál
háj,hám
háj,hát
háj,ház
hal,has
hal,hat
hál,hám
hál,hát
hál,ház
hám,hát
hám,ház
has,hat
hát,ház
heg,heh
heg,hej
heh,hej
héj,hét
héj,hév
hét,hév
híd,híg
híd,hím
híd,hír
híd,hív
híg,hím
híg,hír
híg,hív
hím,hír
hím,hív
hír,hív
hit,hiú
hód,hón
hol,hon
hol,hoz
hon,hoz
hők,hőn
hők,hős
hőn,hős
húg,húr
húg,hús
húg,húz
huj,hun
húr,hús
húr,húz
hús,húz
hűl,hűs
hűl,hűt
hűs,hűt
máj,fáj
mar,far
más,fás
mér,fér
mez,fez
mór,fór
mos,fos
műt,fűt
mag,tag
máj,táj
mar,tar
már,tár
mér,tér
mol,tol
máj,váj
mar,var
már,vár
máz,váz
még,vég
mén,vén
mer,ver
mér,vér
míg,víg
mag,rag
mák,rák
máz,ráz
még,rég
méz,réz
már,zár
máz,láz
még,lég
máj,háj
máz,ház
meg,heg
míg,híg
mód,hód
mol,hol
műt,hűt
már,sár
más,sás
mar,kar
már,kár
mén,kén
mér,kér
méz,kéz
mód,kód
mór,kór
mos,kos
máj,báj
mar,bar
már,bár
még,bég
mér,bér
mór,bór
már,cár
még,cég
méh,céh
mol,col
mos,cos
máz,gáz
meg,geg
mén,gén
méz,géz
mól,gól
már,pár
mer,per
mér,pér
mór,pór
mag,dag
mák,dák
mér,dér
moh,doh
mór,dór
műt,dűt
már,jár
még,jég
mer,jer
mód,jód
mól,jól
mag,meg
mag,még
mag,míg
mar,már
mar,mer
mar,mér
mar,mór
már,mer
már,mér
már,mór
más,mos
máz,mez
máz,méz
meg,még
meg,míg
még,míg
méh,moh
mer,mér
mer,mór
mér,mór
mez,méz
mol,mól
mag,mai
mag,mar
mai,mar
máj,mák
máj,már
máj,más
máj,máz
mák,már
mák,más
mák,máz
már,más
már,máz
más,máz
meg,meó
meg,mer
meg,mez
még,méh
még,mén
még,mér
még,méz
méh,mén
méh,mér
méh,méz
mén,mér
mén,méz
meó,mer
meó,mez
mer,mez
mér,méz
mód,mól
mód,mór
moh,mol
moh,mos
mol,mos
mól,mór
úgy,így
úgy,egy
úgy,agy
úgy,ágy
úti,éti
úgy,ügy
úri,úti
sás,fás
sok,fok
sut,fut
sül,fül
sál,tál
sáp,táp
sár,tár
sáv,táv
sok,tok
sor,tor
sör,tör
sár,vár
sas,vas
som,rom
sőt,rőt
súg,rúg
sáp,záp
sár,zár
sáp,láp
som,lom
súg,lúg
sah,hah
sál,hál
sas,has
sír,hír
súg,húg
sár,már
sás,más
sár,kár
sas,kas
sín,kín
sín,kín
sor,kor
sör,kör
sál,bál
sár,bár
sír,bír
sor,bor
súg,búg
sár,cár
sin,cin
súg,cúg
sin,gin
seb,web
sár,pár
sír,pír
sor,por
sóz,póz
sör,pör
sin,din
sió,dió
sár,jár
sós,jós
sut,jut
sál,sül
sáp,síp
sár,sír
sár,sor
sár,sör
sas,sás
sas,sós
sás,sós
sav,sáv
sec,sic
sem,som
sík,sok
sin,sín
sin,sün
sín,sün
sír,sor
sír,sör
sor,sör
sőt,sut
sőt,süt
sut,süt
sah,sas
sah,sav
sál,sáp
sál,sár
sál,sás
sál,sáv
sáp,sár
sáp,sás
sáp,sáv
sár,sás
sár,sáv
sas,sav
sás,sáv
seb,sec
seb,sem
sec,sem
sic,sin
sic,sió
sík,sín
sík,síp
sík,sír
sin,sió
sín,síp
sín,sír
síp,sír
sok,som
sok,sor
som,sor
sós,sóz
sül,sün
sül,süt
sün,süt
aga,iga
agy,így
ágy,így
ama,ima
apa,ipa
árt,irt
árt,írt
ács,öcs
alt,ölt
agy,egy
ágy,egy
ász,esz
agy,úgy
ágy,úgy
agy,ágy
ágy,agy
aki,oki
áld,old
alt,olt
ara,óra
ász,ősz
ági,égi
ara,éra
arc,érc
árt,ért
ász,ész
agy,ügy
ágy,ügy
adó,akó
adó,aló
adó,apó
adu,apu
aga,aha
aga,ama
aga,apa
aga,ara
aha,ama
aha,apa
aha,ara
ahá,alá
aki,ami
akó,aló
akó,apó
akt,alt
akt,azt
aló,apó
alt,azt
ama,apa
ama,ara
apa,ara
adó,adu
aga,agg
aga,agy
agg,agy
ági,ágú
ági,ágy
ágú,ágy
aha,ahá
aki,akó
aki,akt
akó,akt
alá,alj
alá,aló
alá,alt
áld,áll
alj,aló
alj,alt
aló,alt
ama,ami
apa,apó
apa,apu
apó,apu
ara,arc
árt,áru
ásó,ász
oly,ily
ont,int
ott,itt
óvó,ivó
olt,ölt
ont,önt
orv,örv
óév,rév
ojt,ejt
óva,eva
óév,hév
oki,aki
old,áld
olt,alt
óra,ara
oda,óda
óda,oda
óra,éra
orv,érv
ovi,évi
ont,unt
óda,óra
óda,óta
óda,óva
ojt,olt
ojt,ont
ojt,ott
oki,ovi
olt,ont
olt,ott
ont,ott
óra,óta
óra,óva
óta,óva
oda,odú
old,olt
old,oly
olt,oly
orr,orv
óva,óvó
ősi,isi
ősz,esz
ősz,ász
ősz,ész
ősi,ősz
cső,eső
ért,irt
ért,írt
élő,ölő
érv,örv
élő,elő
ész,esz
éti,úti
égi,ági
éra,ara
érc,arc
ért,árt
ész,ász
éra,óra
érv,orv
évi,ovi
ész,ősz
élő,ülő
éca,éra
égi,éji
égi,éti
égi,évi
égő,élő
éji,éti
éji,évi
élc,érc
éti,évi
égi,égő
élc,élő
éra,érc
éra,ért
éra,érv
érc,ért
érc,érv
ért,érv
kád,fád
kar,far
kék,fék
kél,fél
kém,fém
kér,fér
kel,fel
ken,fen
kór,fór
kos,fos
köd,föd
kúr,fúr
kan,tan
kar,tar
kár,tár
kél,tél
kép,tép
kér,tér
kor,tor
kör,tör
kőr,tőr
kúr,túr
kűr,tűr
kád,vád
kan,van
kar,var
kár,vár
kas,vas
kél,vél
kén,vén
kér,vér
kés,vés
kém,rém
kés,rés
kéz,réz
kút,rút
kár,zár
ken,zen
kap,lap
kék,lék
kép,lép
kel,lel
ken,len
kas,has
kéj,héj
keh,heh
kód,hód
kun,hun
kúr,húr
kar,mar
kár,már
kén,mén
kér,mér
kéz,méz
kód,mód
kór,mór
kos,mos
kár,sár
kas,sas
kín,sín
kín,sín
kor,sor
kör,sör
kán,bán
kán,bán
kar,bar
kár,bár
kél,bél
kér,bér
kor,bor
kór,bór
kőr,bőr
kúr,búr
kár,cár
kél,cél
kos,cos
kél,gél
kém,gém
kén,gén
kép,gép
kéz,géz
kóc,góc
köb,göb
kán,pán
kap,pap
kár,pár
kék,pék
kép,pép
kér,pér
kié,pié
kóc,póc
kor,por
kór,pór
kör,pör
kun,pun
kúp,púp
kán,dán
kél,dél
kér,dér
kór,dór
kúr,dúr
kár,jár
kel,jel
ken,jen
kód,jód
kád,kód
kád,köd
kan,kán
kan,kén
kan,ken
kan,kín
kan,kín
kan,kun
kán,kén
kán,ken
kán,kín
kán,kín
kán,kun
kap,kép
kap,köp
kap,kúp
kar,kár
kar,kér
kar,kor
kar,kór
kar,kör
kar,kőr
kar,kúr
kar,kűr
kár,kér
kár,kor
kár,kór
kár,kör
kár,kőr
kár,kúr
kár,kűr
kas,kés
kas,kis
kas,kos
kél,kel
kén,ken
kén,kín
kén,kín
kén,kun
kép,köp
kép,kúp
kér,kor
kér,kór
kér,kör
kér,kőr
kér,kúr
kér,kűr
kés,kis
kés,kos
kéz,köz
ken,kín
ken,kín
ken,kun
kín,kun
kín,kun
kis,kos
kód,köd
kor,kór
kor,kör
kor,kőr
kor,kúr
kor,kűr
kór,kör
kór,kőr
kór,kúr
kór,kűr
köp,kúp
kör,kőr
kör,kúr
kör,kűr
kőr,kúr
kőr,kűr
köt,kút
kúr,kűr
kád,kán
kád,kár
kan,kap
kan,kar
kan,kas
kán,kár
kap,kar
kap,kas
kar,kas
kéj,kék
kéj,kél
kéj,kém
kéj,kén
kéj,kép
kéj,kér
kéj,kés
kéj,kéz
kék,kél
kék,kém
kék,kén
kék,kép
kék,kér
kék,kés
kék,kéz
kél,kém
kél,kén
kél,kép
kél,kér
kél,kés
kél,kéz
kém,kén
kém,kép
kém,kér
kém,kés
kém,kéz
kén,kép
kén,kér
kén,kés
kén,kéz
kép,kér
kép,kés
kép,kéz
kér,kés
kér,kéz
kés,kéz
keh,kel
keh,ken
kel,ken
kis,kié
kóc,kód
kóc,kór
kód,kór
kor,kos
köb,köd
köb,köp
köb,kör
köb,köt
köb,köz
köd,köp
köd,kör
köd,köt
köd,köz
köp,kör
köp,köt
köp,köz
kör,köt
kör,köz
köt,köz
kúp,kúr
kúp,kút
kúr,kút
baj,faj
báj,fáj
bal,fal
bar,far
bej,fej
bél,fél
bér,fér
bog,fog
bon,fon
bór,fór
búj,fúj
búr,fúr
bűz,fűz
báj,táj
bál,tál
bar,tar
bár,tár
bej,tej
bél,tél
bér,tér
bíz,tíz
bor,tor
bök,tök
bőr,tőr
búr,túr
bűz,tűz
bon,ion
baj,vaj
báj,váj
bak,vak
bar,var
bár,vár
bég,vég
bél,vél
bér,vér
bíz,víz
bon,von
bab,rab
baj,raj
bak,rak
bég,rég
búg,rúg
bab,zab
baj,zaj
bár,zár
báb,láb
bak,lak
bég,lég
bej,lej
bob,lob
bök,lök
búg,lúg
bab,hab
baj,haj
báj,háj
bal,hal
bál,hál
bej,hej
bír,hír
bit,hit
bon,hon
búg,húg
búr,húr
bús,hús
báj,máj
bar,mar
bár,már
bég,még
bér,mér
bór,mór
bál,sál
bár,sár
bír,sír
bor,sor
búg,súg
bán,kán
bán,kán
bar,kar
bár,kár
bél,kél
bér,kér
bor,kor
bór,kór
bőr,kőr
búr,kúr
bal,cal
bár,cár
bég,cég
bél,cél
búg,cúg
bél,gél
bőg,gőg
bán,pán
bán,pán
bár,pár
bej,pej
bér,pér
bír,pír
bit,pit
bók,pók
bor,por
bór,pór
bök,pök
bal,dal
bán,dán
bán,dán
bél,dél
bér,dér
bob,dob
bog,dog
bór,dór
búr,dúr
bús,dús
baj,jaj
bak,jak
bár,jár
bég,jég
bog,jog
bab,báb
bab,bob
bab,búb
báb,bob
báb,búb
baj,báj
baj,bej
baj,búj
báj,bej
báj,búj
bak,bók
bak,bök
bal,bál
bal,bél
bál,bél
bán,bon
bán,bűn
bán,bon
bán,bűn
bar,bár
bar,bér
bar,bír
bar,bor
bar,bór
bar,bőr
bar,búr
bár,bér
bár,bír
bár,bor
bár,bór
bár,bőr
bár,búr
bég,bog
bég,bőg
bég,búg
bej,búj
bér,bír
bér,bor
bér,bór
bér,bőr
bér,búr
bír,bor
bír,bór
bír,bőr
bír,búr
bit,bot
biz,bíz
biz,bűz
bíz,bűz
bob,búb
bog,bőg
bog,búg
bók,bök
bon,bűn
bor,bór
bor,bőr
bor,búr
bór,bőr
bór,búr
bőg,búg
bőr,búr
bab,baj
bab,bak
bab,bal
bab,bar
báb,báj
báb,bál
báb,bán
báb,bán
báb,bár
baj,bak
baj,bal
baj,bar
báj,bál
báj,bán
báj,bán
báj,bár
bak,bal
bak,bar
bal,bar
bál,bán
bál,bán
bál,bár
bán,bár
bán,bár
bég,bél
bég,bér
bél,bér
bír,bíz
bit,biz
boa,bob
boa,bog
boa,bon
boa,bor
boa,bot
boa,boy
bob,bog
bob,bon
bob,bor
bob,bot
bob,boy
bog,bon
bog,bor
bog,bot
bog,boy
bók,bór
bon,bor
bon,bot
bon,boy
bor,bot
bor,boy
bot,boy
bőg,bőr
búb,búg
búb,búj
búb,búr
búb,bús
búg,búj
búg,búr
búg,bús
búj,búr
búj,bús
búr,bús
bűn,bűz
üde,ide
ügy,így
ülő,ölő
ügy,egy
ülő,elő
üst,est
ügy,úgy
ügy,agy
ügy,ágy
ülő,élő
űző,sző
ülő,ünő
ülő,ütő
ünő,ütő
üde,üdv
unt,int
unt,önt
unt,ont
cal,fal
cél,fél
cos,fos
cár,tár
cél,tél
col,tol
cár,vár
cég,vég
cél,vél
cet,vet
cég,rég
cím,rím
cúg,rúg
cár,zár
cég,lég
cúg,lúg
cal,hal
cím,hím
col,hol
cúg,húg
cár,már
cég,még
céh,méh
col,mol
cos,mos
cár,sár
cin,sin
cúg,súg
cár,kár
cél,kél
cos,kos
cal,bal
cár,bár
cég,bég
cél,bél
cúg,búg
cél,gél
cím,gím
cin,gin
cár,pár
cal,dal
cél,dél
cin,din
cár,jár
cég,jég
cal,cél
cal,col
cég,cúg
cél,col
cég,céh
cég,cél
céh,cél
col,cos
gél,fél
gém,fém
gőz,főz
gát,tát
gél,tél
gép,tép
gót,tót
gáz,váz
gél,vél
gén,vén
gáz,ráz
gém,rém
géz,réz
gím,rím
gát,lát
gáz,láz
gép,lép
gót,lót
gát,hát
gáz,ház
geg,heg
gím,hím
gáz,máz
geg,meg
gén,mén
géz,méz
gól,mól
gin,sin
gél,kél
gém,kém
gén,kén
gép,kép
géz,kéz
góc,kóc
göb,köb
gél,bél
gőg,bőg
gél,cél
gím,cím
gin,cin
gát,pát
gép,pép
góc,póc
gél,dél
gin,din
gól,jól
gót,jót
gát,gót
gaz,gáz
gaz,géz
gaz,gőz
gáz,géz
gáz,gőz
géb,göb
geg,gőg
gél,gól
gém,gím
gén,gin
géz,gőz
gát,gáz
géb,gél
géb,gém
géb,gén
géb,gép
géb,géz
gél,gém
gél,gén
gél,gép
gél,géz
gém,gén
gém,gép
gém,géz
gén,gép
gén,géz
gép,géz
góc,gól
góc,gót
gól,gót
gőg,gőz
web,seb
pej,fej
pék,fék
pér,fér
pia,fia
pór,fór
pár,tár
pát,tát
pej,tej
pép,tép
pér,tér
pop,top
por,tor
pök,tök
pör,tör
pad,vad
pár,vár
per,ver
pér,vér
pác,rác
pad,rad
pop,rop
pár,zár
pap,lap
pát,lát
pej,lej
pék,lék
pép,lép
pop,lop
pök,lök
pad,had
pát,hát
pej,hej
pír,hír
pit,hit
pun,hun
pár,már
per,mer
pér,mér
pór,mór
pár,sár
pír,sír
por,sor
póz,sóz
pör,sör
pán,kán
pap,kap
pár,kár
pék,kék
pép,kép
pér,kér
pié,kié
póc,kóc
por,kor
pór,kór
pör,kör
pun,kun
púp,kúp
pán,bán
pán,bán
pár,bár
pej,bej
pér,bér
pír,bír
pit,bit
pók,bók
por,bor
pór,bór
pök,bök
pár,cár
pát,gát
pép,gép
póc,góc
pán,dán
pér,dér
pia,dia
pór,dór
pár,jár
per,jer
pác,póc
pán,pun
pap,pép
pap,pop
pap,púp
pár,per
pár,pér
pár,pír
pár,por
pár,pór
pár,pör
pát,pit
pék,pók
pék,pök
pép,pop
pép,púp
per,pér
per,pír
per,por
per,pór
per,pör
pér,pír
pér,por
pér,pór
pér,pör
pír,por
pír,pór
pír,pör
pók,pök
pop,púp
por,pór
por,pör
pór,pör
pác,pán
pác,pár
pác,pát
pad,pap
pán,pár
pán,pát
pár,pát
pej,per
pék,pép
pék,pér
pép,pér
pia,pié
pia,pit
pié,pit
póc,pók
póc,pór
póc,póz
pók,pór
pók,póz
pop,por
pór,póz
pök,pör
pub,pun
dal,fal
dél,fél
dér,fér
dia,fia
dog,fog
dór,fór
dől,fől
dúl,fúl
dúr,fúr
dűt,fűt
dag,tag
dél,tél
dér,tér
dúl,túl
dúr,túr
dám,vám
dél,vél
dér,vér
dag,rag
dák,rák
dög,rög
düh,rüh
dám,lám
dob,lob
dal,hal
dám,hám
dúr,húr
dús,hús
dűl,hűl
dűt,hűt
dag,mag
dák,mák
dér,mér
doh,moh
dór,mór
dűt,műt
din,sin
dió,sió
dán,kán
dél,kél
dér,kér
dór,kór
dúr,kúr
dal,bal
dán,bán
dán,bán
dél,bél
dér,bér
dob,bob
dog,bog
dór,bór
dúr,búr
dús,bús
dal,cal
dél,cél
din,cin
dél,gél
din,gin
dán,pán
dér,pér
dia,pia
dór,pór
dog,jog
dac,dúc
dag,dog
dag,dög
dag,dug
dal,dél
dal,dől
dal,dúl
dal,dűl
dám,dóm
dán,din
DAT,DDT
de.,dr.
dél,dől
dél,dúl
dél,dűl
dér,dór
dér,dúr
dió,duó
dog,dög
dog,dug
doh,düh
dór,dúr
dög,dug
dől,dúl
dől,dűl
dúl,dűl
dac,dag
dac,dal
dag,dal
dák,dám
dák,dán
DAM,DAT
dám,dán
dél,dér
dia,din
dia,dió
din,dió
dob,dog
dob,doh
dog,doh
dóm,dór
döf,dög
dúc,dúl
dúc,dúr
dúc,dús
dug,duó
dúl,dúr
dúl,dús
dúr,dús
dűl,dűt
sző,űző
szó,sző
szó,szú
sző,szú
jaj,faj
jel,fel
jen,fen
jog,fog
juj,fuj
jut,fut
jár,tár
jót,tót
jaj,vaj
jak,vak
jár,vár
jég,vég
jer,ver
jaj,raj
jak,rak
jég,rég
jaj,zaj
jár,zár
jen,zen
jak,lak
jég,lég
jel,lel
jen,len
jót,lót
jaj,haj
jód,hód
jón,hón
juj,huj
jár,már
jég,még
jer,mer
jód,mód
jól,mól
jár,sár
jós,sós
jut,sut
jár,kár
jel,kel
jen,ken
jód,kód
jaj,baj
jak,bak
jár,bár
jég,bég
jog,bog
jár,cár
jég,cég
jól,gól
jót,gót
jár,pár
jer,per
jog,dog
jaj,juj
jár,jer
jég,jog
jel,jól
jen,jón
jen,jön
jón,jön
jót,jut
jaj,jak
jel,jen
jel,jer
jen,jer
jód,jól
jód,jón
jód,jós
jód,jót
jól,jón
jól,jós
jól,jót
jón,jós
jón,jót
jós,jót
juh,juj
juh,jut
juj,jut
