fapad,tapad
farol,tarol
fejel,tejel
fejes,tejes
felel,telel
felér,telér
feszt,teszt
finta,tinta
fokos,tokos
forma,torma
fúrat,túrat
fúrás,túrás
fúrós,túrós
fűzet,tűzet
fűzés,tűzés
füzes,tüzes
füzér,tüzér
frigy,irigy
fázik,iázik
fakul,vakul
fakít,vakít
feszt,veszt
fiola,viola
fonal,vonal
fonat,vonat
fonás,vonás
fájat,vájat
fásít,vásít
fajta,rajta
feszt,reszt
fogyó,rogyó
fázás,rázás
fázós,rázós
fémes,rémes
fenés,zenés
fejtő,lejtő
felel,lelel
feles,leles
fenti,lenti
fórum,lórum
furkó,lurkó
főtér,lőtér
föveg,löveg
fövés,lövés
falas,halas
farag,harag
finta,hinta
forda,horda
forog,horog
fotel,hotel
fűtés,hűtés
fagáz,magáz
farad,marad
farok,marok
feddő,meddő
fenet,menet
fenti,menti
fenés,menés
finta,minta
fodor,modor
forog,morog
fosás,mosás
fotel,motel
fásul,másul
fásít,másít
féreg,méreg
farki,sarki
farkú,sarkú
farok,sarok
fellő,sellő
fíber,síber
fodor,sodor
fázik,oázik
fázis,oázis
fázás,oázás
facér,kacér
falap,kalap
farol,karol
fasza,kasza
faszt,kaszt
fellő,kellő
fenet,kenet
fenés,kenés
flott,klott
forda,korda
forgó,korgó
forog,korog
foszt,koszt
foton,koton
fúria,kúria
féreg,kéreg
főfal,kőfal
főzet,kőzet
felel,belel
feles,beles
felez,belez
felső,belső
felég,belég
felül,belül
fenső,benső
fenti,benti
firka,birka
fodor,bodor
fogas,bogas
fogyó,bogyó
forda,borda
fugáz,bugáz
fázis,bázis
félfa,bélfa
félés,bélés
fenti,centi
firka,cirka
feszt,geszt
flanc,glanc
folyó,golyó
fuvat,guvat
fémes,gémes
fajta,pajta
falka,palka
falás,palás
fokol,pokol
foszt,poszt
fuccs,puccs
felel,delel
felnő,delnő
fátum,dátum
félig,délig
félre,délre
felel,jelel
feles,jeles
felez,jelez
fövés,jövés
fagáz,fugáz
fajul,fájul
falás,felás
falás,fölás
farad,fárad
farol,fírol
fartő,fertő
faszt,feszt
faszt,foszt
fedél,födél
felad,fölad
felel,fülel
feles,füles
felfú,fölfú
fellő,föllő
felnő,fölnő
felró,fölró
felső,fölső
felás,fölás
felég,fölég
felél,fölél
felér,fölér
felír,fölír
felűz,fölűz
felül,fölül
felüt,fölüt
feszt,foszt
filia,fília
filia,fólia
firma,forma
fitos,futos
fitty,fütty
fizet,főzet
fizet,fűzet
fizet,füzet
fília,fólia
flanc,franc
furat,fúrat
fuvat,fúvat
fújat,fájat
fújás,fájás
féltő,fültő
főzet,fűzet
főzet,füzet
főzés,fűzés
fűzet,füzet
fabáb,faláb
fagáz,faház
fagáz,faváz
faház,faváz
fajul,fakul
fakad,fapad
fakad,farad
fapad,farad
farol,faxol
fecni,felni
fedez,fejez
fedez,felez
fedél,felél
fedés,fejés
fedés,fenés
fehér,felér
fejel,felel
fejel,fesel
fejes,feles
fejet,fenet
fejez,felez
fejtő,fertő
fejtő,festő
fejék,fenék
fejés,fenés
felel,fesel
felső,fenső
fertő,festő
fickó,filkó
firka,fióka
firka,fiúka
fióka,fiúka
fogat,fonat
fogda,forda
fogyó,folyó
fogás,fonás
fogás,fosás
fogós,fotós
fonás,fosás
fóbia,fólia
fuccs,furcs
fukar,fuvar
furat,fuvat
fújat,fúrat
fújat,fúvat
fújás,fúrás
fújás,fúvás
fúrat,fúvat
fúrás,fúvás
fúrós,fúvós
fájul,fásul
fájás,fázás
fájós,fázós
fékút,félút
födél,fölél
fűtés,fűzés
füles,füves
füles,füzes
füves,füzes
falas,falás
fejes,fejés
fejes,fejős
fejés,fejős
felad,feled
felel,felél
felel,felől
felel,felül
feles,felás
felez,felűz
felfő,felhő
felfő,fellő
felfő,felnő
felfő,felső
felhő,fellő
felhő,felnő
felhő,felső
fellő,felnő
fellő,felső
felnő,felső
felár,felér
felár,felír
felél,felől
felél,felül
felér,felír
felől,felül
fenső,fenyő
firka,firma
flóra,flóta
fogas,fogás
fogas,fogós
fogda,fogva
fogkő,fogtő
fogás,fogós
fonal,fonál
forda,forma
forgó,forró
frakk,frank
futos,futás
fúrás,fúrós
fúvás,fúvós
fájás,fájós
fázis,fázás
fázis,fázós
fázás,fázós
félbe,félre
félbe,félte
félre,félte
félés,félős
férfi,férji
föllő,fölnő
föllő,fölső
fölnő,fölső
fölás,fölös
fölél,fölöl
fölél,fölül
fölér,fölír
fölöl,fölül
fölöz,fölűz
fűzés,fűzős
fakír,fakít
falap,falas
falap,falat
falap,falaz
falas,falat
falas,falaz
falat,falaz
faláb,falás
farad,farag
farki,farkú
farok,farol
fasza,faszi
fasza,faszt
faszi,faszt
fedél,fedés
fejel,fejes
fejel,fejet
fejel,fejez
fejes,fejet
fejes,fejez
fejet,fejez
fejék,fejés
feled,felel
feled,feles
feled,felez
felel,feles
felel,felez
feles,felez
felfő,felfú
felni,felnő
felrí,felró
felár,felás
felég,felél
felég,felér
felél,felér
felül,felüt
fenék,fenés
fogad,fogan
fogad,fogas
fogad,fogat
fogad,fogaz
fogan,fogas
fogan,fogat
fogan,fogaz
fogas,fogat
fogas,fogaz
fogat,fogaz
fokol,fokos
fokol,fokoz
fokos,fokoz
fonal,fonat
fonák,fonál
fonák,fonás
fonál,fonás
fotós,fotóz
fólia,fólió
franc,frank
futár,futás
fuvar,fuvat
fárad,fáraó
fázik,fázis
félte,féltő
félés,félév
födél,födém
fölég,fölél
fölég,fölér
fölél,fölér
fölöl,fölös
fölöl,fölöz
fölös,fölöz
fölül,fölüt
fülel,füles
füves,füvez
füzes,füzet
gyárt,gyűrt
gyújt,gyűjt
gyámi,gyári
gyűjt,gyűrt
gyári,gyárt
gyűrt,gyűrű
tapad,fapad
tarol,farol
tejel,fejel
tejes,fejes
telel,felel
telér,felér
teszt,feszt
tinta,finta
tokos,fokos
torma,forma
túrás,fúrás
túrat,fúrat
túrós,fúrós
tüzér,füzér
tüzes,füzes
tűzés,fűzés
tűzet,fűzet
takar,vakar
tárat,várat
terem,verem
teres,veres
téres,véres
térző,vérző
teszt,veszt
tétel,vétel
tetet,vetet
tölgy,völgy
tabló,rabló
tagad,ragad
tagoz,ragoz
testi,resti
teszt,reszt
téved,réved
topog,ropog
töfög,röfög
tárat,zárat
tárol,zárol
tárul,zárul
tömít,zömít
tapos,lapos
tehet,lehet
telel,lelel
telep,lelep
tépés,lépés
tépet,lépet
tevés,levés
tiszt,liszt
tódít,lódít
tódul,lódul
talál,halál
támfa,hámfa
tanga,hanga
tanti,hanti
tárul,hárul
tatár,határ
tavas,havas
tinta,hinta
tódít,hódít
tölgy,hölgy
tumor,humor
túros,húros
tagló,magló
tagol,magol
tagoz,magoz
tangó,mangó
tarja,marja
tárna,márna
tatyó,matyó
terít,merít
terül,merül
tinta,minta
túlás,múlás
tutyi,mutyi
támfa,sámfa
tarló,sarló
tároz,sároz
táska,sáska
tavas,savas
teper,seper
térül,sérül
tincs,sincs
torol,sorol
toros,soros
toroz,soroz
tömör,sömör
torta,aorta
taraj,karaj
taréj,karéj
tarol,karol
telep,kelep
telte,kelte
terep,kerep
teres,keres
terít,kerít
terül,kerül
tevés,kevés
tincs,kincs
toboz,koboz
topog,kopog
toros,koros
torzó,korzó
töltő,költő
töret,köret
törül,körül
töves,köves
tájol,bájol
tangó,bangó
tanya,banya
tárca,bárca
tarka,barka
tarkó,barkó
tatár,batár
telel,belel
telep,belep
téres,béres
tétel,bétel
tevés,bevés
tódít,bódít
tódul,bódul
toros,boros
töfög,böfög
tőröz,bőröz
tutul,butul
tubák,cubák
talaj,galaj
teszt,geszt
trupp,grupp
turul,gurul
tilol,xilol
tálca,pálca
tapír,papír
tapos,papos
taraj,paraj
taréj,paréj
tárló,párló
tárna,párna
tárol,párol
terel,perel
terem,perem
teres,peres
testi,pesti
tompa,pompa
torol,porol
toros,poros
toroz,poroz
torta,porta
torzó,porzó
töfög,pöfög
töröl,pöröl
troli,proli
tagad,dagad
takar,Dakar
talár,dalár
tamil,damil
telel,delel
teres,deres
terít,derít
terül,derül
toboz,doboz
tonna,donna
totál,dotál
tömés,dömés
trapp,drapp
tudás,dudás
tudor,dudor
túlás,dúlás
tutyi,dutyi
tárat,járat
tárul,járul
telel,jelel
talaj,tulaj
tanya,tunya
tárat,túrat
tarló,tárló
tárna,torna
tarol,tárol
tarol,torol
tárol,torol
tároz,toroz
tárul,turul
telér,túlér
temet,tömet
tépáz,topáz
teres,téres
terít,térít
terül,térül
terül,törül
térül,törül
teszt,tiszt
teszt,tószt
tetem,totem
tevés,tévés
téves,töves
tiszt,tószt
tízes,tüzes
tonik,tűnik
toros,túros
torzs,törzs
törés,tűrés
töret,tűret
tábla,támla
tabló,tagló
tabló,tapló
tabló,tarló
tagad,tapad
tágas,tálas
tagló,tapló
tagló,tarló
tagol,tarol
tágul,tárul
tajga,tanga
tájol,tákol
tájol,tárol
tájol,távol
tákol,tárol
tákol,távol
talaj,taraj
talár,tanár
talár,tatár
tálca,tárca
tálka,táska
tanár,tatár
tapló,tarló
tárol,távol
teher,teker
teher,teper
tehet,temet
tehet,tetet
tejel,telel
tejel,terel
tejes,teres
teker,teper
telel,terel
telep,terep
telít,terít
temet,tetet
tépés,tévés
terem,tetem
téres,téves
toboz,toroz
tojás,tokás
tojat,tolat
tojik,tonik
tokos,toros
tonna,torna
töbör,tömör
tököl,töröl
tömés,törés
tömet,töret
tömlő,törlő
tömpe,törpe
trapp,trupp
tucat,tudat
tudor,tumor
tulaj,tutaj
túlás,túrás
turul,tutul
tűrés,tűzés
tűret,tűzet
tálca,tálka
támfa,támla
tanga,tanya
taraj,taréj
táráz,tároz
tárca,tárna
tarja,tarka
tarkó,tarló
tarkó,tartó
tarló,tartó
tárol,tárul
telje,telte
terel,terül
téves,tévés
tojás,tojós
tokás,tokos
torma,torna
torma,torta
torna,torta
toros,torzs
tökél,tököl
tömet,tömít
törek,törik
törek,török
törés,törzs
törik,török
töröl,törül
töves,tövis
tréfa,tréma
tudás,tudós
túlér,túlír
túlfő,túllő
túlfő,túlnő
túllő,túlnő
túloz,túlűz
túlró,túlsó
túlró,túlzó
túlsó,túlzó
túrás,túros
túrás,túrós
turfa,turha
túros,túrós
tagol,tagoz
talál,talár
tálal,tálas
tanga,tangó
tarka,tarkó
tárol,tároz
teher,tehet
tejel,tejes
telek,telel
telek,telep
telek,telex
telel,telep
telel,telex
telep,telex
terel,terem
terel,terep
terel,teres
terem,terep
terem,teres
terep,teres
testi,testű
tetem,tetet
téved,téves
tilol,tilos
topán,topáz
torok,torol
torok,toros
torok,toroz
torol,toros
torol,toroz
toros,toroz
torzó,torzs
tököl,tökös
tömeg,tömet
törek,töret
török,töröl
túlég,túlél
túlég,túlér
túlél,túlér
tüzel,tüzes
iázik,fázik
irigy,frigy
intet,öntet
intés,öntés
idény,edény
illet,ellet
illik,ellik
imitt,emitt
imígy,emígy
iszik,eszik
iszik,úszik
illat,állat
irtat,ártat
irtás,ártás
irány,arány
iszik,aszik
iázik,oázik
idáig,odáig
idébb,odébb
iktat,oktat
innét,onnét
igető,égető
ívlap,évlap
igető,ügető
indok,undok
iázik,iszik
iázik,izzik
íbisz,írisz
idény,igény
idéző,igéző
iható,itató
ihlet,illet
iktat,irtat
ingat,izgat
ipari,ivari
iráni,iváni
isten,itten
iszik,izzik
ívelt,ízelt
ideig,idáig
indás,ingás
isler,ismer
izgat,izzat
idegi,ideki
ideál,ideül
ideér,ideír
illat,illet
imádó,imágó
inges,ingás
irály,irány
iszik,iszák
izmos,izmus
izzat,izzít
ideál,ideás
ideál,ideát
ideás,ideát
illan,illat
illeg,illem
illeg,illet
illem,illet
inger,inges
intés,intéz
iráni,iránt
iráni,irány
iránt,irány
ittad,ittas
izzad,izzat
vájat,fájat
vakít,fakít
vakul,fakul
vásít,fásít
veszt,feszt
viola,fiola
vonal,fonal
vonás,fonás
vonat,fonat
vakar,takar
várat,tárat
verem,terem
veres,teres
véres,téres
vérző,térző
veszt,teszt
vétel,tétel
vetet,tetet
völgy,tölgy
vádli,rádli
vágás,rágás
vágat,rágat
vájár,rájár
vámol,rámol
vámos,rámos
veszt,reszt
vívás,rívás
várás,zárás
várat,zárat
vakol,lakol
vágat,hágat
vajas,hajas
vajaz,hajaz
válás,hálás
valőr,halőr
vámos,hámos
vasal,hasal
vasas,hasas
vegyi,hegyi
vékás,hékás
vidra,hidra
vitel,hitel
vitet,hitet
vívás,hívás
vívat,hívat
volta,holta
völgy,hölgy
vakog,makog
valőr,malőr
vásik,másik
vásít,másít
vázol,mázol
veder,meder
vetél,metél
vogul,mogul
varjú,sarjú
város,sáros
vasfa,sasfa
vértő,sértő
vörös,sörös
város,káros
vásás,kásás
veres,keres
veret,keret
vésés,késés
véset,késet
virág,kirág
vörös,körös
vénít,bénít
véres,béres
vétel,bétel
varas,garas
vázol,gázol
veszt,geszt
vödör,gödör
vadló,padló
vakol,pakol
várás,párás
várás,párás
város,páros
várta,párta
vasas,pasas
veder,peder
verem,perem
veres,peres
villa,pilla
virít,pirít
virul,pirul
vödör,pödör
vakar,Dakar
veres,deres
várás,járás
várat,járat
várta,járta
vadít,vidít
vadló,vádló
vádmű,védmű
vadul,vidul
varfű,vérfű
vásít,visít
vénás,vonás
vénít,vonít
veres,véres
vétel,vitel
vetet,vétet
vetet,vitet
vétet,vitet
vezér,vízér
vacog,vakog
vadas,vajas
vadas,varas
vadas,vasas
vadít,vakít
vádol,vámol
vádol,vázol
vadon,vagon
vadőr,valőr
vadul,vakul
vágás,válás
vágás,várás
vágás,vásás
vágat,vájat
vágat,várat
vágta,várta
vájár,vásár
vajas,varas
vajas,vasas
vájat,várat
vajaz,vasaz
vakfa,vasfa
válás,várás
válás,vásás
válik,vásik
vámol,vázol
vámos,város
varas,vasas
várás,vásás
varfű,vasfű
védés,vésés
védet,véset
védet,vétet
véges,véres
végző,vérző
vékás,vénás
verés,vetés
veret,vetet
veret,vezet
véset,vétet
vetet,vezet
vidít,virít
vidít,visít
vidul,virul
világ,virág
villa,viola
villa,vitla
vinkó,viskó
viola,vitla
virít,visít
visel,vitel
visel,vizel
vitel,vizel
vogul,vonul
vacak,vacok
vakol,vakul
vállú,vályú
várás,város
várás,várós
varga,varsa
város,várós
vasfű,vasmű
végső,végző
vérbő,vértő
vérbő,vérző
veres,verés
vértő,vérző
vetél,vetül
vetet,vetít
vezér,vezír
vitat,vitet
vízár,vízér
vízfő,vízkő
vonal,vonul
vonás,vonós
vonat,vonít
vacog,vacok
vadít,vadíz
vádli,vádló
vajas,vajaz
vakog,vakol
valód,valós
vámol,vámos
vasal,vasas
vasal,vasaz
vásár,vásás
vasas,vasaz
vasfa,vasfű
vedel,veder
véges,végez
veréb,verés
véreb,véres
verem,veres
verem,veret
veres,veret
vétek,vétel
vétek,vétet
vetél,vetés
vétel,vétet
vitae,vitat
vitel,vitet
vizel,vizes
vizel,vizez
vizes,vizez
vonal,vonat
öntés,intés
öntet,intet
ömlik,omlik
öltet,éltet
öltet,ültet
öltés,öntés
öltet,öntet
örvös,ötvös
öntés,önzés
ötvös,ötvöz
rajta,fajta
rázás,fázás
rázós,fázós
rémes,fémes
reszt,feszt
rogyó,fogyó
rabló,tabló
ragad,tagad
ragoz,tagoz
resti,testi
reszt,teszt
réved,téved
ropog,topog
röfög,töfög
rádli,vádli
rágás,vágás
rágat,vágat
rájár,vájár
rámol,vámol
rámos,vámos
reszt,veszt
rívás,vívás
rabol,zabol
rávár,závár
rengő,zengő
rúgat,zúgat
rakás,lakás
rakat,lakat
rámpa,lámpa
rázár,lázár
rebeg,lebeg
régió,légió
rengő,lengő
retúr,letúr
révén,lévén
reves,leves
robog,lobog
rohad,lohad
rudas,ludas
radar,hadar
rágat,hágat
rámos,hámos
rangú,hangú
rebeg,hebeg
rektó,hektó
reves,heves
rideg,hideg
rímes,hímes
rívás,hívás
rossz,hossz
ragoz,magoz
rákos,mákos
regél,megél
regöl,megöl
rímel,mímel
rokka,mokka
ronda,monda
rondó,mondó
rotor,motor
regél,segél
rikít,sikít
rúgás,súgás
rúgat,súgat
rázás,oázás
rakás,kakás
randi,kandi
rapli,kapli
rávés,kávés
rence,kence
résel,késel
rétes,kétes
rezel,kezel
rezes,kezes
rezez,kezez
riadó,kiadó
ronda,konda
rontó,kontó
ropog,kopog
rotor,kotor
rovás,kovás
röhög,köhög
röpül,köpül
rutin,kutin
radar,badar
recéz,becéz
retúr,betúr
ringó,bingó
rogyó,bogyó
romol,bomol
rontó,bontó
rotor,botor
röfög,böfög
rúgás,búgás
rúgat,búgat
rüszt,büszt
rátol,gátol
rémes,gémes
reszt,geszt
ripsz,gipsz
racka,packa
rajta,pajta
rassz,passz
rengő,pengő
resti,pesti
rosta,posta
röfög,pöfög
ragad,dagad
rákos,dákos
rendi,dendi
ringó,dingó
robog,dobog
rugós,dugós
rassz,jassz
ródli,jódli
rádli,ródli
rágás,rúgás
rágat,rúgat
rágós,rugós
rágós,rúgós
rakat,ríkat
rámol,romol
rámos,romos
rámos,rumos
randi,rendi
rassz,rossz
rátúr,retúr
regös,rögös
rémes,rímes
repít,röpít
repül,röpül
reszt,rüszt
rétor,rotor
retus,rítus
rívás,rovás
rizsa,rózsa
romos,rumos
rugós,rúgós
rábír,rásír
rábök,rálök
rábúj,ráfúj
ráció,rádió
rádűl,ráhűl
ráfér,rákér
ráfér,rámér
ráfér,rátér
ráfon,rávon
ráfúr,rákúr
ráfúr,rátúr
ráfut,rájut
ráfűz,rátűz
rágás,rámás
rágás,rázás
rágat,ráhat
rágat,rázat
rágós,rázós
ráhág,rárág
ráhág,rávág
ráhat,rázat
ráint,ráont
ráint,ráönt
rájár,rávár
rájár,rázár
rákel,rálel
rákér,rámér
rákér,rátér
rákos,rámos
rákúr,rátúr
rálát,rátát
rámás,rázás
rámer,ráver
rámér,rátér
rámol,rátol
ráolt,ráölt
ráont,ráönt
rárág,rávág
rárúg,rázúg
rátét,rávét
rávár,rázár
rebeg,remeg
rebeg,rezeg
regél,remél
reked,reped
remeg,rezeg
remek,retek
rémes,rétes
rémül,révül
rence,repce
rengő,rezgő
repes,reves
repes,rezes
reves,rezes
riksa,rizsa
riska,ritka
robog,ropog
röfög,röhög
rubin,rutin
radar,radír
rádől,rádűl
ráfér,ráfúr
ráfut,ráfűt
rágás,rágós
rához,ráhúz
rákap,ráköp
rákér,rákúr
rálep,rálép
rálep,rálop
rálép,rálop
rámar,rámer
rámar,rámér
rámás,rámos
rámer,rámér
ráolt,ráont
ráölt,ráönt
rárág,rárúg
rátát,rátét
rátér,rátör
rátér,rátúr
rátér,rátűr
rátör,rátúr
rátör,rátűr
rátúr,rátűr
rávár,ráver
rávet,rávét
rázás,rázós
regél,regöl
remiz,remíz
rolli,rolni
rondó,rontó
röpke,röpte
rúgás,rúgós
rutén,rutin
rábír,rábíz
ráérő,ráért
ráfog,ráfon
ráfúj,ráfúr
ráfűt,ráfűz
rákel,ráken
ráköp,ráköt
rálel,rálep
rálel,ráles
rálep,ráles
rámás,rámáz
rámol,rámos
ráold,ráolt
rásül,rásüt
rátér,rátét
rátűr,rátűz
rávág,rávár
ráver,rávet
rávés,rávét
rázár,rázás
recés,recéz
redős,redőz
regöl,regös
remeg,remek
rendi,rendű
reped,repes
réteg,rétes
rezeg,rezel
rezeg,rezes
rezeg,rezez
rezel,rezes
rezel,rezez
rezes,rezez
rezsi,rezsó
riadó,riadt
rímel,rímes
robog,robot
rohad,roham
rohad,rohan
roham,rohan
romol,romos
ronda,rondó
rovar,rovat
rudal,rudas
rudal,rudaz
rudas,rudaz
ruhás,ruház
zenés,fenés
zárat,tárat
zárol,tárol
zárul,tárul
zömít,tömít
zárás,várás
zárat,várat
zabol,rabol
závár,rávár
zengő,rengő
zúgat,rúgat
zengő,lengő
zokni,lokni
zabos,habos
zajló,hajló
zárul,hárul
zörgő,hörgő
zörög,hörög
zárka,márka
zenés,menés
zajog,sajog
zúgat,súgat
zamat,kamat
zavar,kavar
zenés,kenés
zerge,kerge
zombi,kombi
zabos,babos
zajos,bajos
zárka,bárka
zúgat,búgat
zárda,gárda
zörgő,görgő
zörög,görög
zamat,pamat
zárás,párás
zárás,párás
zárka,párka
zárol,párol
zengő,pengő
zörgő,pörgő
zörög,pörög
zárda,dárda
zörej,dörej
zörgő,dörgő
zörög,dörög
zárás,járás
zárat,járat
zárda,járda
zárul,járul
zabos,zajos
zápul,zárul
zihál,zilál
zabál,zabol
zárda,zárka
zárol,zárul
zabol,zabos
zajog,zajos
zárka,zárkő
zenél,zenés
lejtő,fejtő
lelel,felel
leles,feles
lenti,fenti
lórum,fórum
lőtér,főtér
löveg,föveg
lövés,fövés
lurkó,furkó
lapos,tapos
lehet,tehet
lelel,telel
lelep,telep
lépés,tépés
lépet,tépet
levés,tevés
liszt,tiszt
lódít,tódít
lódul,tódul
lakol,vakol
lakás,rakás
lakat,rakat
lámpa,rámpa
lázár,rázár
lebeg,rebeg
légió,régió
lengő,rengő
letúr,retúr
lévén,révén
leves,reves
lobog,robog
lohad,rohad
ludas,rudas
lengő,zengő
lokni,zokni
latol,hatol
lázas,házas
lebeg,hebeg
lever,hever
leves,heves
libás,hibás
lobbi,hobbi
lódít,hódít
lázas,mázas
lenti,menti
lottó,mottó
lotyó,motyó
lapka,sapka
lékel,sékel
lakás,kakás
laska,kaska
lelep,kelep
lelet,kelet
lenéz,kenéz
lépes,képes
lever,kever
levés,kevés
lohol,kohol
lopás,kopás
lőlap,kőlap
lőpor,kőpor
lövet,követ
lábos,bábos
lanka,banka
leáll,beáll
leárt,beárt
lebír,bebír
lebőg,bebőg
lebök,bebök
lebúj,bebúj
ledob,bedob
ledöf,bedöf
ledől,bedől
ledug,bedug
ledűl,bedűl
leedz,beedz
leejt,beejt
lefal,befal
lefed,befed
lefej,befej
lefen,befen
lefér,befér
lefog,befog
lefon,befon
leföd,beföd
lefőz,befőz
lefúj,befúj
lefúr,befúr
lefut,befut
lefűz,befűz
lehág,behág
lehal,behal
lehat,behat
lehív,behív
lehoz,behoz
lehúz,behúz
lehűl,behűl
lehűt,behűt
leing,being
leint,beint
lejár,bejár
lejön,bejön
lejut,bejut
lekap,bekap
lekel,bekel
leken,beken
lekér,bekér
leköp,beköp
leköt,beköt
lekúr,bekúr
lelát,belát
lelel,belel
lelep,belep
lelép,belép
leles,beles
lelóg,belóg
lelop,belop
lelök,belök
lemar,bemar
lemer,bemer
lemér,bemér
lemos,bemos
leműt,beműt
lenéz,benéz
lenti,benti
leold,beold
leolt,beolt
leölt,beölt
leönt,beönt
lerág,berág
lerak,berak
leráz,beráz
lerúg,berúg
lesír,besír
lesóz,besóz
lesúg,besúg
lesül,besül
lesüt,besüt
lesző,besző
letár,betár
letép,betép
letér,betér
letét,betét
letol,betol
letöm,betöm
letör,betör
letud,betud
letúr,betúr
letűr,betűr
letűz,betűz
levág,bevág
leváj,beváj
levár,bevár
levéd,bevéd
lever,bever
levés,bevés
levet,bevet
levét,bevét
levív,bevív
levon,bevon
lezár,bezár
lezúg,bezúg
lezúz,bezúz
lódít,bódít
lódul,bódul
lunda,bunda
lenti,centi
lombú,combú
lúgos,cúgos
lénia,xénia
lakli,pakli
lakol,pakol
lapol,papol
lapos,papos
lenge,penge
lengő,pengő
lépes,pépes
liheg,piheg
lötty,pötty
lutri,putri
lelel,delel
levon,devon
lobog,dobog
lobos,dobos
legel,jegel
lelel,jelel
leles,jeles
lövés,jövés
lövet,jövet
lábos,lobos
láger,lóger
lapos,lápos
latol,letol
lázár,lezár
lazít,lázít
lebeg,libeg
leesz,luesz
lefej,lófej
lefog,lófog
légós,lógós
lekel,lékel
lepet,lépet
letér,lőtér
levés,lövés
levet,lövet
lista,lusta
lábad,lázad
lábas,lázas
labor,lator
lábos,lápos
ladik,lakik
lakol,lapol
lakol,latol
lakos,lapos
lanka,lapka
lanka,laska
lapít,lazít
lapka,laska
lapol,latol
lapul,lazul
leáld,leold
lebír,lesír
lebök,lelök
lebúj,lefúj
lécel,lékel
léces,lépes
lecke,lepke
ledér,lefér
ledér,lekér
ledér,lemér
ledér,letér
ledől,lefől
ledűl,lehűl
lefal,lehal
lefen,leken
lefér,lekér
lefér,lemér
lefér,letér
lefon,levon
lefúr,lekúr
lefúr,letúr
lefut,lejut
lefűz,letűz
legel,lehel
legel,lekel
legel,lelel
legel,lepel
lehág,lerág
lehág,levág
lehel,lekel
lehel,lelel
lehel,lepel
lehet,lelet
lehet,lepet
lehet,levet
lehív,levív
lehúz,lezúz
lehűt,leműt
leint,leönt
lejár,lesár
lejár,letár
lejár,levár
lejár,lezár
lekel,lelel
lekel,lepel
lekér,lemér
lekér,letér
lekúr,letúr
lelel,lepel
lelép,letép
leles,leves
lelet,lepet
lelet,levet
lemer,lever
lemér,letér
leolt,leölt
lepet,levet
lerág,levág
lerúg,lesúg
lerúg,lezúg
lesár,letár
lesár,levár
lesár,lezár
lesúg,lezúg
letár,levár
letár,lezár
letét,levét
levár,lezár
libás,lilás
libeg,lifeg
libeg,liheg
lifeg,liheg
lóbáz,lógáz
lökés,lövés
löket,lövet
ludas,lugas
lábal,lábol
lábas,lábos
lábsó,lábtó
lakás,lakos
lapát,lapít
lapol,lapul
lárma,lárva
lebeg,lebőg
lebuj,lebúj
ledől,ledűl
leedz,leesz
lefal,lefől
lefed,leföd
lefej,lefúj
lefen,lefon
lefér,lefúr
lefőz,lefűz
lehal,lehel
lehal,lehűl
lehat,lehet
lehat,lehűt
lehel,lehűl
lehet,lehűt
lehoz,lehúz
lekap,leköp
lekér,lekúr
lelát,lelet
lelep,lelép
lelep,lelop
lelép,lelop
lemar,lemer
lemar,lemér
lemer,lemér
lenni,lenti
leölt,leönt
lépes,lépés
lerág,lerúg
lesár,lesír
letár,letér
letár,letör
letár,letúr
letár,letűr
letér,letör
letér,letúr
letér,letűr
letör,letúr
letör,letűr
letúr,letűr
levár,lever
leves,levés
levet,levét
libás,libus
lógás,lógós
lopás,lopós
lórom,lórum
lottó,lotyó
lábad,lábal
lábad,lábas
lábal,lábas
lábol,lábos
lábtó,lábtő
lakáj,lakás
lakol,lakos
lapol,lapos
lapol,lapoz
lapos,lapoz
latol,lator
lázad,lázas
leáld,leáll
lécel,léces
lécel,lécez
léces,lécez
leesd,leesz
lefed,lefej
lefed,lefen
lefej,lefen
lefog,lefon
lefől,lefőz
lefúj,lefúr
lehal,lehat
lehel,lehet
lehűl,lehűt
leing,leint
lekel,leken
leköp,leköt
lelel,lelep
lelel,leles
lelel,lelet
lelep,leles
lelep,lelet
leles,lelet
lelki,lelkű
lemer,lemez
lenge,lengő
leold,leolt
lepel,lepet
lépes,lépet
lépte,léptű
lerág,leráz
lesül,lesüt
letép,letér
letép,letét
letér,letét
letöm,letör
létra,létre
letűr,letűz
levág,leváj
levág,levár
leváj,levár
levéd,levél
levéd,levés
levéd,levét
levél,levés
levél,levét
lever,leves
lever,levet
leves,levet
levés,levét
lezúg,lezúz
lóbál,lóbáz
lobog,lobos
lógás,lógáz
lovag,loval
lovag,lovas
lovag,lovaz
loval,lovas
loval,lovaz
lovas,lovaz
löveg,lövet
lúgos,lúgoz
edény,idény
ellet,illet
ellik,illik
emitt,imitt
emígy,imígy
eszik,iszik
eszik,úszik
eddig,addig
ekkor,akkor
elbán,albán
elmos,álmos
eltér,altér
elvég,alvég
ennyi,annyi
eszik,aszik
eztán,aztán
ezért,azért
elmos,ólmos
eltár,oltár
eszes,őszes
eseng,cseng
egyel,ügyel
egyes,ügyes
elnök,ülnök
előke,ülőke
ebadó,eladó
ebfog,elfog
echós,ekhós
edény,erény
egres,epres
egres,ezres
ehető,etető
ejtet,estet
elért,ezért
epika,etika
epres,ezres
erély,esély
eszel,ezzel
egres,egyes
elbír,elsír
elbír,előír
elbök,ellök
elbök,elnök
elbúg,elrúg
elbúg,elsúg
elbúg,elzúg
elbúj,elfúj
eldúl,elfúl
eldűl,elhűl
eleik,ellik
elejt,elojt
elfal,elhal
elfon,elvon
elfut,eljut
elfér,elkér
elfér,elmér
elfér,eltér
elfér,elvér
elfér,előér
elfúr,elkúr
elfúr,eltúr
elfűt,elhűt
elfűt,elműt
elfűz,eltűz
elhúz,elzúz
elhűt,elműt
elint,elont
elint,elönt
eljár,eltár
eljár,elvár
eljár,elzár
elkel,ellel
elkel,eltel
elken,ellen
elkél,elvél
elkél,előél
elkér,elmér
elkér,eltér
elkér,elvér
elkér,előér
elkúr,eltúr
ellel,eltel
ellet,elvet
ellop,elrop
ellát,eltát
ellép,eltép
ellés,elmés
ellés,elvés
ellök,elnök
elmer,elver
elmér,eltér
elmér,elvér
elmér,előér
elmés,elvés
elold,eláld
elolt,elölt
elont,elönt
elrág,elvág
elrúg,elsúg
elrúg,elzúg
elsző,előző
elsír,előír
elsúg,elzúg
elsül,előül
eltár,elvár
eltár,elzár
eltér,elvér
eltér,előér
elvár,elzár
elvég,előég
elvél,előél
elvér,előér
elárt,elért
elébb,előbb
esket,estet
egybe,egyke
egybe,egyre
egyke,egyre
elbőg,elbúg
eldől,eldúl
eldől,eldűl
eldúl,eldűl
eleji,elemi
elfal,elfúl
elfed,elföd
elfut,elfűt
elfáj,elfúj
elfér,elfúr
elfőz,elfűz
elhal,elhál
elhal,elhűl
elhat,elhűt
elhoz,elhúz
elhál,elhűl
elkap,elköp
elkel,elkél
elkér,elkúr
ellep,ellop
ellep,ellép
elles,ellés
ellet,ellát
ellik,ellök
ellop,ellép
elmar,elmer
elmar,elmér
elmer,elmér
elmos,elmés
elojt,elolt
elojt,elont
elolt,elont
elrág,elrúg
eltel,eltol
eltár,eltér
eltár,eltör
eltár,eltúr
eltár,eltűr
eltér,eltör
eltér,eltúr
eltér,eltűr
eltör,eltúr
eltör,eltűr
eltúr,eltűr
elvan,elvon
elver,elvár
elver,elvér
elvet,elvét
elvág,elvég
elvár,elvér
előfő,előnő
előfő,előző
előke,előre
előnő,előző
előél,előül
előér,előír
elölt,elönt
erély,erény
egyed,egyel
egyed,egyes
egyed,egyet
egyel,egyes
egyel,egyet
egyes,egyet
egyéb,egyén
elbír,elbíz
elbúg,elbúj
eleji,elejt
elfog,elfon
elfúj,elfúl
elfúj,elfúr
elfúl,elfúr
elfűt,elfűz
elhal,elhat
elhűl,elhűt
elkel,elken
elkél,elkér
elköp,elköt
ellel,ellen
ellel,ellep
ellel,elles
ellel,ellet
ellen,ellep
ellen,elles
ellen,ellet
ellep,elles
ellep,ellet
elles,ellet
ellép,ellés
elmér,elmés
elold,elolt
elrág,elráz
elsül,elsüt
eltár,eltát
eltép,eltér
eltöm,eltör
eltűr,eltűz
elver,elvet
elvág,elvár
elvéd,elvég
elvéd,elvél
elvéd,elvér
elvéd,elvés
elvéd,elvét
elvég,elvél
elvég,elvér
elvég,elvés
elvég,elvét
elvél,elvér
elvél,elvés
elvél,elvét
elvér,elvés
elvér,elvét
elvés,elvét
elzúg,elzúz
eláld,eláll
előny,előnő
előég,előél
előég,előér
előél,előér
emelt,emelő
eseti,esett
eszel,eszes
ezred,ezres
halas,falas
harag,farag
hinta,finta
horda,forda
horog,forog
hotel,fotel
hűtés,fűtés
halál,talál
hámfa,támfa
hanga,tanga
hanti,tanti
hárul,tárul
határ,tatár
havas,tavas
hinta,tinta
hódít,tódít
hölgy,tölgy
humor,tumor
húros,túros
hágat,vágat
hajas,vajas
hajaz,vajaz
hálás,válás
halőr,valőr
hámos,vámos
hasal,vasal
hasas,vasas
hegyi,vegyi
hékás,vékás
hidra,vidra
hitel,vitel
hitet,vitet
hívás,vívás
hívat,vívat
holta,volta
hölgy,völgy
hadar,radar
hágat,rágat
hámos,rámos
hangú,rangú
hebeg,rebeg
hektó,rektó
heves,reves
hideg,rideg
hímes,rímes
hívás,rívás
hossz,rossz
habos,zabos
hajló,zajló
hárul,zárul
hörgő,zörgő
hörög,zörög
hatol,latol
házas,lázas
hebeg,lebeg
hever,lever
heves,leves
hibás,libás
hobbi,lobbi
hódít,lódít
hájas,májas
halom,malom
halőr,malőr
hámor,mámor
harci,marci
haris,maris
házas,mázas
hinta,minta
hódol,módol
horog,morog
hotel,motel
hurok,murok
hajtó,sajtó
hámfa,sámfa
hápog,sápog
havas,savas
hízik,sízik
huhog,suhog
hüllő,süllő
habar,kabar
hajol,kajol
hanta,kanta
hever,kever
hódol,kódol
horda,korda
horog,korog
horpa,korpa
hüllő,küllő
habos,babos
hadar,badar
hántó,bántó
határ,batár
hever,bever
hízik,bízik
hódít,bódít
horda,borda
hordó,bordó
hőség,bőség
hulla,bulla
hunyó,bunyó
hurok,burok
hűvös,bűvös
hímez,címez
háncs,gáncs
hörgő,görgő
hörög,görög
halló,palló
hasas,pasas
hatás,patás
hatás,patás
henna,penna
horhó,porhó
hörgő,pörgő
hörög,pörög
halma,Dalma
hörgő,dörgő
hörög,dörög
három,járom
hárul,járul
heges,jeges
hajas,hájas
hajas,héjas
hájas,héjas
hajaz,hájaz
hajaz,héjaz
hájaz,héjaz
halál,hálál
halló,helló
halló,holló
hámor,humor
hanta,hinta
hántó,hintó
hányó,hunyó
hasít,hűsít
haver,hever
házal,huzal
hébér,hűbér
helló,holló
hetel,hitel
hetel,hotel
hetes,hites
hitel,hotel
hízás,hozás
hízás,húzás
hozam,huzam
hozás,húzás
hozat,huzat
hozat,húzat
hőség,hűség
huzat,húzat
habar,hadar
habar,hamar
habár,határ
habos,hatos
hadar,hamar
hajas,halas
hajas,hasas
hajas,havas
hájas,hátas
hájas,házas
hajaz,havaz
hajít,hasít
hajló,halló
hajló,hasló
hajol,hatol
hákog,hápog
halad,hasad
halas,hasas
halas,havas
halló,hasló
hámfa,hárfa
hapci,harci
haris,hasis
hárul,hátul
hasas,havas
hátal,házal
hátas,házas
hébér,hévér
heges,hetes
heges,heves
hegyi,helyi
hetes,heves
hiába,himba
hímes,híres
hívás,hízás
húros,húsos
hűdés,hűlés
hűdés,hűtés
hűlés,hűtés
habar,habár
hadar,hadúr
hajas,hajós
hajló,hajtó
halma,halva
hanga,hanta
hántó,hányó
hapci,hapsi
hárem,három
hasas,hasis
haskó,hasló
hátal,hátul
hatás,hatos
hátha,hátra
héber,hébér
herba,herma
horda,horpa
hordó,horhó
húzás,húzós
habán,habár
habog,habos
hajas,hajaz
hájas,hájaz
hajtó,hajtű
halad,halas
hálál,hálás
hallé,halló
hámfa,hámfű
hámor,hámos
hámor,hámoz
hámos,hámoz
hanga,hangú
hanta,hanti
harag,harap
hasad,hasal
hasad,hasas
hasal,hasas
hátal,hátas
határ,hatás
hatol,hatos
havas,havaz
házal,házas
heged,heges
hegyi,hegyű
héjas,héjaz
hékám,hékás
helyi,helyt
hetel,hetes
hever,heves
hibás,hibáz
hidal,hidas
hímen,hímes
hímen,hímez
hímes,hímez
hindi,hindu
hinta,hintó
hitel,hites
hitel,hitet
hites,hitet
honol,honos
horda,hordó
hozam,hozat
hunyó,hunyt
húros,húroz
húsol,húsos
huzal,huzam
huzal,huzat
huzam,huzat
magáz,fagáz
marad,farad
marok,farok
másít,fásít
másul,fásul
meddő,feddő
menés,fenés
menet,fenet
menti,fenti
méreg,féreg
minta,finta
modor,fodor
morog,forog
mosás,fosás
motel,fotel
magló,tagló
magol,tagol
magoz,tagoz
mangó,tangó
marja,tarja
márna,tárna
matyó,tatyó
merít,terít
merül,terül
minta,tinta
múlás,túlás
mutyi,tutyi
makog,vakog
malőr,valőr
másik,vásik
másít,vásít
mázol,vázol
meder,veder
metél,vetél
mogul,vogul
magoz,ragoz
mákos,rákos
megél,regél
megöl,regöl
mímel,rímel
mokka,rokka
monda,ronda
mondó,rondó
motor,rotor
márka,zárka
menés,zenés
mázas,lázas
menti,lenti
mottó,lottó
motyó,lotyó
májas,hájas
malom,halom
malőr,halőr
mámor,hámor
marci,harci
maris,haris
mázas,házas
minta,hinta
módol,hódol
morog,horog
motel,hotel
murok,hurok
márga,sárga
marok,sarok
megél,segél
modor,sodor
macsó,kacsó
makaó,kakaó
mankó,kankó
manna,kanna
marós,karós
matat,katat
menés,kenés
ménes,kénes
menet,kenet
méreg,kéreg
mérés,kérés
méret,kéret
merít,kerít
merül,kerül
miért,kiért
módol,kódol
monda,konda
morál,korál
morog,korog
motor,kotor
muksi,kuksi
murva,kurva
mutat,kutat
major,bajor
málna,bálna
mangó,bangó
mankó,bankó
márka,bárka
márki,bárki
maszk,baszk
menti,benti
modor,bodor
motor,botor
motoz,botoz
muksi,buksi
murok,burok
mankó,cankó
menti,centi
marat,garat
mázol,gázol
menny,genny
morál,gorál
mulya,gulya
major,pajor
mamut,pamut
mancs,pancs
manír,panír
márka,párka
márna,párna
medál,pedál
meder,peder
menny,penny
mohos,pohos
mulya,pulya
mákos,dákos
mancs,dancs
mánia,Dánia
marás,darás
merít,derít
merül,derül
mohos,dohos
múlás,dúlás
múlta,dúlta
murva,durva
mutyi,dutyi
mérce,jérce
módos,jódos
muhar,juhar
makró,mikró
marci,murci
marha,mirha
maris,máris
maris,muris
máris,muris
marok,murok
matat,mutat
matyó,motyó
mázsa,múzsa
megül,mögül
menta,minta
méter,muter
mivel,művel
morva,murva
mackó,mankó
mágia,mánia
mágus,május
májas,mázas
majom,malom
málna,márna
mangó,margó
marat,matat
márka,mátka
másol,mázol
megél,mesél
megél,metél
megró,metró
megül,merül
méhes,ménes
méhes,mézes
mekeg,meleg
menés,mesés
ménes,mézes
mersz,metsz
mesél,metél
minta,mióta
mivel,mixel
modor,motor
modul,mogul
mohás,mosás
mondó,mosdó
morog,mozog
mucus,mumus
mulat,mutat
műbor,műsor
műfaj,műhaj
műfaj,művaj
műhaj,művaj
mackó,macsó
magas,magos
magáz,magoz
magló,magnó
májas,május
makaó,makró
málha,málna
mancs,manus
mangó,mankó
marás,maris
marás,marós
marci,marsi
marci,marxi
marék,marok
márga,márka
márga,márna
marha,marja
maris,marós
márka,márna
marsi,marxi
másol,másul
megél,megöl
megél,megül
megér,megír
megfő,meglő
megfő,megnő
meglő,megnő
megöl,megül
menta,menza
mérmű,mérvű
metél,metil
mióma,mióta
mohás,mohos
mókás,mókus
mottó,motyó
múlta,múlva
műbor,műbőr
műlap,műlép
madám,madár
magán,magáz
magol,magos
magol,magoz
magos,magoz
majom,major
mákos,mákoz
marad,marat
márka,márki
másod,másol
megég,megél
megég,megér
megél,megér
megfő,megfú
megül,megüt
mellé,mellű
menta,mente
menta,menti
menta,mentő
mente,menti
mente,mentő
menti,mentő
mered,merev
méreg,méret
mesél,mesés
mézel,mézes
mézel,mézez
mézes,mézez
minél,minét
mixel,mixer
módol,módos
monda,mondó
motor,motoz
muksi,muksó
művel,műves
úszik,iszik
úszik,eszik
újult,ájult
úszik,aszik
útadó,átadó
újbor,újkor
sarki,farki
sarkú,farkú
sarok,farok
sellő,fellő
síber,fíber
sodor,fodor
sámfa,támfa
sarló,tarló
sároz,tároz
sáska,táska
savas,tavas
seper,teper
sérül,térül
sincs,tincs
sorol,torol
soros,toros
soroz,toroz
sömör,tömör
sarjú,varjú
sáros,város
sasfa,vasfa
sértő,vértő
sörös,vörös
segél,regél
sikít,rikít
súgás,rúgás
súgat,rúgat
sajog,zajog
súgat,zúgat
sapka,lapka
sékel,lékel
sajtó,hajtó
sámfa,hámfa
sápog,hápog
savas,havas
sízik,hízik
suhog,huhog
süllő,hüllő
sárga,márga
sarok,marok
segél,megél
sodor,modor
sakál,kakál
sáros,káros
sellő,kellő
sifon,kifon
sikér,kikér
sincs,kincs
sivár,kivár
sorfa,korfa
soros,koros
sörös,körös
sörte,körte
süldő,küldő
süllő,küllő
sanda,banda
sátor,bátor
serke,berke
sírás,bírás
sízik,bízik
sodor,bodor
sóher,bóher
soros,boros
súgás,búgás
súgat,búgat
sólya,gólya
suvad,guvad
sanda,panda
sáros,páros
sereg,pereg
sólya,pólya
sorol,porol
soros,poros
soroz,poroz
suska,puska
sajka,dajka
sajka,Dajka
sürög,dürög
senki,jenki
serke,jerke
sajtó,sújtó
sakál,sikál
sámfa,somfa
sámli,simli
sápít,sipít
sapka,sipka
sáros,soros
sároz,soroz
sáska,sóska
sáska,suska
sellő,süllő
seprű,söprű
siket,süket
sivár,sóvár
sivít,süvít
skicc,slicc
skicc,spicc
slicc,spicc
sorol,súrol
sóska,suska
sajka,sapka
sámán,sátán
sáros,sásos
sáros,sávos
sároz,sávoz
sásos,sávos
síbol,sípol
sikít,simít
sikít,sipít
sikít,sivít
síkos,sípos
simít,sipít
simít,sivít
sipít,sivít
sóder,sóher
somfa,sorfa
sömör,söpör
sörét,sötét
spájz,spejz
sudár,sugár
suhog,susog
süket,sütet
sajgó,sajtó
sajka,sajna
sarjú,sarkú
savas,savós
siker,sikér
siket,sikít
sírás,sírós
sódar,sóder
sorba,sorfa
sorba,sorja
sorfa,sorja
süldő,süllő
sarki,sarkú
sáros,sároz
sávos,sávoz
sebes,sebez
segéd,segél
seprő,seprű
síbol,síbot
siker,siket
sípol,sípos
sorol,soros
sorol,soroz
soros,soroz
aorta,torta
állat,illat
arány,irány
ártás,irtás
ártat,irtat
aszik,iszik
addig,eddig
akkor,ekkor
albán,elbán
álmos,elmos
altér,eltér
alvég,elvég
annyi,ennyi
aszik,eszik
azért,ezért
aztán,eztán
ájult,újult
aszik,úszik
átadó,útadó
agyal,ágyal
ágyal,agyal
altat,áltat
áltat,altat
áldat,oldat
áldoz,oldoz
álmos,ólmos
almoz,ólmoz
altat,oltat
áltat,oltat
alvad,olvad
amely,émely
alatt,blatt
árlap,űrlap
alatt,platt
aorta,porta
abcúg,ancúg
adoma,aroma
adott,amott
agyag,anyag
ahány,arány
ajóka,apóka
ajóka,apóka
ajtós,autós
ajzat,alzat
ajzat,aszat
alany,arany
állag,átlag
álmos,átmos
áltat,ártat
áltat,áztat
alzat,aszat
anyai,atyai
anyus,atyus
ápolt,átolt
arató,avató
árkos,átkos
ártat,áztat
ártér,áttér
aszal,azzal
ablak,abrak
adott,adutt
akkor,aktor
aknáz,aktáz
aláad,alvad
aláás,almás
aláás,alvás
aláér,altér
áldás,állás
áldat,állat
áldat,áltat
alhas,aljas
alkat,altat
alkat,alzat
állat,áltat
almás,alvás
altat,alzat
amely,amily
apóka,apuka
apóka,apuka
arany,arány
árgus,árkus
árpás,ártás
átall,átáll
átbök,átlök
átbúj,átfúj
átdűl,áthűl
átejt,átojt
átfáj,átváj
átfér,átkér
átfér,átmér
átfér,áttér
átfon,átvon
átfúr,átkúr
átfúr,áttúr
átfut,átjut
átfűt,áthűt
átfűt,átműt
átfűz,áttűz
áthág,átrág
áthág,átvág
áthív,átvív
áthoz,átkoz
áthűt,átműt
áthúz,átzúz
átint,átönt
átjár,áttár
átkel,átlel
átkér,átmér
átkér,áttér
átkos,átmos
átkúr,áttúr
átlép,áttép
átmer,átver
átmér,áttér
átolt,átölt
átrág,átvág
átrúg,átsúg
átrúg,átzúg
átsúg,átzúg
áttét,átvét
ágyas,ágyás
ágyas,ágyús
ágyás,ágyús
ágyaz,ágyúz
aláér,aláír
aláfő,alálő
alakú,alapú
alant,alatt
alkat,alkot
állat,állít
amice,amire
anyás,anyós
anyás,anyus
anyós,anyus
árkos,árkus
átdől,átdűl
átfáj,átfej
átfáj,átfúj
átfed,átföd
átfej,átfúj
átfér,átfúr
átfőz,átfűz
átfut,átfűt
áthal,áthűl
áthat,áthűt
áthoz,áthúz
átkap,átköp
átkel,átkél
átkér,átkúr
átlag,átlóg
átlep,átlép
átlep,átlop
átlép,átlop
átles,átlós
átmar,átmer
átmar,átmér
átmer,átmér
átojt,átolt
átölt,átönt
átrág,átrúg
áttár,áttér
áttár,áttör
áttár,áttúr
áttár,áttűr
áttér,áttör
áttér,áttúr
áttér,áttűr
áttör,áttúr
áttör,áttűr
áttúr,áttűr
átvet,átvét
agyag,agyal
agyag,agyar
agyal,agyar
ágyal,ágyas
ágyal,ágyaz
ágyas,ágyaz
ágyús,ágyúz
ahova,ahová
aknás,aknáz
aláfő,aláfú
alaki,alakú
alant,alany
alárí,aláró
aljas,aljaz
alkar,alkat
álláb,állás
állag,állam
állag,állat
állam,állat
állta,álltó
által,áltat
alvás,alváz
aminő,amint
anyag,anyai
ápoló,ápolt
apród,apróz
árkol,árkos
aszal,aszat
átfed,átfej
átfog,átfon
átfúj,átfúr
átfűt,átfűz
áthal,áthat
áthűl,áthűt
átkel,átken
átkél,átkér
átköp,átköt
átkos,átkoz
átlel,átlep
átlel,átles
átlep,átles
átlóg,átlós
átold,átolt
átrág,átráz
átsül,átsüt
áttép,áttér
áttép,áttét
áttér,áttét
áttöm,áttör
áttűr,áttűz
átvág,átváj
átver,átvet
átvés,átvét
átzúg,átzúz
oázás,fázás
oázik,fázik
oázis,fázis
oázik,iázik
odáig,idáig
odébb,idébb
oktat,iktat
onnét,innét
omlik,ömlik
oázás,rázás
ólmos,elmos
oltár,eltár
oldat,áldat
oldoz,áldoz
ólmos,álmos
ólmoz,almoz
oltat,altat
oltat,áltat
olvad,alvad
oázis,bázis
ontat,untat
oázás,orzás
ódium,ópium
odvas,olvas
ojtás,oltás
ojtat,oktat
ojtat,oltat
ojtat,ontat
oktat,oltat
oktat,ontat
oltat,ontat
odább,odébb
oldat,oltat
oázás,oázis
odaát,odaüt
odaél,odaöl
odaél,odaül
odaér,odaír
odafő,odalő
odafő,odanő
odalő,odanő
odaöl,odaül
omlás,omlós
oszló,osztó
oázik,oázis
odaás,odaát
odaég,odaél
odaég,odaér
odaél,odaér
odaül,odaüt
oldal,oldat
ólmos,ólmoz
oltár,oltás
olvad,olvas
orsós,orsóz
őszes,eszes
ősapa,csapa
őrzés,érzés
őszít,uszít
őzike,szike
őrlés,őrzés
őskép,ősnép
cseng,eseng
csapa,ősapa
csiba,zsiba
csóka,Zsóka
csákó,csikó
csali,csili
csánk,csonk
csapa,csipa
csapa,csupa
csatt,csitt
csáva,csóva
csecs,csöcs
csecs,csúcs
csekk,csikk
csend,csönd
cseng,csöng
cseng,csüng
csepp,csöpp
csere,csőre
csipa,csupa
csira,csíra
csoda,csuda
csóka,csuka
csöcs,csúcs
csöng,csüng
csája,csáva
csaló,csapó
csapa,csata
csele,csere
csiba,csiga
csiba,csipa
csiba,csira
csiga,csipa
csiga,csira
csili,csini
csipa,csira
csóka,csóva
csuda,csuha
csuda,csuka
csuda,csuma
csuda,csupa
csuha,csuka
csuha,csuma
csuha,csupa
csuka,csuma
csuka,csupa
csuma,csupa
csügg,csüng
csali,csaló
csapa,csapó
csata,csaté
csata,csatt
csaté,csatt
csend,cseng
csepp,csepű
csiba,csibe
csikk,csikó
csonk,csont
csönd,csöng
csőre,csőrű
csuha,csuhé
égető,igető
évlap,ívlap
éltet,öltet
émely,amely
érzés,őrzés
égető,ügető
éltet,ültet
égett,érett
éhség,épség
éltet,értet
étlap,évlap
érces,érdes
érdek,érsek
érlel,érvel
értet,érzet
érték,érzék
értés,érzés
érzik,érzék
ébred,ébren
égett,égető
éltes,éltet
érdek,érdem
érdek,érdes
érdem,érdes
érték,értés
érzék,érzés
kacér,facér
kalap,falap
karol,farol
kasza,fasza
kaszt,faszt
kéreg,féreg
kellő,fellő
kenet,fenet
kenés,fenés
klott,flott
korda,forda
korgó,forgó
korog,forog
koszt,foszt
koton,foton
kőfal,főfal
kőzet,főzet
kúria,fúria
karaj,taraj
karéj,taréj
karol,tarol
kelep,telep
kelte,telte
kerep,terep
keres,teres
kerít,terít
kerül,terül
kevés,tevés
kincs,tincs
koboz,toboz
kopog,topog
koros,toros
korzó,torzó
költő,töltő
köret,töret
körül,törül
köves,töves
káros,város
kásás,vásás
késés,vésés
késet,véset
keres,veres
keret,veret
kirág,virág
körös,vörös
kakás,rakás
kandi,randi
kapli,rapli
kávés,rávés
késel,résel
kétes,rétes
kence,rence
kezel,rezel
kezes,rezes
kezez,rezez
kiadó,riadó
konda,ronda
kontó,rontó
kopog,ropog
kotor,rotor
kovás,rovás
köhög,röhög
köpül,röpül
kutin,rutin
kamat,zamat
kavar,zavar
kenés,zenés
kerge,zerge
kombi,zombi
kakás,lakás
kaska,laska
képes,lépes
kelep,lelep
kelet,lelet
kenéz,lenéz
kever,lever
kevés,levés
kohol,lohol
kopás,lopás
kőlap,lőlap
kőpor,lőpor
követ,lövet
kabar,habar
kajol,hajol
kanta,hanta
kever,hever
kódol,hódol
korda,horda
korog,horog
korpa,horpa
küllő,hüllő
kacsó,macsó
kakaó,makaó
kankó,mankó
kanna,manna
karós,marós
katat,matat
kénes,ménes
kéreg,méreg
kérés,mérés
kéret,méret
kenet,menet
kenés,menés
kerít,merít
kerül,merül
kiért,miért
kódol,módol
konda,monda
korál,morál
korog,morog
kotor,motor
kuksi,muksi
kurva,murva
kutat,mutat
kakál,sakál
káros,sáros
kellő,sellő
kifon,sifon
kikér,sikér
kincs,sincs
kivár,sivár
korfa,sorfa
koros,soros
körös,sörös
körte,sörte
küldő,süldő
küllő,süllő
kankó,bankó
kánya,bánya
karát,barát
karom,barom
kazár,bazár
kékít,békít
kékül,békül
kelep,belep
kendő,bendő
kenéz,benéz
kerek,berek
keton,beton
kever,bever
kevés,bevés
klikk,blikk
koksz,boksz
kontó,bontó
korda,borda
koros,boros
korsó,borsó
kotor,botor
kőrös,bőrös
kuckó,buckó
kukás,bukás
kuksi,buksi
kukta,bukta
káfol,cáfol
kankó,cankó
képel,gépel
kenus,genus
kitár,gitár
korál,gorál
körbe,görbe
kamat,pamat
karaj,paraj
karéj,paréj
káros,páros
képes,pépes
keres,peres
kocka,pocka
konty,ponty
koros,poros
kórus,pórus
korzó,porzó
koszt,poszt
kúpos,púpos
kelta,delta
keres,deres
kerék,derék
kerít,derít
kerül,derül
kíván,díván
koboz,doboz
kongó,dongó
kurva,durva
kotta,jotta
követ,jövet
kurta,jurta
kábel,kebel
kakás,kákás
kakás,kukás
kákás,kukás
kalap,kőlap
kánai,kínai
kanál,kínál
kandi,kondi
kapás,kopás
kapor,kőpor
kárál,korál
kárál,kúrál
karfa,korfa
károg,korog
karom,korom
karos,káros
karos,koros
karos,kóros
káros,koros
káros,kóros
kasza,kósza
kasza,kusza
kaszt,készt
kaszt,koszt
katat,kutat
kávés,kevés
kávés,kivés
kazár,kizár
kégli,kugli
kéret,keret
kéret,köret
kéret,küret
kérte,körte
készt,koszt
keksz,koksz
kelep,kilep
kellő,küllő
kenéz,kinéz
kepés,köpés
keret,köret
keret,küret
kerít,körít
kerül,körül
keton,koton
kever,kiver
kevés,kivés
kezdő,küzdő
kezel,közel
khmer,kimer
kicsi,kocsi
kívül,kövül
kifal,kőfal
kifej,kőfej
kiint,kvint
kiles,köles
kilök,kölök
kisír,kősír
kitin,kutin
kivet,követ
korál,kúrál
koros,kóros
kósza,kusza
köret,küret
körös,kőrös
kabar,kapar
kabar,kavar
kabát,karát
kacaj,karaj
kacat,kamat
kacat,kapat
kacat,katat
kacor,kapor
kajál,kakál
kajál,kanál
kajál,kapál
kaján,kazán
kajol,karol
kakál,kanál
kakál,kapál
kakás,kapás
kákás,kásás
kalóz,karóz
kamat,kapat
kamat,katat
kanál,kapál
kanca,kapca
kanta,kapta
kapar,kavar
kapat,katat
kapós,karós
karos,kasos
kebel,kezel
kéjes,kékes
kéjes,kénes
kéjes,képes
kéjes,késes
kéjes,kétes
kéjnő,kémnő
kékes,kénes
kékes,képes
kékes,késes
kékes,kétes
kémel,képel
kémel,késel
kénes,képes
kénes,késes
kénes,kétes
kénez,képez
képel,késel
képes,késes
képes,kétes
kérés,késés
kéret,késet
késes,kétes
kehes,keres
kehes,kezes
kehül,kerül
kelep,kerep
kelet,kenet
kelet,keret
kelés,kenés
kelés,kepés
kelés,kevés
kendő,kezdő
kenet,keret
kenés,kepés
kenés,kevés
kenéz,kepéz
kepés,kevés
keres,kezes
kibír,kisír
kibök,kilök
kibök,kipök
kibúj,kifúj
kidől,kifől
kidűl,kihűl
kidűt,kifűt
kidűt,kihűt
kidűt,kiműt
kifal,kihal
kifen,kiken
kifon,kivon
kifut,kijut
kifér,kikér
kifér,kimér
kifér,kitér
kifúr,kikúr
kifúr,kitúr
kifűt,kihűt
kifűt,kiműt
kifűz,kitűz
kihág,kirág
kihág,kivág
kihív,kivív
kihúz,kizúz
kihűt,kiműt
kiint,kiont
kiint,kiönt
kiirt,kiárt
kiirt,kiért
kiirt,kiírt
kijár,kitár
kijár,kivár
kijár,kizár
kikel,kilel
kikél,kivél
kikér,kimér
kikér,kitér
kikúr,kitúr
kilát,kitát
kilép,kitép
kilét,kivét
kilök,kipök
kimer,kiver
kimér,kitér
kinin,kitin
kiolt,kiált
kiolt,kiélt
kiolt,kiölt
kiont,kiönt
kirág,kivág
kirúg,kisúg
kirúg,kizúg
kisúg,kizúg
kitár,kivár
kitár,kizár
kivár,kizár
kiált,kiélt
kiált,kiölt
kiárt,kiért
kiárt,kiírt
kiélt,kiölt
kiért,kiírt
kobra,kopra
kocog,kopog
kocog,korog
kócol,kódol
kócos,kóros
komál,korál
komló,kotló
komor,kotor
konda,korda
kongó,korgó
konty,korty
kopár,kosár
kopás,kovás
kopog,korog
kóser,kóter
köböl,ködöl
köböl,közöl
köbös,ködös
köbös,körös
köbös,közös
köböz,köröz
köböz,kötöz
ködöl,közöl
ködös,körös
ködös,közös
köles,köves
köpés,kötés
köpet,köret
köpet,kötet
köpet,követ
köpül,körül
köpül,kövül
köpül,közül
körbe,közbe
köret,kötet
köret,követ
körmű,közmű
körös,közös
köröz,kötöz
körút,közút
körül,kövül
körül,közül
köteg,közeg
kötet,követ
kövül,közül
kubik,kuvik
kujon,kupon
kukac,kupac
kukta,kurta
küldő,küzdő
kábel,kábul
kacér,kacor
kádár,káder
kadet,kadét
kajál,kajol
kakál,kakil
kakas,kakás
kanca,kanna
kanca,kanta
kanna,kanta
kapar,kapor
kapás,kapós
kapás,kapus
kapca,kapta
kapli,kapni
kapli,kapri
kapni,kapri
kapós,kapus
karaj,karéj
karám,karom
karél,karol
karfa,karma
karos,karós
kaska,kasza
kései,késői
késes,késés
késet,készt
kelme,kelte
kenus,kenés
kerek,kerék
keret,kerít
kibic,kibuc
kidől,kidűl
kifal,kifől
kifal,kifúl
kifej,kifúj
kifen,kifon
kifut,kifűt
kifér,kifúr
kifől,kifúl
kifőz,kifűz
kihal,kihűl
kihat,kihűt
kihoz,kihúz
kiint,kiirt
kikap,kiköp
kikel,kikél
kikér,kikúr
kilep,kilop
kilep,kilép
kiles,kilós
kilop,kilép
kilát,kilét
kilát,kilót
kilét,kilót
kimar,kimer
kimar,kimér
kimer,kimér
kiolt,kiont
kirág,kirúg
kitár,kitér
kitár,kitör
kitár,kitúr
kitár,kitűr
kitér,kitör
kitér,kitúr
kitér,kitűr
kitör,kitúr
kitör,kitűr
kitúr,kitűr
kivan,kivon
kiver,kivár
kivet,kivét
kiált,kiárt
kiélt,kiért
kiölt,kiönt
kondi,konzi
kongó,kontó
kopek,kopik
kopja,kopra
korcs,koros
korda,korfa
korda,korpa
korfa,korpa
korgó,korsó
korgó,korzó
kóros,kórus
korsó,korzó
kotla,kotta
kotló,kotró
körbe,körte
köret,körít
köret,körút
kőris,kőrös
körít,körút
közbe,közre
közel,közöl
közel,közül
közöl,közül
kreál,kreol
kupac,kupec
kurta,kurva
küldő,küllő
küldő,külső
küllő,külső
kvint,kvitt
kacag,kacaj
kacag,kacat
kacaj,kacat
kacsa,kacsó
kajál,kaján
kakál,kakás
kakaó,kakas
kapál,kapás
kapar,kapat
karám,karát
karéj,karél
károg,káros
karol,karom
karol,karos
karom,karos
karós,karóz
kasza,kaszt
kazah,kazal
kazán,kazár
kénes,kénez
képed,képel
képed,képes
képed,képez
képel,képes
képel,képez
képes,képez
kéreg,kéret
kései,késel
kései,késes
kései,késet
késel,késes
késel,késet
késes,késet
késői,későn
kelep,kelet
kelta,kelte
kenés,kenéz
kepés,kepéz
kerek,kerep
kerek,keres
kerek,keret
kerep,keres
kerep,keret
keres,keret
ketté,kettő
kezel,kezes
kezel,kezez
kezes,kezez
kidűl,kidűt
kiesd,kieső
kínos,kínoz
kifed,kifej
kifed,kifen
kifej,kifen
kifog,kifon
kifől,kifőz
kifúj,kifúl
kifúj,kifúr
kifúl,kifúr
kifűt,kifűz
kihal,kihat
kihűl,kihűt
kikel,kiken
kikél,kikér
kiköp,kiköt
kilel,kilep
kilel,kiles
kilep,kiles
kilép,kilét
kilóg,kilós
kilóg,kilót
kilós,kilót
kiold,kiolt
kirág,kiráz
kisül,kisüt
kitár,kitát
kitép,kitér
kitöm,kitör
kitűr,kitűz
kiver,kivet
kivág,kiváj
kivág,kivár
kiváj,kivár
kivéd,kivél
kivéd,kivés
kivéd,kivét
kivél,kivés
kivél,kivét
kivés,kivét
kizúg,kizúz
kiáll,kiált
kócol,kócos
konda,kondi
kontó,konty
kopár,kopás
korál,korán
korda,kordé
korog,korom
korog,koros
korom,koros
kotla,kotló
koton,kotor
köböl,köbös
köböl,köböz
köbös,köböz
ködöl,ködös
körít,körív
köröm,körös
köröm,köröz
körös,köröz
köteg,kötet
kötél,kötés
köves,követ
köves,kövez
követ,kövez
közeg,közel
közöl,közös
kupac,kupak
kúpol,kúpos
kutas,kutat
kvarc,kvark
kvarc,kvart
kvark,kvart
bázis,fázis
belég,felég
belel,felel
beles,feles
bélés,félés
belez,felez
bélfa,félfa
belső,felső
belül,felül
benső,fenső
benti,fenti
birka,firka
bodor,fodor
bogas,fogas
bogyó,fogyó
borda,forda
bugáz,fugáz
bájol,tájol
bangó,tangó
banya,tanya
bárca,tárca
barka,tarka
barkó,tarkó
batár,tatár
belel,telel
belep,telep
béres,téres
bétel,tétel
bevés,tevés
bódít,tódít
bódul,tódul
boros,toros
böfög,töfög
bőröz,tőröz
butul,tutul
bénít,vénít
béres,véres
bétel,vétel
badar,radar
becéz,recéz
betúr,retúr
bingó,ringó
bogyó,rogyó
bomol,romol
bontó,rontó
botor,rotor
böfög,röfög
búgás,rúgás
búgat,rúgat
büszt,rüszt
babos,zabos
bajos,zajos
bárka,zárka
búgat,zúgat
bábos,lábos
banka,lanka
beáll,leáll
beárt,leárt
bebír,lebír
bebőg,lebőg
bebök,lebök
bebúj,lebúj
bedob,ledob
bedöf,ledöf
bedől,ledől
bedug,ledug
bedűl,ledűl
beedz,leedz
beejt,leejt
befal,lefal
befed,lefed
befej,lefej
befen,lefen
befér,lefér
befog,lefog
befon,lefon
beföd,leföd
befőz,lefőz
befúj,lefúj
befúr,lefúr
befut,lefut
befűz,lefűz
behág,lehág
behal,lehal
behat,lehat
behív,lehív
behoz,lehoz
behúz,lehúz
behűl,lehűl
behűt,lehűt
being,leing
beint,leint
bejár,lejár
bejön,lejön
bejut,lejut
bekap,lekap
bekel,lekel
beken,leken
bekér,lekér
beköp,leköp
beköt,leköt
bekúr,lekúr
belát,lelát
belel,lelel
belep,lelep
belép,lelép
beles,leles
belóg,lelóg
belop,lelop
belök,lelök
bemar,lemar
bemer,lemer
bemér,lemér
bemos,lemos
beműt,leműt
benéz,lenéz
benti,lenti
beold,leold
beolt,leolt
beölt,leölt
beönt,leönt
berág,lerág
berak,lerak
beráz,leráz
berúg,lerúg
besír,lesír
besóz,lesóz
besúg,lesúg
besül,lesül
besüt,lesüt
besző,lesző
betár,letár
betép,letép
betér,letér
betét,letét
betol,letol
betöm,letöm
betör,letör
betud,letud
betúr,letúr
betűr,letűr
betűz,letűz
bevág,levág
beváj,leváj
bevár,levár
bevéd,levéd
bever,lever
bevés,levés
bevet,levet
bevét,levét
bevív,levív
bevon,levon
bezár,lezár
bezúg,lezúg
bezúz,lezúz
bódít,lódít
bódul,lódul
bunda,lunda
babos,habos
badar,hadar
bántó,hántó
batár,határ
bever,hever
bízik,hízik
bódít,hódít
borda,horda
bordó,hordó
bőség,hőség
bulla,hulla
bunyó,hunyó
burok,hurok
bűvös,hűvös
bajor,major
bálna,málna
bangó,mangó
bankó,mankó
bárka,márka
bárki,márki
baszk,maszk
benti,menti
bodor,modor
botor,motor
botoz,motoz
buksi,muksi
burok,murok
banda,sanda
bátor,sátor
berke,serke
bírás,sírás
bízik,sízik
bodor,sodor
bóher,sóher
boros,soros
búgás,súgás
búgat,súgat
blatt,alatt
bázis,oázis
bankó,kankó
bánya,kánya
barát,karát
barom,karom
bazár,kazár
békít,kékít
békül,kékül
belep,kelep
bendő,kendő
benéz,kenéz
berek,kerek
beton,keton
bever,kever
bevés,kevés
blikk,klikk
boksz,koksz
bontó,kontó
borda,korda
boros,koros
borsó,korsó
botor,kotor
bőrös,kőrös
buckó,kuckó
bukás,kukás
buksi,kuksi
bukta,kukta
bankó,cankó
benti,centi
betli,cetli
birka,cirka
birok,cirok
bomba,gomba
brill,grill
bajor,pajor
banda,panda
bánik,pánik
bárka,párka
bécsi,pécsi
blatt,platt
borít,porít
boros,poros
böfög,pöfög
balos,dalos
belel,delel
bevon,devon
bingó,dingó
brill,drill
búsít,dúsít
búsul,dúsul
belel,jelel
beles,jeles
belez,jelez
berke,jerke
bogos,jogos
babos,bábos
babos,búbos
bábos,búbos
bácsi,bécsi
baing,being
bajos,bájos
balga,belga
balti,bolti
bamba,bomba
banda,bunda
bangó,bingó
bankó,bunkó
bántó,bontó
banya,bánya
barka,bárka
barka,birka
bárka,birka
bárói,bírói
batár,betár
batik,butik
bátor,botor
bátor,bútor
bazár,bezár
béget,bőget
bejár,bojár
beken,béken
belég,bélég
belel,bélel
beles,béles
berág,borág
berke,bőrke
berke,bürke
betát,bétát
betol,botol
bevár,búvár
bigyó,bogyó
bírás,burás
birok,burok
botor,bútor
böfög,büfög
bőrke,bürke
bugás,búgás
busás,búsás
babos,bajos
babos,balos
bábos,bájos
bajos,balos
banka,barka
banka,batka
bankó,barkó
bánya,bátya
barka,batka
batár,bazár
beárt,beért
bebír,besír
bebök,belök
bebúg,berúg
bebúg,besúg
bebúg,bezúg
bebúj,befúj
becéz,benéz
bedűl,behűl
beejt,beojt
beeső,belső
beeső,benső
befal,behal
befen,beken
befér,bekér
befér,bemér
befér,betér
befon,beton
befon,bevon
befúr,bekúr
befúr,betúr
befut,bejut
befűt,behűt
befűt,beműt
befűt,behűt
befűt,beműt
befűz,betűz
behág,berág
behág,bevág
behív,bevív
behúz,bezúz
behűt,beműt
beint,beönt
bejár,betár
bejár,bevár
bejár,bezár
bekel,belel
bekér,bemér
bekér,betér
békés,bélés
békít,bénít
bekúr,betúr
belát,betát
bélel,bérel
bélel,bétel
belép,betép
béles,béres
belét,betét
belét,bevét
belső,benső
belül,besül
bemer,bever
bemér,betér
beolt,beölt
berág,bevág
bérel,bétel
berúg,besúg
berúg,bezúg
besúg,bezúg
betár,bevár
betár,bezár
betét,bevét
beton,bevon
bevár,bezár
blikk,blokk
bodor,bokor
bodor,botor
bogár,bojár
bogos,boros
bogos,botos
bogos,boyos
bogoz,botoz
bokor,botor
bomol,botol
boros,botos
boros,boyos
botos,boyos
bődül,bővül
bravó,brávó
buckó,bunkó
bugás,bukás
bugás,burás
bugás,busás
búgás,búsás
bújik,búvik
bukás,burás
bukás,busás
bukik,butik
burás,busás
bűnös,bűvös
bűnös,bűzös
bűvöl,bűzöl
bűvös,bűzös
balga,balra
balga,balta
balra,balta
banda,banka
banda,banya
bangó,bankó
banka,banya
barát,barit
bárca,bárha
bárca,bárka
bárha,bárka
barka,barna
bárki,bármi
bárki,bárói
bármi,bárói
bebőg,bebúg
bedől,bedűl
befal,befúl
befed,beföd
befej,befúj
befen,befon
befér,befúr
befőz,befűz
befut,befűt
befut,befűt
behal,behál
behal,behűl
behál,behűl
behat,behűt
behoz,behúz
bekap,beköp
békél,békül
bekér,bekúr
belát,belét
belég,belóg
belel,belül
belep,belép
belep,belop
belép,belop
béles,bélés
bemar,bemer
bemar,bemér
bemer,bemér
bendő,benső
beojt,beolt
beölt,beönt
berág,berúg
berak,berek
besóz,bessz
betár,betér
betár,betör
betár,betúr
betár,betűr
betát,betét
betér,betör
betér,betúr
betér,betűr
betör,betúr
betör,betűr
betúr,betűr
bevár,bever
bevet,bevét
bibés,bibis
bogas,bogos
bolsi,bolti
bordó,borsó
boros,borús
bőgés,bőgős
bunkó,bunyó
bábos,báboz
bájol,bájos
bajor,bajos
balog,balos
balta,balti
bamba,bambi
banka,banki
banka,bankó
banki,bankó
barka,barkó
bárka,bárki
bebúg,bebúj
befed,befej
befed,befen
befej,befen
befog,befon
befúj,befúl
befúj,befúr
befúl,befúr
befűt,befűz
befűt,befűz
behág,behál
behal,behat
behűl,behűt
being,beint
bekel,beken
békél,békés
beköp,beköt
belég,belép
belég,belét
bélég,bélés
belei,belel
belei,belep
belei,beles
belei,belez
belel,belep
belel,beles
belel,belez
bélel,béles
belep,beles
belep,belez
belép,belét
beles,belez
beold,beolt
berág,beráz
bérel,béres
bérel,bérez
béres,bérez
besül,besüt
betár,betát
betép,betér
betép,betét
betér,betét
betol,beton
betöm,betör
betűr,betűs
betűr,betűz
betűs,betűz
bevág,beváj
bevág,bevár
beváj,bevár
bevéd,bevés
bevéd,bevét
bever,bevet
bevés,bevét
bezúg,bezúz
bírál,bírás
bogos,bogoz
borda,bordó
botol,botor
botol,botos
botol,botoz
botor,botos
botor,botoz
botos,botoz
bőrös,bőröz
búbol,búbos
bucka,buckó
bugás,bugáz
butul,butus
bűvöl,bűvös
bűzöl,bűzös
ügető,igető
ültet,öltet
ügyel,egyel
ügyes,egyes
ülnök,elnök
ülőke,előke
űrlap,árlap
ügető,égető
ültet,éltet
ültet,üttet
ülhet,ültet
üstök,üszök
üdvös,üdvöz
ügyel,ügyes
üszög,üszök
undok,indok
untat,ontat
uszít,őszít
ugrás,ugrós
ugrál,ugrás
undok,undor
centi,fenti
cirka,firka
cubák,tubák
centi,lenti
combú,lombú
cúgos,lúgos
címez,hímez
cankó,mankó
centi,menti
cáfol,káfol
cankó,kankó
cankó,bankó
centi,benti
cetli,betli
cirka,birka
cirok,birok
cöcög,göcög
cöcög,döcög
cafra,cifra
célár,cézár
cibál,citál
cafka,cafra
cárné,cárnő
címer,címez
cirka,cirkó
zsiba,csiba
Zsóka,csóka
zsába,zsiba
zsalu,zsaru
zseni,zsepi
gémes,fémes
geszt,feszt
glanc,flanc
golyó,folyó
guvat,fuvat
galaj,talaj
geszt,teszt
grupp,trupp
gurul,turul
garas,varas
gázol,vázol
geszt,veszt
gödör,vödör
gátol,rátol
gémes,rémes
geszt,reszt
gipsz,ripsz
gárda,zárda
görgő,zörgő
görög,zörög
gáncs,háncs
görgő,hörgő
görög,hörög
garat,marat
gázol,mázol
genny,menny
gorál,morál
gulya,mulya
gólya,sólya
guvad,suvad
genus,kenus
gépel,képel
gitár,kitár
gorál,korál
görbe,körbe
gomba,bomba
grill,brill
göcög,cöcög
gálya,pálya
genny,penny
gólya,pólya
gödör,pödör
görgő,pörgő
görög,pörög
gulya,pulya
gárda,dárda
gettó,dettó
göcög,döcög
görgő,dörgő
görög,dörög
grill,drill
gárda,járda
gálya,gólya
gálya,gulya
gamma,gemma
garda,gárda
gazda,gizda
gazol,gázol
gazos,gázos
gólya,gulya
galaj,ganaj
garda,gazda
gátló,gázló
gátol,gázol
göcög,görög
gőgös,gőzös
grand,grund
ganaj,ganéj
gázai,gázsi
gumis,gumós
ganéj,ganéz
garas,garat
gazda,gazdi
gazol,gazos
gázol,gázos
gőzöl,gőzös
gumis,gumiz
guvad,guvat
gügye,gügyü
xilol,tilol
xénia,lénia
pajta,fajta
palás,falás
palka,falka
pokol,fokol
poszt,foszt
puccs,fuccs
pálca,tálca
papír,tapír
papos,tapos
paraj,taraj
paréj,taréj
párló,tárló
párna,tárna
párol,tárol
perel,terel
perem,terem
peres,teres
pesti,testi
pompa,tompa
porol,torol
poros,toros
poroz,toroz
porta,torta
porzó,torzó
pöfög,töfög
pöröl,töröl
proli,troli
padló,vadló
pakol,vakol
párás,várás
párás,várás
páros,város
párta,várta
pasas,vasas
peder,veder
perem,verem
peres,veres
pilla,villa
pirít,virít
pirul,virul
pödör,vödör
packa,racka
pajta,rajta
passz,rassz
pengő,rengő
pesti,resti
posta,rosta
pöfög,röfög
pamat,zamat
párás,zárás
párás,zárás
párka,zárka
párol,zárol
pengő,zengő
pörgő,zörgő
pörög,zörög
pakli,lakli
pakol,lakol
papol,lapol
papos,lapos
penge,lenge
pengő,lengő
pépes,lépes
piheg,liheg
pötty,lötty
putri,lutri
palló,halló
pasas,hasas
patás,hatás
patás,hatás
penna,henna
porhó,horhó
pörgő,hörgő
pörög,hörög
pajor,major
pamut,mamut
pancs,mancs
panír,manír
párka,márka
párna,márna
pedál,medál
peder,meder
penny,menny
pohos,mohos
pulya,mulya
panda,sanda
páros,sáros
pereg,sereg
pólya,sólya
porol,sorol
poros,soros
poroz,soroz
puska,suska
platt,alatt
porta,aorta
pamat,kamat
paraj,karaj
paréj,karéj
páros,káros
pépes,képes
peres,keres
pocka,kocka
ponty,konty
poros,koros
pórus,kórus
porzó,korzó
poszt,koszt
púpos,kúpos
pajor,bajor
panda,banda
pánik,bánik
párka,bárka
pécsi,bécsi
platt,blatt
porít,borít
poros,boros
pöfög,böfög
pálya,gálya
penny,genny
pólya,gólya
pödör,gödör
pörgő,görgő
pörög,görög
pulya,gulya
pancs,dancs
peres,deres
pilis,dilis
pohos,dohos
pörgő,dörgő
pörög,dörög
pudli,dudli
pudva,dudva
párás,járás
párás,járás
párta,járta
passz,jassz
packa,pocka
pácol,pucol
pacsi,pécsi
pakli,pukli
pakol,pokol
palka,polka
pálya,pólya
pálya,pulya
pampa,pompa
pampa,pumpa
pancs,puncs
papos,púpos
párló,porló
párol,porol
páros,piros
páros,poros
párta,porta
passz,pissz
pausz,plusz
pecér,pucér
peder,púder
pelus,pólus
pergő,pörgő
petty,pötty
picik,pocik
pinty,ponty
pirít,porít
piros,poros
pirul,pórul
pisze,pösze
piszi,puszi
pólya,pulya
pompa,pumpa
packa,padka
packa,palka
pácol,páhol
pácol,párol
padka,palka
padló,palló
padol,pakol
padol,papol
páhol,párol
pajti,parti
pakol,papol
palás,patás
palás,patás
pálos,páros
panír,papír
párás,pávás
párás,pávás
passz,pausz
pengő,pergő
pilis,pisis
pilla,pisla
pilon,piton
pipál,pisál
pipás,pisás
pipil,pisil
pocka,polka
poéta,porta
poéta,posta
pofoz,poroz
pohos,poros
pokol,porol
pólus,pórus
porta,posta
pótol,pózol
pöfög,pörög
puccs,puncs
pudli,pukli
pulpa,pumpa
pacni,pacsi
pálca,pálma
pálca,pálya
pálma,pálya
pamat,pamut
paraj,paréj
párás,páros
párás,páros
pária,párka
pária,párna
pária,párta
párka,párna
párka,párta
párna,párta
pipál,pipil
pirit,pirít
pisál,pisil
pisás,pisis
pocak,pocik
pocak,pocok
pocik,pocok
poéma,poéta
porhó,porló
porhó,pornó
porhó,portó
porhó,porzó
porló,pornó
porló,portó
porló,porzó
pornó,portó
pornó,porzó
portó,porzó
próba,próza
profi,proli
pulpa,pulya
pacák,pacáz
pajta,pajti
papné,papnő
papol,papos
párol,páros
parte,parti
penge,pengő
penna,penny
perec,pereg
perec,perel
perec,perem
perec,peres
pereg,perel
pereg,perem
pereg,peres
perel,perem
perel,peres
perem,peres
piheg,pihen
pilla,pille
pipál,pipás
pirog,piros
pisál,pisás
pisil,pisis
pisze,piszi
plató,platt
pofon,pofoz
porol,poros
porol,poroz
poros,poroz
porta,portó
pórul,pórus
pörge,pörgő
pörög,pöröl
punci,puncs
púpos,púpoz
dátum,fátum
delel,felel
délig,félig
delnő,felnő
délre,félre
dagad,tagad
Dakar,takar
dalár,talár
damil,tamil
delel,telel
deres,teres
derít,terít
derül,terül
doboz,toboz
donna,tonna
dotál,totál
dömés,tömés
drapp,trapp
dudás,tudás
dudor,tudor
dúlás,túlás
dutyi,tutyi
Dakar,vakar
deres,veres
dagad,ragad
dákos,rákos
dendi,rendi
dingó,ringó
dobog,robog
dugós,rugós
dárda,zárda
dörej,zörej
dörgő,zörgő
dörög,zörög
delel,lelel
devon,levon
dobog,lobog
dobos,lobos
Dalma,halma
dörgő,hörgő
dörög,hörög
dákos,mákos
dancs,mancs
Dánia,mánia
darás,marás
derít,merít
derül,merül
dohos,mohos
dúlás,múlás
dúlta,múlta
durva,murva
dutyi,mutyi
dajka,sajka
Dajka,sajka
dürög,sürög
delta,kelta
derék,kerék
deres,keres
derít,kerít
derül,kerül
díván,kíván
doboz,koboz
dongó,kongó
durva,kurva
dalos,balos
delel,belel
devon,bevon
dingó,bingó
drill,brill
dúsít,búsít
dúsul,búsul
döcög,cöcög
dárda,gárda
dettó,gettó
döcög,göcög
dörgő,görgő
dörög,görög
drill,grill
dancs,pancs
deres,peres
dilis,pilis
dohos,pohos
dörgő,pörgő
dörög,pörög
dudli,pudli
dudva,pudva
dajka,Dajka
Dajka,dajka
dárda,járda
delel,jelel
durák,jurák
Dacia,Dácia
dacol,dúcol
dalia,dália
datál,dotál
delta,dúlta
dénár,dinár
dendi,dundi
dingó,dongó
donna,dunna
döbög,dübög
dörög,dürög
Dácia,Dánia
dacol,dalol
dacol,danol
dacos,dalos
dadus,darus
Dajka,Dakka
dalol,danol
darál,datál
dobál,dotál
dobog,dohog
dobog,dolog
dobos,dohos
dohog,dolog
döbög,döcög
döbög,dödög
döbög,dönög
döbög,dörög
döcög,dödög
döcög,dönög
döcög,dörög
dödög,dönög
dödög,dörög
döfés,dömés
döföl,dögöl
dönög,dörög
dúcol,dúdol
dudál,dukál
dudál,dumál
dudás,dumás
dudva,durva
dukál,dumál
dübög,dürög
darás,darus
deres,derűs
dinár,diner
dióda,diófa
dobál,dobol
dobás,dobos
donga,donna
döfés,döfős
drága,dráma
dugat,dugít
dunai,dundi
dacol,dacos
dalol,dalos
darál,darás
dekád,dekás
delej,delel
díjas,díjaz
dobál,dobás
dobog,dobol
dobog,dobos
dobog,doboz
dobol,dobos
dobol,doboz
dobos,doboz
dohog,dohos
donga,dongó
dudál,dudás
dukál,dukát
dumál,dumás
szike,őzike
szaka,szuka
szaki,sziki
szála,szila
szála,szula
szánt,szent
szánt,szint
szarv,szerv
szász,szesz
szász,szósz
szász,szösz
szász,szusz
szegy,szügy
szelő,szőlő
szelő,szülő
szent,szint
szerb,szorb
szérű,szőrű
szesz,szósz
szesz,szösz
szesz,szusz
szett,szőtt
szike,szőke
szila,szula
szipó,szopó
szirt,szórt
szirt,szórt
szirt,szűrt
szóró,szúró
szórt,szűrt
szórt,szűrt
szósz,szösz
szósz,szusz
szőlő,szülő
szösz,szusz
szabi,szaki
szagú,szavú
szájú,szálú
szájú,számú
szájú,szárú
szálú,számú
szálú,szárú
számú,szárú
szedő,szegő
szedő,szelő
szegő,szelő
szélű,szérű
szent,szett
szent,szext
szett,szext
szila,szita
szint,szirt
színű,szívű
szoci,szoli
szóda,szófa
szóda,szója
szóda,szóra
szófa,szója
szófa,szóra
szója,szóra
szóló,szóró
szökő,szövő
szuka,szula
szűnő,szűrő
szabi,szabó
szaka,szaki
szála,száll
szála,szálú
száll,szálú
szaru,szarv
szegő,szegy
szerb,szerv
szike,sziki
színi,színű
szívó,szívű
szóra,szóró
szóra,szórt
szóra,szórt
szóró,szórt
szóró,szórt
szörf,szörp
szüle,szülő
szűrő,szűrt
jelel,felel
jeles,feles
jelez,felez
jövés,fövés
járat,tárat
járul,tárul
jelel,telel
járás,várás
járat,várat
járta,várta
jassz,rassz
jódli,ródli
járás,zárás
járat,zárat
járda,zárda
járul,zárul
jegel,legel
jelel,lelel
jeles,leles
jövés,lövés
jövet,lövet
járom,három
járul,hárul
jeges,heges
jérce,mérce
jódos,módos
juhar,muhar
jenki,senki
jerke,serke
jotta,kotta
jövet,követ
jurta,kurta
jelel,belel
jeles,beles
jelez,belez
jerke,berke
jogos,bogos
járda,gárda
járás,párás
járás,párás
járta,párta
jassz,passz
járda,dárda
jelel,delel
jurák,durák
járta,jurta
jegel,jelel
jeges,jeles
jólét,jótét
junta,jurta
járda,járta
jégár,jéger
jelel,jelöl
jegel,jeges
jelel,jelen
jelel,jeles
jelel,jelez
jelen,jeles
jelen,jelez
jeles,jelez
jódos,jódoz
