lyukad,lyukas
fartat,tartat
felelő,telelő
fenyér,tenyér
foldoz,toldoz
furkál,turkál
félidő,télidő
főalak,tőalak
fejsze,vejsze
feszít,veszít
foltos,voltos
fagyás,ragyás
fajzik,rajzik
fecseg,recseg
fejlik,rejlik
fejtet,rejtet
fingat,ringat
fogyás,rogyás
földes,zöldes
fejtés,lejtés
fejtős,lejtős
felejt,lelejt
feltár,leltár
feszül,leszül
fagyás,hagyás
fajzat,hajzat
farács,harács
fattyú,hattyú
felvét,helvét
fiúsít,hiúsít
fagyal,magyal
farkos,markos
felles,melles
feszes,meszes
fordul,mordul
forgás,morgás
férges,mérges
fűszer,műszer
fűszál,műszál
farkos,sarkos
fejlik,sejlik
fejtet,sejtet
fejtés,sejtés
fekély,sekély
felejt,selejt
ferbli,serbli
ferdül,serdül
fújtat,sújtat
fövény,sövény
fanyar,kanyar
fecske,kecske
fenyér,kenyér
fohász,kohász
fondor,kondor
fordul,kordul
forgás,korgás
fókusz,kókusz
fráter,kráter
fényes,kényes
férges,kérges
fürtös,kürtös
felejt,belejt
felelő,belelő
feltér,beltér
fennül,bennül
feszít,beszít
feszül,beszül
fillér,billér
fodros,bodros
fodroz,bodroz
foglár,boglár
foltos,boltos
foltoz,boltoz
fújtat,bújtat
fölény,bölény
firkál,cirkál
foltos,coltos
fermán,germán
folyós,golyós
faktum,paktum
falánk,palánk
ferdít,perdít
ferdül,perdül
fillér,pillér
fincsi,pincsi
fityeg,pityeg
fontos,pontos
fungál,pungál
felelő,delelő
fikció,dikció
félidő,délidő
félkör,délkör
fülled,dülled
feladó,jeladó
felleg,jelleg
feltűz,jeltűz
felzet,jelzet
felölt,jelölt
fogász,jogász
futott,jutott
futtat,juttat
fabula,fibula
fagott,fogott
fagyás,fogyás
fakusz,fikusz
fakusz,fókusz
fartat,firtat
fel-le,föl-le
feladó,föladó
felajz,fölajz
felbőg,fölbőg
felbök,fölbök
felbúg,fölbúg
felbúj,fölbúj
feldob,földob
feldug,földug
feldől,földől
feldöf,földöf
feldúl,földúl
feldűl,földűl
feldűt,földűt
felelő,fülelő
felesz,fölesz
felfal,fölfal
felfed,fölfed
felfog,fölfog
felfon,fölfon
felfut,fölfut
felfér,fölfér
felfőz,fölfőz
felföd,fölföd
felfúj,fölfúj
felfűt,fölfűt
felfűz,fölfűz
felhat,fölhat
felhoz,fölhoz
felhág,fölhág
felhív,fölhív
felhúz,fölhúz
felint,fölint
feljut,följut
feljár,följár
feljön,följön
felkap,fölkap
felkel,fölkel
felken,fölken
felkél,fölkél
felkér,fölkér
felköp,fölköp
felköt,fölköt
fellel,föllel
felles,fölles
fellop,föllop
fellát,föllát
fellép,föllép
fellök,föllök
felmar,fölmar
felmer,fölmer
felmos,fölmos
felmér,fölmér
felnéz,fölnéz
felold,fölold
felrak,fölrak
felráz,fölráz
felrúg,fölrúg
felsír,fölsír
felsül,fölsül
feltol,föltol
feltud,föltud
feltár,föltár
feltát,föltát
feltép,föltép
feltér,föltér
feltét,föltét
feltör,föltör
feltúr,föltúr
feltűr,föltűr
feltűz,föltűz
felver,fölver
felvet,fölvet
felvon,fölvon
felvág,fölvág
felvár,fölvár
felvés,fölvés
felvét,fölvét
felzár,fölzár
felzúg,fölzúg
feláll,föláll
felölt,fölölt
felönt,fölönt
fennül,fönnül
ferdít,fordít
fermán,formán
fiaskó,flaskó
fikusz,fókusz
firkál,furkál
fojtat,fújtat
fuvóka,fúvóka
fészer,fűszer
főrész,fűrész
farönk,fatönk
fedett,felett
fedőkő,fenőkő
fejadó,feladó
fejlik,feslik
fejtet,fektet
fejtet,festet
fejtés,festés
fektet,festet
fekvés,felvés
felség,fenség
fiasít,fiúsít
fifika,fizika
fogott,fonott
fogyás,folyás
fogász,fohász
foltos,fontos
futóka,fuvóka
födött,fölött
fölény,fövény
fűtött,fűzött
fülész,füvész
fürtös,füstös
felbír,felsír
felbök,fellök
felbúg,felrúg
felbúg,felsúg
felbúg,felzúg
felbúj,felfúj
feldűt,felfűt
felező,felsző
felfal,felhal
felfon,felvon
felfut,feljut
felfér,felkér
felfér,felmér
felfér,feltér
felfúr,felkúr
felfúr,feltúr
felfűz,feltűz
felhág,felrág
felhág,felvág
felház,felráz
felhív,felvív
felhős,felsős
felhúz,felzúz
felint,felont
felint,felönt
feljár,feltár
feljár,felvár
feljár,felzár
felkar,felmar
felkel,fellel
felkél,felvél
felkér,felmér
felkér,feltér
felkúr,feltúr
fellát,feltát
fellép,feltép
felmer,felver
felmér,feltér
felolt,felölt
felont,felönt
felrág,felvág
felrúg,felsúg
felrúg,felzúg
felség,felvég
felsúg,felzúg
feltár,felvár
feltár,felzár
feltét,felvét
felvet,felzet
felvár,felzár
fennér,fenyér
feslés,festés
fogpor,fogsor
fogyás,fogzás
foldoz,foltoz
forgás,formás
forgás,forrás
formás,forrás
formáz,forráz
fundál,fungál
férges,férjes
fölbök,föllök
fölbúg,fölrúg
fölbúg,fölzúg
fölbúj,fölfúj
földel,fölkel
földel,föllel
földes,fölles
földűt,fölfűt
fölfon,fölvon
fölfut,följut
fölfér,fölkér
fölfér,fölmér
fölfér,föltér
fölfűz,föltűz
fölhág,fölvág
fölint,fölönt
följár,föltár
följár,fölvár
följár,fölzár
fölkel,föllel
fölkér,fölmér
fölkér,föltér
föllát,föltát
föllép,föltép
fölmer,fölver
fölmér,föltér
fölrúg,fölzúg
föltár,fölvár
föltár,fölzár
föltét,fölvét
fölvár,fölzár
föveny,fövény
fagyos,fagyás
farkas,farkos
fejtés,fejtős
felbőg,felbúg
feldől,feldúl
feldől,feldűl
feldúl,feldűl
feledz,felesz
felejt,felett
felelő,felező
felfed,felföd
felfut,felfűt
felfér,felfúr
felfőz,felfűz
felhoz,felház
felhoz,felhúz
felház,felhúz
felkap,felköp
felkar,felkér
felkar,felkúr
felkel,felkél
felkér,felkúr
felleg,fellóg
fellep,fellop
fellep,fellép
fellop,fellép
felmar,felmer
felmar,felmér
felmer,felmér
felolt,felont
felrág,felrúg
felsál,felsül
felség,felsúg
feltár,feltér
feltár,feltör
feltár,feltúr
feltár,feltűr
feltát,feltét
feltér,feltör
feltér,feltúr
feltér,feltűr
feltör,feltúr
feltör,feltűr
feltúr,feltűr
felver,felvár
felvet,felvét
felvág,felvég
felölt,felönt
fojtás,fojtós
fokoló,fokozó
folyás,folyós
forgás,forgós
fényév,fényív
fölbőg,fölbúg
földel,földől
földel,földúl
földel,földűl
földől,földúl
földől,földűl
földúl,földűl
földút,földűt
fölfed,fölföd
fölfej,fölfúj
fölfut,fölfűt
fölfőz,fölfűz
fölhoz,fölhúz
fölkap,fölköp
fölkel,fölkél
föllop,föllép
fölmar,fölmer
fölmar,fölmér
fölmer,fölmér
föltár,föltér
föltár,föltör
föltár,föltúr
föltár,föltűr
föltát,föltét
föltér,föltör
föltér,föltúr
föltér,föltűr
föltör,föltúr
föltör,föltűr
föltúr,föltűr
fölver,fölvár
fölvet,fölvét
fölölt,fölönt
fölölt,fölött
fölönt,fölött
fürdés,fürdős
fatető,fatetű
felbúg,felbúj
feldűl,feldűt
felfog,felfon
felfúj,felfúr
felfűt,felfűz
felhal,felhat
felhág,felhám
felhág,felház
felhám,felház
felhők,felhős
feling,felint
felkap,felkar
felkel,felken
felkél,felkér
felköp,felköt
felleg,fellel
felleg,fellep
felleg,felles
fellel,fellep
fellel,felles
fellep,felles
felold,felolt
felrág,felráz
felsül,felsüt
feltár,feltát
feltép,feltér
feltép,feltét
feltér,feltét
feltöm,feltör
feltűr,feltűz
felver,felvet
felvág,felvár
felvég,felvél
felvég,felvés
felvég,felvét
felvél,felvés
felvél,felvét
felvés,felvét
felzúg,felzúz
festék,festés
filmes,filmez
firkál,firkás
flaska,flaskó
fodros,fodroz
fogász,fogású
foltos,foltoz
folyam,folyat
fontol,fontos
formál,formán
formál,formás
formál,formáz
formán,formás
formán,formáz
formás,formáz
forrad,forral
forrás,forráz
félvad,félvak
fényes,fényez
fészek,fészer
fölbúg,fölbúj
földel,földes
földöf,földöv
földúl,földút
földűl,földűt
fölfed,fölfej
fölfog,fölfon
fölfűt,fölfűz
fölkel,fölken
fölkél,fölkér
fölköp,fölköt
föllel,fölles
föltár,föltát
föltép,föltér
föltép,föltét
föltér,föltét
föltűr,föltűz
fölver,fölvet
fölvág,fölvár
fölvés,fölvét
fűtési,fűtésű
fürtös,fürtöz
füstöl,füstös
gyenge,gyönge
gyalul,gyalus
gyomor,gyomos
gyönge,gyöngy
gyűrűs,gyűrűz
tartat,fartat
telelő,felelő
télidő,félidő
tenyér,fenyér
toldoz,foldoz
tőalak,főalak
turkál,furkál
takaró,vakaró
tályog,vályog
tehető,vehető
térkép,vérkép
termel,vermel
térség,vérség
tétlen,vétlen
tagadó,ragadó
táncol,ráncol
táncos,ráncos
tavasz,ravasz
tengés,rengés
tenget,renget
tombol,rombol
toppan,roppan
totyog,rotyog
tötyög,rötyög
tücsök,rücsök
tacskó,zacskó
tárlat,zárlat
tengés,zengés
tenget,zenget
tötyög,zötyög
táncol,láncol
táncos,láncos
tátott,látott
teázik,leázik
teendő,leendő
tehető,lehető
telkes,lelkes
tengés,lengés
tenget,lenget
tépdel,lépdel
tépked,lépked
tocsog,locsog
totyog,lotyog
tötyög,lötyög
tályog,hályog
tantál,hantál
tenger,henger
tintás,hintás
tiszti,hiszti
torkol,horkol
torony,horony
torpad,horpad
torzsa,horzsa
tagoló,magoló
terítő,merítő
tetsző,metsző
tintás,mintás
tokány,mokány
torzsa,morzsa
totyog,motyog
tábesz,sábesz
tampon,sampon
táncol,sáncol
tárház,sárház
tarkít,sarkít
tarlóz,sarlóz
tikkad,sikkad
tanári,kanári
tender,kender
tenyér,kenyér
terítő,kerítő
tettes,kettes
toppan,koppan
totyog,kotyog
töltés,költés
töltet,költet
tömény,kömény
tussol,kussol
tájoló,bájoló
tarack,barack
tárgyú,bárgyú
tarokk,barokk
teázik,beázik
teleél,beleél
teleír,beleír
telelő,belelő
telenő,belenő
teleró,beleró
teleül,beleül
tüntet,büntet
tiráda,ciráda
tiszta,ciszta
tallér,gallér
terjed,gerjed
tombol,gombol
tálcás,pálcás
tallér,pallér
tárlat,párlat
tároló,pároló
tengés,pengés
tenget,penget
termet,permet
ternye,pernye
totyog,potyog
tötyög,pötyög
tötyög,pötyög
tagadó,dagadó
telelő,delelő
télidő,délidő
télies,délies
terítő,derítő
tankol,tunkol
tányér,tenyér
tárlat,torlat
távoli,tivoli
térdel,tördel
terítő,térítő
tészta,tiszta
tippan,toppan
tagadó,tapadó
tagdíj,tandíj
taglóz,tarlóz
tájoló,tároló
takács,tanács
tapasz,tavasz
tápcső,távcső
tárlat,távlat
tározó,távozó
tehető,temető
tejelő,telelő
tejelő,terelő
telelő,terelő
tépdel,térdel
terves,tetves
tervez,tetvez
testes,tettes
tiltás,tintás
tiroli,tivoli
tokhal,tonhal
toppan,torpan
töltet,törtet
tömött,törött
tömzsi,törzsi
trafál,tréfál
tarhás,tartás
teljes,telkes
tender,tenger
tercel,terhel
tercel,termel
tercel,tervel
terhel,termel
terhel,tervel
terhes,termes
terhes,terves
termel,tervel
termes,terves
tettes,tetves
trilla,triola
trilla,tripla
triola,tripla
trónus,trópus
túlfen,túlken
túlfut,túljut
túlfűt,túlhűt
túlhág,túlrág
túlhág,túlság
túlhág,túlvág
túljár,túltár
túljár,túlvár
túlmer,túlver
túlmér,túltér
túlrág,túlság
túlrág,túlvág
túlrúg,túlzúg
túlság,túlvág
túltár,túlvár
tűzcső,tűzeső
tároló,tározó
tartás,tartós
tejfel,tejföl
teleél,teleül
telelő,telenő
termál,termel
termék,termik
termes,termés
termes,termős
termés,termős
termet,termit
túlfej,túlfúj
túlfut,túlfűt
túlhat,túlhűt
túllep,túllép
túlmer,túlmér
túlrág,túlrúg
túltár,túltér
túltár,túltör
túltér,túltör
túlvár,túlver
tűzerő,tűzeső
tűzerő,tűzevő
tűzeső,tűzevő
táblás,tábláz
tagoló,tagolt
takaró,takart
találó,talált
talpal,talpas
táncol,táncos
tanuló,tanult
tapadó,tapadt
tárgyi,tárgyú
tarhál,tarhás
tartam,tartat
tartár,tartás
téglás,tégláz
teknőc,teknős
telelé,telelő
tenger,tenget
tépdel,tépdes
terhel,terhes
termék,termés
termel,termes
termel,termet
termes,termet
termik,termit
tervel,terves
tervel,tervez
terves,tervez
tettes,tettet
tetves,tetvez
tiszta,tiszti
titkol,titkos
tollas,tollaz
torkol,torkos
torpad,torpan
többek,többes
törzsi,törzsű
tréfál,tréfás
tréfál,tréfáz
tréfás,tréfáz
túlfed,túlfej
túlfed,túlfen
túlfej,túlfen
túlhűl,túlhűt
túlkel,túlken
túlsül,túlsüt
túltöm,túltör
túlvág,túlvár
túlver,túlvet
ívezet,övezet
írezés,erezés
irányú,arányú
iszkol,ászkol
iktató,oktató
itthon,otthon
ittlét,ottlét
ivadék,óvadék
ívszám,évszám
irizál,urizál
iszony,uszony
idézet,igézet
iharos,iparos
iharos,ivaros
iparos,ivaros
isteni,itteni
idézés,időzés
idebök,idelök
idebúj,idefúj
idefen,idegen
idefen,ideken
idefut,idejut
idefér,idetér
idefűz,idetűz
idegen,ideken
ideges,ideles
idejár,idetár
idejár,idevár
idejár,idezár
idetár,idevár
idetár,idezár
idevár,idezár
idehoz,idehúz
idelop,idelép
idetár,idetér
idever,idevár
idióma,idióta
igazol,igazul
itatás,itatós
idefel,idefen
idegen,ideges
idegen,idegez
ideges,idegez
idever,idevet
idevág,idevár
időkör,időköz
igenel,igenem
indulj,induló
iratos,iratoz
ismert,ismerő
vejsze,fejsze
veszít,feszít
voltos,foltos
vakaró,takaró
vályog,tályog
vehető,tehető
vérkép,térkép
vermel,termel
vérség,térség
vétlen,tétlen
vátesz,rátesz
vektor,rektor
vészel,részel
vészes,részes
vétség,rétség
vontat,rontat
végvár,légvár
végzés,légzés
vehető,lehető
vektor,lektor
vetett,letett
vallás,hallás
vallat,hallat
vályog,hályog
vegyes,hegyes
vígság,hígság
vívott,hívott
vagány,magány
vetélő,metélő
vegyes,kegyes
vétség,kétség
vonyít,konyít
vallon,ballon
vegyes,begyes
veszít,beszít
vetett,betett
villog,billog
voltos,boltos
vontat,bontat
vekker,cekker
voltos,coltos
vallon,gallon
ványol,gányol
varázs,garázs
vödrös,gödrös
vagina,pagina
vakoló,pakoló
varázs,parázs
varázs,parázs
villog,pillog
vöcsök,pöcsök
varázs,darázs
viadal,diadal
vegyes,jegyes
vagány,vágány
vallás,villás
vackor,vaskor
vadság,vakság
vágott,vásott
vágtat,váltat
védett,vésett
védnök,vésnök
végzés,vérzés
vehető,vezető
vénség,vérség
vénség,vétség
vérség,vétség
vidító,visító
viselő,vizelő
vasbor,vaskor
vasbor,vaspor
vaskor,vaspor
vasmag,vastag
végbél,végcél
véglet,végzet
verdes,verses
vermel,versel
vérmes,vértes
vontat,vonzat
valaki,valami
valódi,valósi
vaskar,vaskor
végzés,végzős
vigadó,viganó
vízgáz,vízgőz
víziló,vízivó
vízkár,vízkór
vizsga,vizsla
vackol,vackor
vadméh,vadméz
vágáns,vágány
vágási,vágású
vasaló,vasalt
vasbor,vasbot
vaskor,vaskos
vedled,vedlet
versel,verses
vértes,vértez
vészel,vészes
viccel,vicces
villám,villás
villám,villáz
villás,villáz
viselő,viselt
övezet,ívezet
önsúly,ónsúly
örvény,érvény
öreges,üreges
öltöző,öntöző
örvény,ösvény
örmény,örvény
ömleng,ömleny
önként,önkény
örököl,örökös
összeg,összes
ragyás,fagyás
rajzik,fajzik
recseg,fecseg
rejlik,fejlik
rejtet,fejtet
ringat,fingat
rogyás,fogyás
ragadó,tagadó
ráncol,táncol
ráncos,táncos
ravasz,tavasz
rengés,tengés
renget,tenget
rombol,tombol
roppan,toppan
rotyog,totyog
rötyög,tötyög
rücsök,tücsök
rátesz,vátesz
rektor,vektor
részel,vészel
részes,vészes
rétség,vétség
rontat,vontat
rajong,zajong
rendít,zendít
rendül,zendül
rengés,zengés
renget,zenget
románc,zománc
rötyög,zötyög
rakott,lakott
ráncol,láncol
ráncos,láncos
rebben,lebben
regény,legény
régies,légies
rektor,lektor
rendít,lendít
rendül,lendül
rengés,lengés
renget,lenget
reszel,leszel
retesz,letesz
robban,lobban
robogó,lobogó
rotyog,lotyog
rötyög,lötyög
ragyás,hagyás
rangos,hangos
rántás,hántás
reppen,heppen
rakett,makett
reszel,meszel
rotyog,motyog
rajtol,sajtol
ráncol,sáncol
reggel,seggel
rejlik,sejlik
rejtet,sejtet
rikolt,sikolt
rugdos,sugdos
redves,kedves
remény,kemény
rétség,kétség
retten,ketten
rivall,kivall
rondít,kondít
roppan,koppan
rotyog,kotyog
röpdös,köpdös
röpköd,köpköd
röptet,köptet
rukkol,kukkol
rántás,bántás
reszel,beszel
retesz,betesz
rogyós,bogyós
rojtos,bojtos
romlás,bomlás
romlik,bomlik
rontás,bontás
rontat,bontat
röffen,böffen
rukkol,cukkol
ragyog,gagyog
rangos,gangos
régész,gégész
rombol,gombol
racsni,pacsni
rákász,pákász
remete,pemete
rendít,pendít
rendül,pendül
rengés,pengés
renget,penget
ripacs,pipacs
rotyog,potyog
rötyög,pötyög
rötyög,pötyög
ragadó,dagadó
ragály,dagály
robban,dobban
robogó,dobogó
rugdos,dugdos
rajong,jajong
robban,jobban
ragyás,rogyás
rándít,rendít
rándít,rondít
rángás,ringás
rángat,ringat
rántás,rontás
raport,riport
rászeg,részeg
rászel,reszel
rászel,részel
rátesz,retesz
rávall,rivall
rémlik,romlik
rendít,rondít
repcsi,röpcsi
reppen,röppen
reszel,részel
rikkan,rokkan
rábont,ráront
ráerez,ráérez
ráfagy,ráhagy
ragasz,rakasz
ragasz,ravasz
rajtér,raktér
rakasz,ravasz
rákölt,rátölt
rángat,ráugat
rátesz,rávesz
regény,remény
régész,révész
rekedt,repedt
rekesz,repesz
rekesz,retesz
rémség,rétség
rendes,repdes
rendít,rezdít
rendül,rezdül
rengés,rezgés
renget,rezget
repesz,retesz
rigmus,ritmus
ringat,riogat
rojtos,rostos
ráájul,ráámul
ráélez,ráérez
ráerez,ráevez
rajtol,rajzol
rakett,rakott
rángás,rántás
ráránt,ráront
rásejt,rásújt
rávesz,rávisz
rézkor,rézpor
rizóma,rizsma
rácsap,rácsíp
ráérés,ráérős
rágyúr,rágyűr
rajtél,rajtol
raktár,raktér
rányal,rányel
rányal,rányúl
rányel,rányúl
rászel,rászól
rászel,rászül
rászól,rászül
rászór,rászúr
rászór,rászűr
rászúr,rászűr
rendel,rendül
rézsas,rézsűs
ringló,ringyó
rogyás,rogyós
rudaló,rudazó
ruszki,ruszli
ráakad,ráakar
rácsal,rácsap
rácsos,rácsoz
radiál,radián
rajtél,rajtér
ráncol,ráncos
rászed,rászeg
rászed,rászel
rászeg,rászel
rászól,rászór
ráutal,ráutaz
rávall,rávaló
rejtek,rejtet
rendel,rendes
rendel,rendez
rendes,rendez
részeg,részel
részeg,részes
részel,részes
rétege,rétegű
retteg,retten
ringli,ringló
ritkán,ritkás
rivalg,rivall
rizike,rizikó
rojtos,rojtoz
rúzsos,rúzsoz
zöldes,földes
zacskó,tacskó
zárlat,tárlat
zengés,tengés
zenget,tenget
zötyög,tötyög
zajong,rajong
zendít,rendít
zendül,rendül
zengés,rengés
zenget,renget
zománc,románc
zötyög,rötyög
zendít,lendít
zendül,lendül
zengés,lengés
zenget,lenget
zötyög,lötyög
zajlás,hajlás
zajlik,hajlik
zökken,hökken
zördül,hördül
zörgés,hörgés
zajgás,sajgás
zavaró,kavaró
zordon,kordon
zabrál,babrál
zeller,geller
zordon,gordon
zördít,gördít
zördül,gördül
zörget,görget
zárlat,párlat
zárolt,párolt
zendít,pendít
zendül,pendül
zenész,penész
zengés,pengés
zenget,penget
zördül,pördül
zörgés,pörgés
zörget,pörget
zötyög,pötyög
zötyög,pötyög
zöngés,döngés
zördül,dördül
zörgés,dörgés
zörren,dörren
zajgat,jajgat
zajong,jajong
zárókő,járókő
zengés,zöngés
zajgat,zargat
zöldít,zördít
zöldül,zördül
zöngés,zörgés
zajgás,zajlás
zörgés,zörgős
zavaró,zavart
lejtés,fejtés
lejtős,fejtős
lelejt,felejt
leltár,feltár
leszül,feszül
láncol,táncol
láncos,táncos
látott,tátott
leázik,teázik
leendő,teendő
lehető,tehető
lelkes,telkes
lengés,tengés
lenget,tenget
lépdel,tépdel
lépked,tépked
locsog,tocsog
lotyog,totyog
lötyög,tötyög
légvár,végvár
légzés,végzés
lehető,vehető
lektor,vektor
letett,vetett
lakott,rakott
láncol,ráncol
láncos,ráncos
lebben,rebben
legény,regény
légies,régies
lektor,rektor
lendít,rendít
lendül,rendül
lengés,rengés
lenget,renget
leszel,reszel
letesz,retesz
lobban,robban
lobogó,robogó
lotyog,rotyog
lötyög,rötyög
lendít,zendít
lendül,zendül
lengés,zengés
lenget,zenget
lötyög,zötyög
lantol,hantol
lázadó,házadó
legyez,hegyez
leverő,heverő
lombár,hombár
lőelem,hőelem
lakkos,makkos
leszel,meszel
lotyog,motyog
lajtos,sajtos
láncol,sáncol
latyak,satyak
lehány,sehány
lejtés,sejtés
lelejt,selejt
leppeg,seppeg
laffog,kaffog
legyúr,kegyúr
lépcső,képcső
leszeg,keszeg
leverő,keverő
levert,kevert
lopott,kopott
lotyog,kotyog
lovász,kovász
leadás,beadás
leadat,beadat
leadat,beadat
leájul,beájul
leakad,beakad
leakar,beakar
lealáz,bealáz
leápol,beápol
leárad,beárad
learat,bearat
leáraz,beáraz
leásat,beásat
leázik,beázik
lebujt,bebujt
lecsal,becsal
lecsap,becsap
lecsen,becsen
lecsíp,becsíp
lecsuk,becsuk
ledönt,bedönt
ledugó,bedugó
leéget,beéget
leélez,beélez
leelőz,beelőz
leemel,beemel
leépít,beépít
leépül,beépül
leerez,beerez
leesés,beesés
leesik,beesik
leetet,beetet
leevez,beevez
lefagy,befagy
lefejt,befejt
lefejt,befejt
lefelé,befelé
lefest,befest
lefial,befial
lefogy,befogy
leforr,beforr
lefutó,befutó
legyúr,begyúr
legyűr,begyűr
lehagy,behagy
lehajt,behajt
leháló,beháló
lehány,behány
lehint,behint
lehisz,behisz
lehord,behord
lehuny,behuny
leidéz,beidéz
leígér,beígér
leírás,beírás
leírat,beírat
leitat,beitat
leível,beível
leívik,beívik
leizél,beizél
lejáró,bejáró
lekezd,bekezd
lekölt,bekölt
leküld,beküld
leküzd,beküzd
lelátó,belátó
lelejt,belejt
leleng,beleng
lelépő,belépő
lelopó,belopó
lemárt,bemárt
lemegy,bemegy
lemenő,bemenő
lement,bement
lemond,bemond
lenyal,benyal
lenyel,benyel
lenyer,benyer
lenyes,benyes
lenyit,benyit
lenyom,benyom
lenyúl,benyúl
leomol,beomol
leónoz,beónoz
leoson,beoson
leoszt,beoszt
leölel,beölel
leömöl,beömöl
leőröl,beőröl
lerakó,berakó
leránt,beránt
lerogy,berogy
leront,beront
lesíel,besíel
lesiet,besiet
lesuny,besuny
leszab,beszab
leszán,beszán
leszed,beszed
leszeg,beszeg
leszel,beszel
leszív,beszív
leszól,beszól
leszop,beszop
leszór,beszór
leszúr,beszúr
leszül,beszül
leszűr,beszűr
letart,betart
letesz,betesz
letéti,betéti
letett,betett
letevő,betevő
letilt,betilt
letölt,betölt
letört,betört
leugat,beugat
leújít,beújít
leutal,beutal
leutál,beutál
leüget,beüget
leürít,beürít
leürül,beürül
leütés,beütés
leüzen,beüzen
levált,bevált
levarr,bevarr
levert,bevert
levesz,bevesz
levisz,bevisz
levonz,bevonz
lezeng,bezeng
lökdös,bökdös
lakkos,cakkos
lakkoz,cakkoz
lement,cement
linkel,cinkel
lombos,gombos
lendít,pendít
lendül,pendül
lengés,pengés
lenget,penget
locsol,pocsol
lotyog,potyog
lökdös,pökdös
lötyög,pötyög
lötyög,pötyög
lumpol,pumpol
lobban,dobban
lobogó,dobogó
lombos,dombos
látszó,játszó
legyez,jegyez
lobban,jobban
lazító,lázító
lebben,libben
lebegő,libegő
levita,lévita
lezeng,lézeng
lábikó,ládikó
lábító,lázító
lajtos,lantos
lapító,lazító
learat,leirat
learat,leírat
leáraz,leuraz
lebegő,levegő
lebont,leront
leégés,lengés
leéget,lenget
leéget,leüget
leélez,leplez
lefagy,lehagy
lefedő,lepedő
lefejt,lelejt
lefejt,lesejt
lefogy,lerogy
légcső,lépcső
legény,lepény
lehánt,leránt
lehisz,levisz
lehuny,lesuny
leírás,leprás
leirat,leírat
lejáró,lezáró
lejárt,lemárt
lejmol,leomol
lejtés,leütés
lekölt,letölt
lelejt,lesejt
leleng,lepeng
leleng,lezeng
lenget,leüget
leölés,leülés
lepeng,lezeng
letesz,levesz
lícium,lítium
lóbetű,lótetű
láncol,lángol
láncos,lángos
láncos,lányos
landol,lantol
lángos,lányos
leadat,learat
leágaz,leáraz
leakad,leapad
leerez,leevez
lefagy,lefogy
lefejt,lefojt
lehánt,lehint
lehány,lehuny
leidéz,leigéz
leirat,leitat
lekezd,leküzd
lemárt,lemért
lepang,lepeng
leránt,leront
lesejt,lesújt
lesgól,leszól
lesíel,leskel
lesíel,leszel
leskel,leszel
letart,letört
letilt,letölt
leural,leutal
leülés,leütés
levesz,levisz
líceum,lícium
lombár,lomtár
lombos,lompos
lecsap,lecsíp
lefejt,lefest
légies,légiós
legyez,legyőz
legyúr,legyűr
leigáz,leigéz
lejtés,lejtős
lektor,lektűr
leküld,leküzd
lenyal,lenyel
lenyal,lenyúl
lenyel,lenyúl
lenyer,lenyír
léptek,lépték
leszar,leszár
leszar,leszór
leszar,leszúr
leszar,leszűr
leszár,leszór
leszár,leszúr
leszár,leszűr
leszed,leszid
leszel,leszól
leszel,leszül
leszól,leszül
leszór,leszúr
leszór,leszűr
leszúr,leszűr
letölt,letört
leutal,leutál
levegő,leverő
liptai,liptói
ládika,ládikó
lakkos,lakkoz
lámpás,lámpáz
láncol,láncos
lángol,lángos
lantol,lantos
leakad,leakar
leárad,leáraz
lecsal,lecsap
legyen,legyez
lehánt,lehány
lejáró,lejárt
lelenc,leleng
lemenő,lement
léniás,léniáz
lenyel,lenyer
lenyel,lenyes
lenyer,lenyes
lenyúl,lenyúz
leölel,leölet
léptek,léptet
leszab,leszar
leszán,leszár
leszed,leszeg
leszed,leszel
leszeg,leszel
leszól,leszór
leural,leuraz
leverő,levert
lignin,lignit
locsog,locsol
loknis,lokniz
lombos,lomboz
erezés,írezés
ebbeli,abbeli
eddigi,addigi
efféle,afféle
ekkora,akkora
ekkori,akkori
ekképp,akképp
eltört,áltört
ezután,azután
előfej,élőfej
előkép,élőkép
előszó,élőszó
evődik,évődik
egylet,ügylet
eleget,ereget
eleget,eseget
előtér,erőtér
előzés,esőzés
epeszt,ereszt
epikai,etikai
epikus,etikus
ereget,eseget
erezés,evezés
elbont,elront
elbont,elvont
eldönt,előönt
eleget,eléget
eleget,elüget
elfagy,elhagy
elfagy,előagy
elfejt,ellejt
elfejt,elrejt
elfejt,elsejt
elhagy,előagy
elhisz,elvisz
elhánt,elránt
elkelt,eltelt
elkölt,eltölt
elkölt,előölt
ellejt,elrejt
ellejt,elsejt
elleng,elpeng
elleng,elteng
elleng,elzeng
ellent,elment
ellesz,eltesz
ellesz,elvesz
elmárt,elzárt
elmárt,előárt
elpeng,elteng
elpeng,elzeng
elrejt,elsejt
elring,előing
elront,elvont
elteng,elzeng
eltesz,elvesz
eltölt,előölt
elzárt,előárt
elájul,elújul
eléget,elüget
előlel,elölel
elakad,elapad
eledel,elemel
eleget,eletet
elemez,elevez
eleped,elered
elfagy,elfogy
elfejt,elfojt
elhall,elhull
elhint,elhánt
elhuny,elhány
elkelt,elkölt
elkezd,elküzd
elpang,elpeng
elront,elránt
elsejt,elsújt
eltart,eltört
eltelt,eltilt
eltelt,eltölt
eltilt,eltölt
elural,elutal
elvesz,elvisz
elvesz,elvész
elvisz,elvész
elvolt,elvált
elájul,elámul
elájul,elárul
elámul,elárul
elámít,elásít
elégel,elékel
elégít,elépít
elégül,elépül
elégül,elévül
elékez,elérez
elépül,elévül
előfej,előtej
előfog,előjog
előfon,elővon
előfut,előjut
előfúr,előtúr
előfűt,előhűt
előhúz,előzúz
előjel,előlel
előjár,előtár
előjár,elővár
előkap,előlap
előkép,előlép
előkér,előtér
előold,előáld
előrag,előtag
előrág,elővág
előrül,elősül
előtár,elővár
előtét,elővét
előárt,előért
előárt,előírt
előért,előírt
elömöl,elötöl
enyhes,enyves
eredet,ereget
eredet,erezet
ereget,erezet
erődít,erősít
esteli,estéli
egyéni,egyévi
elcsap,elcsíp
elfejt,elfest
elgyúr,elgyűr
elhajt,elhalt
elküld,elküzd
ellejt,ellent
elnyal,elnyel
elnyer,elnyír
elszed,elszid
elszel,elszól
elszel,elszül
elszól,elszül
elszór,elszúr
elszór,elszűr
elszúr,elszűr
eltelt,eltett
eltölt,eltört
elutal,elutál
elvolt,elvont
elásat,elásít
elégel,elégül
eléget,elégít
előfej,előfáj
előfej,előfúj
előfut,előfűt
előfáj,előfúj
előfőz,előfűz
előhat,előhűt
előhoz,előhúz
előkap,előkép
előlap,előlép
előrag,előrág
előriz,előráz
előröl,előrül
előtár,előtér
előtár,előtör
előtár,előtúr
előtér,előtör
előtér,előtúr
előtör,előtúr
elővet,elővét
előölt,előönt
evezés,evezős
ekkora,ekkori
elakad,elakar
elcsal,elcsap
elemel,elemez
eleség,elesés
eleven,elevez
elhall,elhalt
elhall,elhaló
elhalt,elhaló
elhánt,elhány
elleng,ellent
elment,elmenő
elnyel,elnyer
elnyel,elnyes
elnyer,elnyes
elseje,elseji
elseje,elsejt
elseji,elsejt
elszed,elszeg
elszed,elszel
elszeg,elszel
elszól,elszór
elural,eluraz
elvont,elvonz
elvont,elvonó
elvonz,elvonó
elzárt,elzáró
elégel,eléget
elékel,elékez
előfog,előfon
előfúj,előfúr
előfűt,előfűz
előhad,előhat
előkél,előkép
előkél,előkér
előkép,előkér
előleg,előlel
előnév,előnéz
előrag,előrak
előrág,előráz
előszó,elősző
elősül,elősüt
előtér,előtét
elővág,elővár
elővéd,elővét
előzék,előzés
előzúg,előzúz
előáld,előáll
enyves,enyvez
ernyős,ernyőz
estéli,estély
hagyás,fagyás
hajzat,fajzat
harács,farács
hattyú,fattyú
helvét,felvét
hiúsít,fiúsít
hályog,tályog
hantál,tantál
henger,tenger
hintás,tintás
hiszti,tiszti
horkol,torkol
horony,torony
horpad,torpad
horzsa,torzsa
hallás,vallás
hallat,vallat
hályog,vályog
hegyes,vegyes
hígság,vígság
hívott,vívott
hagyás,ragyás
hangos,rangos
hántás,rántás
heppen,reppen
hajlás,zajlás
hajlik,zajlik
hökken,zökken
hördül,zördül
hörgés,zörgés
hantol,lantol
házadó,lázadó
hegyez,legyez
heverő,leverő
hombár,lombár
hőelem,lőelem
hajdan,majdan
halmos,malmos
hántol,mántol
hentes,mentes
hintás,mintás
hormon,mormon
horzsa,morzsa
harcol,sarcol
herceg,serceg
hurrog,surrog
hangol,óangol
hajtat,kajtat
halász,kalász
harcol,karcol
harcos,karcos
hártya,kártya
hegyes,kegyes
hering,kering
herreg,kerreg
hétrét,kétrét
hetyeg,ketyeg
heverő,keverő
horhol,korhol
hurrog,kurrog
hántás,bántás
hántat,bántat
hegyes,begyes
hering,bering
herreg,berreg
hódító,bódító
hordás,bordás
hosszú,bosszú
hurkol,burkol
hímzés,címzés
huppan,cuppan
hangos,gangos
holyva,golyva
hördül,gördül
hajtás,pajtás
hántol,pántol
herceg,perceg
hergel,pergel
hetyeg,petyeg
hördül,pördül
hörgés,pörgés
hinnye,dinnye
hördül,dördül
hörgés,dörgés
hurrog,durrog
hegyes,jegyes
hegyez,jegyez
hallat,hullat
hallik,hullik
halott,holott
hantál,hintál
hántás,hintás
hantol,hántol
hányat,hunyat
harcol,hurcol
hitlen,hűtlen
hízott,hozott
hízott,húzott
horkol,hurkol
hozott,húzott
hacuka,hamuka
hacuka,hanuka
hajító,hasító
hajlás,hallás
hajlat,hallat
hajlik,hallik
hajsza,hausza
haladó,hasadó
halasi,havasi
hamuka,hanuka
hátfal,házfal
hegyes,helyes
hegyez,helyez
henceg,herceg
hígság,hívság
hihető,hitető
hívott,hízott
hodály,homály
hódoló,hótoló
hódolt,hófolt
hodzsa,horzsa
holott,hozott
hajlás,hajtás
hajlat,hajtat
hajlat,hajzat
hajtat,hajzat
hangol,hantol
hántás,hányás
hántat,hányat
herceg,herreg
herceg,herseg
herreg,herseg
horgad,horpad
horgol,horhol
horgol,horkol
horgos,horhos
horhol,horkol
hurcol,hurkol
hajlás,hajlós
hajlat,hajlít
hajlék,hajlik
haláli,halápi
halmaz,halmoz
hangol,hangul
hantál,hantol
házadó,házaló
hazaér,hazaír
herceg,hercig
hordás,hordós
horgas,horgos
hajlam,hajlat
halmos,halmoz
hamvad,hamvas
hamvad,hamvaz
hamvas,hamvaz
hangol,hangos
hangol,hangoz
hangos,hangoz
hányad,hányat
harcol,harcos
hárman,hármas
hasadó,hasadt
hazafi,hazafő
hegedő,hegedű
hegyes,hegyez
helyes,helyez
hídláb,hídlás
hintál,hintás
hiszem,hiszen
hódoló,hódolt
hordár,hordás
horgad,horgas
horgol,horgos
horhol,horhos
hurkol,hurkos
magyal,fagyal
markos,farkos
melles,felles
mérges,férges
meszes,feszes
mordul,fordul
morgás,forgás
műszál,fűszál
műszer,fűszer
magoló,tagoló
merítő,terítő
metsző,tetsző
mintás,tintás
mokány,tokány
morzsa,torzsa
motyog,totyog
magány,vagány
metélő,vetélő
makett,rakett
meszel,reszel
motyog,rotyog
makkos,lakkos
meszel,leszel
motyog,lotyog
majdan,hajdan
malmos,halmos
mántol,hántol
mentes,hentes
mintás,hintás
mormon,hormon
morzsa,horzsa
maláta,saláta
markos,sarkos
macska,kacska
mardos,kardos
massza,kassza
mellék,kellék
mereng,kereng
mérges,kérges
merítő,kerítő
merülő,kerülő
métely,kétely
mézelő,kézelő
miféle,kiféle
moccan,koccan
mondás,kondás
morcol,korcol
mordul,kordul
morgás,korgás
motyog,kotyog
mutató,kutató
magzás,bagzás
magzik,bagzik
mennél,bennél
mereng,bereng
meszel,beszel
millió,billió
mukkan,bukkan
művész,bűvész
makkos,cakkos
mállás,pállás
mállik,pállik
markol,parkol
markőr,parkőr
mántol,pántol
morcos,porcos
motyog,potyog
mukkan,pukkan
megesz,degesz
mereng,dereng
merítő,derítő
mártat,jártat
mattol,jattol
manusz,mínusz
maréna,moréna
maszat,mászat
maszat,moszat
mászat,moszat
maszka,muszka
mántol,mentol
méltán,múltán
mézgás,mozgás
mackós,mankós
magház,marház
mágnás,málnás
magzat,maszat
makkol,markol
makkos,markos
mállás,máslás
mamusz,manusz
mániás,máriás
másoló,mázoló
megélt,metélt
megles,melles
megsző,metsző
megtol,mentol
méhsör,mézsör
mentől,mettől
mocsár,mozsár
moholy,mosoly
mondás,mosdás
mondat,mosdat
mordul,mozdul
morgás,mozgás
mulató,mutató
magmás,magzás
málhás,mállás
málhás,málnás
mállás,málnás
maradi,maródi
mardos,markos
marhul,marjul
máriás,márkás
máriás,mártás
márkás,mártás
máslás,mászás
megáld,megold
megárt,megért
megbír,megsír
megbök,meglök
megbök,megpök
megbúj,megfúj
megdől,megfől
megdúl,megfúl
megdűl,meghűl
megejt,megojt
megélt,megolt
megélt,megölt
megfal,meghal
megfen,megken
megfér,megkér
megfér,megmér
megfér,megtér
megfon,megvon
megfúr,megkúr
megfúr,megtúr
megfut,megjut
megfűt,meghűt
megfűt,megműt
megfűz,megtűz
meghág,megrág
meghág,megvág
meghív,megvív
meghúz,megzúz
meghűt,megműt
megint,megont
megint,megönt
megjár,megvár
megkel,meglel
megkél,megvél
megkér,megmér
megkér,megtér
megkúr,megtúr
meglép,megtép
meglét,megvét
meglök,megpök
megmer,megver
megmér,megtér
megolt,megölt
megont,megönt
megrág,megvág
megrúg,megsúg
megvés,megyés
méhbaj,méhraj
morcol,mormol
mosdat,moszat
magágy,magány
mágnás,mágnes
maródi,maróni
megdől,megdúl
megdől,megdűl
megdúl,megdűl
megedz,megesz
megélt,megért
megfal,megfől
megfal,megfúl
megfej,megfúj
megfen,megfon
megfér,megfúr
megfől,megfúl
megfőz,megfűz
megfut,megfűt
meghal,meghál
meghal,meghűl
meghál,meghűl
meghat,meghűt
meghoz,meghúz
megkap,megköp
megkel,megkél
megkér,megkúr
meglát,meglét
meglep,meglép
meglep,meglop
meglép,meglop
megmar,megmer
megmar,megmér
megmer,megmér
megojt,megolt
megojt,megont
megolt,megont
megölt,megönt
megrág,megrúg
megtér,megtör
megtér,megtúr
megtér,megtűr
megtör,megtúr
megtör,megtűr
megtúr,megtűr
megvan,megvon
megvár,megver
megvet,megvét
mélyít,mélyút
menten,mentén
mentes,mentés
mentes,mentős
mentés,mentős
mentol,mentől
mindaz,mindez
mindég,mindig
magyal,magyar
májbab,májbaj
makkol,makkos
málhás,málház
maradi,maradó
márkás,márkáz
markol,markos
mázsál,mázsás
megáld,megáll
megbír,megbíz
megeső,megesz
megfed,megfej
megfed,megfen
megfej,megfen
megfog,megfon
megfől,megfőz
megfúj,megfúl
megfúj,megfúr
megfúl,megfúr
megfűt,megfűz
meghág,meghál
meghal,meghat
meghűl,meghűt
meging,megint
megkel,megken
megkél,megkér
megköp,megköt
meglel,meglep
meglel,megles
meglep,megles
meglép,meglét
megold,megolt
megrág,megráz
megsül,megsüt
megtép,megtér
megtöm,megtör
megtűr,megtűz
megvág,megvár
megvéd,megvél
megvéd,megvés
megvéd,megvét
megvél,megvés
megvél,megvét
megver,megvet
megvés,megvét
mellől,mellőz
menten,mentes
menten,mentet
mentén,mentés
mentes,mentet
mentol,mentor
mentől,mentős
mennye,mennyi
mérges,mérgez
meszel,meszes
meszel,meszez
meszes,meszez
messze,messzi
metélő,metélt
mettől,mettőr
minden,mindez
mintás,mintáz
morcol,morcos
mormog,mormol
mormog,mormon
mormol,mormon
mulató,mulatt
munkál,munkás
műszem,műszer
művelő,művelt
újulat,ájulat
útmérő,átmérő
úttörő,áttörő
úsztat,osztat
újraér,újraír
úszómű,úszótű
újraél,újraér
sarkos,farkos
sejlik,fejlik
sejtés,fejtés
sejtet,fejtet
sekély,fekély
selejt,felejt
serbli,ferbli
serdül,ferdül
sövény,fövény
sújtat,fújtat
sábesz,tábesz
sampon,tampon
sáncol,táncol
sárház,tárház
sarkít,tarkít
sarlóz,tarlóz
sikkad,tikkad
sajtol,rajtol
sáncol,ráncol
seggel,reggel
sejlik,rejlik
sejtet,rejtet
sikolt,rikolt
sugdos,rugdos
sajgás,zajgás
sajtos,lajtos
sáncol,láncol
satyak,latyak
sehány,lehány
sejtés,lejtés
selejt,lelejt
seppeg,leppeg
sarcol,harcol
serceg,herceg
surrog,hurrog
saláta,maláta
sarkos,markos
sarcol,karcol
sikong,kikong
sirály,király
somlói,komlói
surrog,kurrog
sakter,bakter
sehány,behány
selejt,belejt
sorház,borház
sorozó,borozó
sorsos,borsos
sujtás,bujtás
sújtat,bújtat
surján,burján
sittel,gittel
sörény,görény
sárlás,párlás
sasszé,passzé
serceg,perceg
sercen,percen
serdül,perdül
sintér,pintér
susmog,pusmog
sehogy,dehogy
sokkol,dokkol
söntés,döntés
sugdos,dugdos
surran,durran
surrog,durrog
sürgés,dürgés
sajdul,jajdul
sajdít,sejdít
saller,siller
sárház,sorház
sárház,sörház
serény,sörény
sertés,sértés
sertés,sörtés
sértés,sörtés
sólyom,sulyom
sommás,summás
sorház,sörház
sujtás,sújtás
saccol,sarcol
sajdít,sandít
sajkás,sapkás
segély,sekély
sejtés,sertés
sikoly,sipoly
söntés,sörtés
sörény,sövény
status,státus
suhogó,susogó
sajgás,sajkás
sajnos,sajtos
sárgás,sárlás
serbli,sercli
serceg,serleg
sercen,serken
snapsz,snassz
suskus,susmus
sejtes,sejtés
sokkal,sokkol
somlai,somlói
sürgés,sürgős
sajtol,sajtos
sarlós,sarlóz
sehova,sehová
sejtes,sejtet
semmis,semmiz
serceg,sercen
serked,serken
sikolt,sikoly
sírásó,sírású
sorsol,sorsos
srófol,srófos
sulyok,sulyom
súlyos,súlyoz
summás,summáz
arányú,irányú
ászkol,iszkol
abbeli,ebbeli
addigi,eddigi
afféle,efféle
akképp,ekképp
akkora,ekkora
akkori,ekkori
áltört,eltört
azután,ezután
ájulat,újulat
átmérő,útmérő
áttörő,úttörő
araszt,áraszt
áraszt,araszt
adatol,odatol
áldott,oldott
alvadt,olvadt
ármány,ormány
asztag,osztag
agybaj,ügybaj
ágyelő,ügyelő
aszály,uszály
ázalag,szalag
adomás,aromás
ágenda,árenda
ajakos,alakos
ájulás,ámulás
ájulás,árulás
ájulat,ámulat
akaszt,apaszt
akaszt,araszt
áltört,áttört
ámítás,ásítás
ámulás,árulás
apaszt,araszt
áradás,átadás
áradat,átadat
aratás,avatás
árnyal,átnyal
adózik,aduzik
aláíró,albíró
alázat,aljzat
áldott,állott
arcmás,aromás
ármány,ártány
ásatás,ásítás
átbont,átront
átéget,átüget
áterez,átérez
átevez,átövez
átfagy,áthagy
átfejt,átlejt
átfejt,átsejt
átirat,átírat
átkölt,áttölt
átlejt,átsejt
átleng,átreng
átleng,átzeng
átreng,átzeng
áttesz,átvesz
áttevő,átvevő
adagol,adatol
adódik,adózik
aláfér,alámér
aláfér,alátér
aláfon,alávon
aláfúr,alátúr
aláfut,alájut
alájár,alázár
alakít,alapít
alakos,alapos
alakul,alapul
alámer,aláver
alámér,alátér
alárúg,alázúg
altaji,altáji
anyóka,anyuka
arrább,arrébb
átadat,átavat
átélez,átérez
áterez,átevez
áthall,áthull
átirat,átitat
átkelt,átkölt
átránt,átront
átreng,átring
átsíel,átszel
áttart,áttört
átvesz,átvisz
átvevő,átvivő
akárki,akármi
aláfér,aláfúr
aláfut,aláfűt
alához,aláhúz
alálép,alálop
alámar,alámer
alámar,alámér
alámer,alámér
alanti,alanyi
aláölt,aláönt
alapél,alapul
alátér,alátör
alátér,alátúr
alátör,alátúr
albínó,albíró
állami,állati
aprófa,apróka
átcsap,átcsíp
átfejt,átfest
átgyúr,átgyűr
átküld,átküzd
átnyal,átnyúl
átokol,átokul
átszel,átszól
átszór,átszúr
átszór,átszűr
átszúr,átszűr
áttölt,áttört
átutal,átutál
átvető,átvevő
acélos,acéloz
akkora,akkord
akkora,akkori
akkord,akkori
aláfog,aláfon
aláíró,aláírt
alákel,aláken
alapos,alapoz
alátér,alátét
alátöm,alátör
aláver,alávet
alkati,alkatú
anyagi,anyagú
árnyal,árnyas
aszaló,aszalt
asztag,asztal
átárad,átáraz
átcsal,átcsap
átéled,átélez
átered,áterez
átkelő,átkelt
átmenő,átment
átnyer,átnyes
átszed,átszeg
átszed,átszel
átszeg,átszel
átszól,átszór
áttörő,áttört
átutal,átutaz
avatag,avatar
oktató,iktató
otthon,itthon
ottlét,ittlét
óvadék,ivadék
ónsúly,önsúly
óangol,hangol
osztat,úsztat
odatol,adatol
oldott,áldott
olvadt,alvadt
ormány,ármány
osztag,asztag
okirat,ékirat
odajár,olajár
okmány,ormány
orális,ovális
oldott,oltott
odabök,odalök
odabök,odapök
odafen,odaken
odafér,odakér
odafér,odamér
odafér,odatér
odafon,odavon
odafúr,odakúr
odafut,odajut
odafűz,odatűz
odahág,odavág
odahív,odavív
odaint,odaönt
odajár,odatár
odajár,odavár
odajár,odazár
odakér,odamér
odakér,odatér
odalök,odapök
odamér,odatér
odarúg,odasúg
odarúg,odazúg
odasúg,odazúg
odatár,odavár
odatár,odazár
odavár,odazár
oszlás,osztás
oszlat,osztat
odadől,odadűl
odafen,odafon
odafér,odafúr
odahoz,odahúz
odakap,odaköp
odakér,odakúr
odalep,odalép
odalep,odalop
odalép,odalop
odamar,odamér
odatár,odatér
odatár,odatör
odatér,odatör
odavan,odavon
odavár,odaver
okádék,okádik
olvadó,olvasó
odafog,odafon
odafúj,odafúl
odafúj,odafúr
odafúl,odafúr
odaköp,odaköt
odalep,odales
odasül,odasüt
odavág,odavár
odaver,odavet
okulár,okulás
olajág,olajár
olajos,olajoz
oldali,oldalt
oldali,oldalú
oldalt,oldalú
olvadó,olvadt
osztag,osztat
óvatol,óvatos
őrhajó,űrhajó
őrszem,őzszem
ősanya,ősatya
őszelő,őszülő
őrlánc,őrláng
csiger,zsiger
csúfol,zsúfol
csupán,zsupán
csacsi,csécsi
csahol,csihol
csákós,csikós
csapás,csipás
csapáz,csipáz
csapol,csápol
csapos,csápos
csárda,csorda
csatak,csutak
csáváz,csőváz
cselló,csilló
cselló,csilló
csepeg,csipeg
cserge,csörge
csikiz,csokiz
csikló,csukló
csíkos,csókos
csipet,csípet
csirás,csírás
csorgó,csurgó
csorog,csurog
csőrös,csűrös
csábos,csápos
csahol,csapol
csahol,csatol
csahos,csapos
csahos,csatos
csalás,csapás
csalat,csapat
csapol,csatol
csapos,csatos
csehül,csepül
cseles,cseres
cselez,cserez
csellé,cserlé
csepeg,cseveg
csigás,csipás
csigás,csirás
csigáz,csipáz
csikiz,csiriz
csikló,csilló
csíkoz,csínoz
csipás,csirás
csipke,csirke
csipog,csivog
csobog,csorog
csöbör,csömör
csődök,csőrök
csődöl,csőröl
csődül,csőrül
csődül,csőrül
csöpög,csörög
csúfos,csúzos
csuhás,csukás
csalat,csalit
csapás,csapos
csapáz,csapoz
cserge,cserje
cserkő,cserző
csipeg,csipog
csípés,csípős
csorba,csorda
csődöl,csődül
csődöl,csődül
csörge,csörte
csörgő,csörlő
csőröl,csőről
csőröl,csőrül
csőről,csőrül
csúfol,csúful
csukás,csukcs
csurig,csurog
csahol,csahos
család,csalán
család,csalás
csalán,csalás
csapás,csapáz
csapol,csapos
csapol,csapoz
csápol,csápos
csapos,csapoz
csatol,csatos
cseles,cselez
csellé,cselló
csellé,cselló
cserél,cserép
cseres,cserez
cseveg,csevej
csévél,csévés
csévél,csévéz
csévés,csévéz
csigás,csigáz
csíkos,csíkoz
csille,csilló
csipás,csipáz
csipeg,csipet
csirág,csirák
csirág,csirás
csirák,csirás
csodál,csodás
csókol,csókos
csomós,csomóz
csődök,csődöl
csődök,csődör
csődöl,csődör
csörge,csörgő
csőrök,csőröl
csőrök,csőrös
csőröl,csőrös
csúfol,csúfos
csurog,csurom
évszám,ívszám
érvény,örvény
élőfej,előfej
élőkép,előkép
élőszó,előszó
évődik,evődik
ékirat,okirat
égetés,ügetés
éltető,ültető
édesít,ékesít
édesít,élesít
égőfej,élőfej
éhezés,ékezés
éhezés,élezés
ékesít,élesít
ékezés,élezés
érkező,étkező
éppily,éppoly
éppígy,éppúgy
éleszt,élesít
élethű,életmű
énekel,énekes
kanyar,fanyar
kecske,fecske
kényes,fényes
kérges,férges
kenyér,fenyér
kohász,fohász
kókusz,fókusz
kondor,fondor
kordul,fordul
korgás,forgás
kráter,fráter
kürtös,fürtös
kanári,tanári
kender,tender
kenyér,tenyér
kerítő,terítő
kettes,tettes
koppan,toppan
kotyog,totyog
költés,töltés
költet,töltet
kömény,tömény
kussol,tussol
kétség,vétség
kegyes,vegyes
konyít,vonyít
kétség,rétség
kedves,redves
kemény,remény
ketten,retten
kivall,rivall
kondít,rondít
koppan,roppan
kotyog,rotyog
köpdös,röpdös
köpköd,röpköd
köptet,röptet
kukkol,rukkol
kavaró,zavaró
kordon,zordon
kaffog,laffog
képcső,lépcső
kegyúr,legyúr
keszeg,leszeg
kevert,levert
keverő,leverő
kopott,lopott
kotyog,lotyog
kovász,lovász
kajtat,hajtat
kalász,halász
karcol,harcol
karcos,harcos
kártya,hártya
kétrét,hétrét
kegyes,hegyes
kering,hering
kerreg,herreg
ketyeg,hetyeg
keverő,heverő
korhol,horhol
kurrog,hurrog
kacska,macska
kardos,mardos
kassza,massza
kérges,mérges
kétely,métely
kézelő,mézelő
kellék,mellék
kereng,mereng
kerítő,merítő
kerülő,merülő
kiféle,miféle
koccan,moccan
kondás,mondás
korcol,morcol
kordul,mordul
korgás,morgás
kotyog,motyog
kutató,mutató
karcol,sarcol
kikong,sikong
király,sirály
komlói,somlói
kurrog,surrog
karika,barika
karmol,barmol
karter,barter
kecses,becses
kegyes,begyes
kegyúr,begyúr
kereng,bereng
kering,bering
kerreg,berreg
keszeg,beszeg
kevert,bevert
kólint,bólint
koncol,boncol
kónusz,bónusz
korona,borona
korong,borong
kotlik,botlik
körzés,börzés
kenter,center
kukkol,cukkol
kaland,galand
kaliba,galiba
képíró,gépíró
képsor,gépsor
komoly,gomoly
kordon,gordon
kukker,gukker
kurgat,gurgat
kandúr,pandúr
kártol,pártol
kattan,pattan
kattog,pattog
kékség,pékség
kehely,pehely
kerget,perget
ketyeg,petyeg
kiázik,piázik
kotyog,potyog
krémes,prémes
kanton,Danton
kereng,dereng
kerítő,derítő
kiázik,diázik
kongás,dongás
korong,dorong
kunszt,dunszt
kurrog,durrog
kampec,jampec
kegyes,jegyes
kellem,jellem
kakukk,kukukk
kantár,kontár
kantus,kántus
kappan,koppan
kaptár,képtár
kaptat,koptat
karcol,korcol
karing,kering
karmos,kormos
kaszál,kószál
kaszál,kőszál
kaszál,kuszál
kaszás,kúszás
kémény,kemény
kémény,kömény
kényes,kinyes
készít,kiszít
készül,kiszül
kézelő,kezelő
kegyúr,kigyúr
kellem,küllem
kellős,küllős
keltet,költet
kemény,kömény
kertes,kortes
keszeg,kiszeg
kevert,kivert
kezdet,küzdet
kezdés,küzdés
kihint,köhint
kiránt,koránt
kitörő,kőtörő
kiónoz,klónoz
kocsma,kucsma
komisz,kumisz
korkép,kórkép
korkép,körkép
kórkép,körkép
kószál,kőszál
kószál,kuszál
kölönc,különc
kőszál,kuszál
kajtat,kaptat
kalász,kanász
kamion,kation
kantár,kaptár
kanton,karton
kaparó,kavaró
kapdos,kardos
kéksav,kénsav
kékség,kétség
kémcső,képcső
kémlel,kérlel
kedély,kevély
kehely,kesely
keletű,keretű
kertes,kettes
kivisz,kihisz
kiapad,kispad
kiarat,kiírat
kibont,kiront
kibont,kivont
kierez,kiérez
kifagy,kihagy
kifagy,kisagy
kifejt,kilejt
kifejt,kisejt
kigyúl,kinyúl
kihagy,kisagy
kihall,kivall
kihuny,kisuny
kihánt,kiránt
kihívó,kirívó
kijáró,kizáró
kikérő,kitérő
kikölt,kitölt
kilejt,kisejt
kileng,kizeng
kimárt,kitárt
kimárt,kizárt
kiront,kivont
kiszel,kiízel
kitesz,kivesz
kitárt,kizárt
kiájul,kiújul
kiéget,kiüget
kiörül,kiürül
kobzos,koszos
kohász,kovász
kokott,kopott
kókusz,kónusz
koldul,kondul
koldul,kordul
komlós,kotlós
koncol,korcol
kondul,kordul
kongás,korgás
konzol,koszol
kopács,kovács
ködkép,körkép
kökény,kömény
kökény,kötény
költet,köptet
költet,köttet
kölyök,könyök
kömény,kötény
köptet,köttet
körfal,közfal
körtér,köztér
körúti,közúti
kötött,között
kuksol,kussol
kulacs,kutacs
kutasz,kuvasz
küldés,küzdés
küldet,küzdet
kamara,kamera
kanton,kanyon
kapdos,kapros
karbol,karcol
karbol,karmol
karbon,karton
karcer,karter
karcol,karmol
karcos,kardos
karcos,karmos
kardos,karmos
katlan,kattan
képlet,képzet
kellet,keltet
kender,kenter
kereng,kering
kivisz,kivesz
kivisz,kivész
kiadat,kiarat
kiadat,kiavat
kiakad,kiapad
kiarat,kiavat
kierez,kievez
kifagy,kifogy
kifejt,kifojt
kifele,kiféle
kihall,kihull
kihint,kihánt
kihuny,kihány
kiidéz,kiigéz
kikelt,kikölt
kikezd,kiküzd
kimárt,kimért
kiront,kiránt
kisagy,kiságy
kisded,kiszed
kispad,kisvad
kitart,kitárt
kitilt,kitölt
kitérő,kitörő
kivesz,kivész
kivisz,kivész
kiágaz,kiáraz
kiájul,kiárul
kiélez,kiérez
kiível,kiízel
kiömöl,kiötöl
kiüdül,kiürül
klónoz,klóroz
kokett,kokott
koncér,kondér
koncol,konzol
kondás,kongás
kondít,konyít
kondul,konzul
kondul,konyul
konzul,konyul
korall,koráll
korcol,korhol
korgás,korpás
kóstál,kószál
köhent,köhint
köldök,kölyök
köpcös,köpdös
körkés,körzés
körlet,körzet
krigli,kripli
kukkol,kuksol
kurbli,kurili
kaliba,kalifa
kantin,kanton
karban,karbon
kardal,kardél
karika,karima
képzés,képzős
kerekű,keretű
kettes,kettős
kiadás,kiadós
kibújó,kibúvó
kicsap,kicsíp
kifejt,kifest
kigyúr,kigyűr
kihajt,kihalt
kiküld,kiküzd
kinyal,kinyúl
kinyer,kinyír
kiszed,kiszid
kiszel,kiszól
kiszel,kiszül
kiszól,kiszül
kiszór,kiszúr
kiszór,kiszűr
kiszúr,kiszűr
kitűnő,kitűző
kiutal,kiutál
kiálló,kiáltó
kiásat,kiásít
kondér,kondor
kontár,kontúr
konzol,konzul
kóstál,kóstol
könyék,könyök
követő,kövező
köznap,köznép
közölt,között
kutyás,kutyus
kabard,kabaré
kacsol,kacsoz
kampós,kampóz
kancsi,kancsó
káplán,káplár
karbol,karbon
karcol,karcos
kardos,kardoz
karmol,karmos
kaszál,kaszás
képzel,képzet
kérdet,kérdez
kedvel,kedves
kedvel,kedvez
kedves,kedvez
kegyel,kegyes
keleti,keletű
kellem,kellet
keltet,keltez
kendős,kendőz
kertel,kertes
keserv,keserű
ketten,kettes
kettős,kettőz
kevert,keverő
kezelt,kezelő
kiakad,kiakar
kicsal,kicsap
kiered,kierez
kísérő,kísért
kifele,kifelé
kigyúl,kigyúr
kihall,kihalt
kihall,kihaló
kihalt,kihaló
kihánt,kihány
kikérd,kikérő
kilenc,kileng
kiment,kimenő
kimond,kimonó
kiméra,kimére
kiméra,kimért
kimére,kimért
kinyer,kinyes
kioszk,kioszt
kiráng,kiránt
kisfia,kisfiú
kispad,kispap
kiszed,kiszeg
kiszed,kiszel
kiszeg,kiszel
kiszít,kiszív
kiszól,kiszór
kitold,kitoló
kivált,kiváló
kizárt,kizáró
kiárad,kiáraz
kiéled,kiélez
kiölel,kiölet
koldul,koldus
komlói,komlós
kondom,kondor
konzul,konzum
kormos,kormoz
korona,korong
koszol,koszos
kozmál,kozmás
körkép,körkés
körmöl,körmös
követi,követő
köznép,köznév
kutyul,kutyus
különb,különc
kürtöl,kürtös
belejt,felejt
belelő,felelő
beltér,feltér
bennül,fennül
beszít,feszít
beszül,feszül
billér,fillér
bodros,fodros
bodroz,fodroz
boglár,foglár
boltos,foltos
boltoz,foltoz
bölény,fölény
bújtat,fújtat
bájoló,tájoló
barack,tarack
bárgyú,tárgyú
barokk,tarokk
beázik,teázik
beleél,teleél
beleír,teleír
belelő,telelő
belenő,telenő
beleró,teleró
beleül,teleül
büntet,tüntet
ballon,vallon
begyes,vegyes
beszít,veszít
betett,vetett
billog,villog
boltos,voltos
bontat,vontat
bántás,rántás
beszel,reszel
betesz,retesz
bogyós,rogyós
bojtos,rojtos
bomlás,romlás
bomlik,romlik
bontás,rontás
bontat,rontat
böffen,röffen
babrál,zabrál
beadás,leadás
beadat,leadat
beadat,leadat
beájul,leájul
beakad,leakad
beakar,leakar
bealáz,lealáz
beápol,leápol
beárad,leárad
bearat,learat
beáraz,leáraz
beásat,leásat
beázik,leázik
bebujt,lebujt
becsal,lecsal
becsap,lecsap
becsen,lecsen
becsíp,lecsíp
becsuk,lecsuk
bedönt,ledönt
bedugó,ledugó
beéget,leéget
beélez,leélez
beelőz,leelőz
beemel,leemel
beépít,leépít
beépül,leépül
beerez,leerez
beesés,leesés
beesik,leesik
beetet,leetet
beevez,leevez
befagy,lefagy
befejt,lefejt
befejt,lefejt
befelé,lefelé
befest,lefest
befial,lefial
befogy,lefogy
beforr,leforr
befutó,lefutó
begyúr,legyúr
begyűr,legyűr
behagy,lehagy
behajt,lehajt
beháló,leháló
behány,lehány
behint,lehint
behisz,lehisz
behord,lehord
behuny,lehuny
beidéz,leidéz
beígér,leígér
beírás,leírás
beírat,leírat
beitat,leitat
beível,leível
beívik,leívik
beizél,leizél
bejáró,lejáró
bekezd,lekezd
bekölt,lekölt
beküld,leküld
beküzd,leküzd
belátó,lelátó
belejt,lelejt
beleng,leleng
belépő,lelépő
belopó,lelopó
bemárt,lemárt
bemegy,lemegy
bemenő,lemenő
bement,lement
bemond,lemond
benyal,lenyal
benyel,lenyel
benyer,lenyer
benyes,lenyes
benyit,lenyit
benyom,lenyom
benyúl,lenyúl
beomol,leomol
beónoz,leónoz
beoson,leoson
beoszt,leoszt
beölel,leölel
beömöl,leömöl
beőröl,leőröl
berakó,lerakó
beránt,leránt
berogy,lerogy
beront,leront
besíel,lesíel
besiet,lesiet
besuny,lesuny
beszab,leszab
beszán,leszán
beszed,leszed
beszeg,leszeg
beszel,leszel
beszív,leszív
beszól,leszól
beszop,leszop
beszór,leszór
beszúr,leszúr
beszül,leszül
beszűr,leszűr
betart,letart
betesz,letesz
betéti,letéti
betett,letett
betevő,letevő
betilt,letilt
betölt,letölt
betört,letört
beugat,leugat
beújít,leújít
beutal,leutal
beutál,leutál
beüget,leüget
beürít,leürít
beürül,leürül
beütés,leütés
beüzen,leüzen
bevált,levált
bevarr,levarr
bevert,levert
bevesz,levesz
bevisz,levisz
bevonz,levonz
bezeng,lezeng
bökdös,lökdös
bántás,hántás
bántat,hántat
begyes,hegyes
bering,hering
berreg,herreg
bódító,hódító
bordás,hordás
bosszú,hosszú
burkol,hurkol
bagzás,magzás
bagzik,magzik
bennél,mennél
bereng,mereng
beszel,meszel
billió,millió
bukkan,mukkan
bűvész,művész
bakter,sakter
behány,sehány
belejt,selejt
borház,sorház
borozó,sorozó
borsos,sorsos
bujtás,sujtás
bújtat,sújtat
burján,surján
barika,karika
barmol,karmol
barter,karter
becses,kecses
begyes,kegyes
begyúr,kegyúr
bereng,kereng
bering,kering
berreg,kerreg
beszeg,keszeg
bevert,kevert
bólint,kólint
boncol,koncol
bónusz,kónusz
borona,korona
borong,korong
botlik,kotlik
börzés,körzés
bement,cement
boltos,coltos
babona,gabona
ballon,gallon
billér,pillér
billog,pillog
bolgár,polgár
böcsül,pöcsül
bökdös,pökdös
bukkan,pukkan
belelő,delelő
bereng,dereng
borong,dorong
begyes,jegyes
bunker,junker
baktat,buktat
baljós,béljós
bántás,bontás
bántat,bontat
bárfiú,borfiú
beázik,boázik
becsül,böcsül
beleró,boleró
benyit,bényit
bérház,borház
bering,béring
beszít,bőszít
beszül,bőszül
billér,böllér
boldog,buldog
borvíz,bórvíz
bujtat,bújtat
bábeli,bázeli
bagzik,baszik
bakter,barter
bearat,beírat
bedong,bekong
beéget,beüget
beékel,bekkel
beerez,beérez
beevez,beövez
befagy,behagy
befejt,belejt
befejt,berejt
befejt,belejt
befejt,berejt
befogy,berogy
befold,betold
begyes,benyes
begyúl,benyúl
behall,bevall
behisz,bevisz
behuny,besuny
beizél,beszél
bekölt,betölt
belejt,berejt
beleng,bereng
beleng,bezeng
belenő,bemenő
béllet,bérlet
bemárt,bezárt
bemárt,bezárt
bemérő,betérő
beőrül,beürül
bereng,bezeng
beront,bevont
berúgó,besúgó
beszeg,bezzeg
betesz,bevesz
betett,bevett
bodnár,bognár
bodros,bokros
bojtos,boltos
bolház,borház
bomlás,botlás
bomlik,botlik
bujtat,buktat
bakfis,baksis
balkon,ballon
barakk,barokk
barkás,barnás
beadat,bearat
beadat,beavat
beadat,bearat
beadat,beavat
beájul,beárul
bearat,beavat
beékez,beélez
beékez,beérez
beélez,beérez
beerez,beevez
befagy,befogy
behaló,beháló
behány,behuny
bekezd,beküzd
beleér,beltér
beránt,beront
bereng,bering
besíel,beszel
betart,betört
betérő,betörő
betilt,betölt
bevesz,bevisz
bizgat,biztat
boglár,bognár
boldog,bolyog
bordáz,borház
borjas,borzas
barack,barakk
becője,becőke
becsal,becsül
becsap,becsíp
becsár,becsér
becsár,becsűr
becsér,becsűr
becses,becsüs
befejt,befest
befejt,befest
begyúr,begyűr
behaló,beható
békeév,békeív
beküld,beküzd
beleég,beleng
beleél,beleöl
beleél,beleül
beleér,beleír
belefő,belelő
belefő,belenő
belejt,beleüt
belelő,belenő
beleöl,beleül
bennél,bennül
benyal,benyel
benyal,benyúl
benyel,benyúl
beőröl,beőrül
beszed,beszéd
beszel,beszél
beszel,beszól
beszel,beszül
beszél,beszól
beszél,beszül
beszól,beszül
beszór,beszúr
beszór,beszűr
beszúr,beszűr
betölt,betört
beutal,beutál
bevert,bevett
billeg,billog
bordai,bordói
borscs,borsos
báróné,bárónő
beakad,beakar
beárad,beáraz
becőke,becőké
becsal,becsap
becsen,becses
becsül,becsüs
beékel,beékez
befejő,befejt
befejő,befejt
befele,befelé
befogó,befogy
begyúl,begyúr
behall,behaló
behíva,behívó
beleég,beleél
beleég,beleér
beleél,beleér
belefő,belefú
beleng,belenő
beleül,beleüt
bemenő,bement
bennég,bennél
benyel,benyer
benyel,benyes
benyer,benyes
beszed,beszeg
beszed,beszel
beszéd,beszél
beszeg,beszel
beszít,beszív
beszól,beszór
betörő,betört
beutal,beutaz
bevont,bevonz
billeg,billen
bizton,biztos
bodros,bodroz
bolhás,bolház
boltos,boltoz
boncol,boncos
bordai,bordal
bordás,bordáz
borona,borong
borsos,borsoz
borzad,borzas
böjtöl,böjtös
bugyog,bugyor
burján,burját
üreges,öreges
ügylet,egylet
ügybaj,agybaj
ügyelő,ágyelő
űrhajó,őrhajó
ügetés,égetés
ültető,éltető
üzemel,szemel
üreges,üveges
üregel,üreges
ütemes,ütemez
üveges,üvegez
urizál,irizál
uszony,iszony
uszály,aszály
unalom,uralom
utalás,utazás
ugatás,ugatós
cirkál,firkál
coltos,foltos
ciráda,tiráda
ciszta,tiszta
cekker,vekker
coltos,voltos
cukkol,rukkol
cakkos,lakkos
cakkoz,lakkoz
cement,lement
cinkel,linkel
címzés,hímzés
cuppan,huppan
cakkos,makkos
center,kenter
cukkol,kukkol
cement,bement
coltos,boltos
cincér,pincér
caflat,caplat
cincár,cingár
cincár,cincér
cincár,cincor
cincér,cincor
cakkos,cakkoz
centis,centiz
címkép,címkéz
cincál,cincár
cincog,cincor
cinkel,cinkez
zsiger,csiger
zsúfol,csúfol
zsupán,csupán
zsemle,zsömle
zsúfol,zsúpol
zsákol,zsákos
zsalus,zsaluz
zsebel,zsebes
zsiráf,zsirál
zsíros,zsíroz
germán,fermán
golyós,folyós
gallér,tallér
gerjed,terjed
gombol,tombol
gallon,vallon
gányol,ványol
garázs,varázs
gödrös,vödrös
gagyog,ragyog
gangos,rangos
gégész,régész
gombol,rombol
geller,zeller
gordon,zordon
gördít,zördít
gördül,zördül
görget,zörget
gombos,lombos
gangos,hangos
golyva,holyva
gördül,hördül
gittel,sittel
görény,sörény
galand,kaland
galiba,kaliba
gépíró,képíró
gépsor,képsor
gomoly,komoly
gordon,kordon
gukker,kukker
gurgat,kurgat
gabona,babona
gallon,ballon
gallér,pallér
garázs,parázs
garázs,parázs
gördül,pördül
görget,pörget
guszta,puszta
garázs,darázs
gombos,dombos
gördül,dördül
gányol,gúnyol
gázgép,gőzgép
gégész,gépész
gödény,görény
gépagy,gépágy
görbít,gördít
görbül,gördül
gombás,gombos
gránát,gránit
gallon,galloz
gépíró,gépírt
gombol,gombos
gondol,gondos
gondol,gondoz
gondos,gondoz
gömböc,gömböv
grófné,grófnő
gúnyol,gúnyos
paktum,faktum
palánk,falánk
perdít,ferdít
perdül,ferdül
pillér,fillér
pincsi,fincsi
pityeg,fityeg
pontos,fontos
pungál,fungál
pálcás,tálcás
pallér,tallér
párlat,tárlat
pároló,tároló
pengés,tengés
penget,tenget
permet,termet
pernye,ternye
potyog,totyog
pötyög,tötyög
pötyög,tötyög
pagina,vagina
pakoló,vakoló
parázs,varázs
parázs,varázs
pillog,villog
pöcsök,vöcsök
pacsni,racsni
pákász,rákász
pemete,remete
pendít,rendít
pendül,rendül
pengés,rengés
penget,renget
pipacs,ripacs
potyog,rotyog
pötyög,rötyög
pötyög,rötyög
párlat,zárlat
párolt,zárolt
pendít,zendít
pendül,zendül
penész,zenész
pengés,zengés
penget,zenget
pördül,zördül
pörgés,zörgés
pörget,zörget
pötyög,zötyög
pötyög,zötyög
pendít,lendít
pendül,lendül
pengés,lengés
penget,lenget
pocsol,locsol
potyog,lotyog
pökdös,lökdös
pötyög,lötyög
pötyög,lötyög
pumpol,lumpol
pajtás,hajtás
pántol,hántol
perceg,herceg
pergel,hergel
petyeg,hetyeg
pördül,hördül
pörgés,hörgés
pállás,mállás
pállik,mállik
pántol,mántol
parkol,markol
parkőr,markőr
porcos,morcos
potyog,motyog
pukkan,mukkan
párlás,sárlás
passzé,sasszé
perceg,serceg
percen,sercen
perdül,serdül
pintér,sintér
pusmog,susmog
pandúr,kandúr
pártol,kártol
pattan,kattan
pattog,kattog
pehely,kehely
pékség,kékség
perget,kerget
petyeg,ketyeg
piázik,kiázik
potyog,kotyog
prémes,krémes
pillér,billér
pillog,billog
polgár,bolgár
pöcsül,böcsül
pökdös,bökdös
pukkan,bukkan
pincér,cincér
pallér,gallér
parázs,garázs
parázs,garázs
pördül,gördül
pörget,görget
puszta,guszta
parázs,darázs
parázs,darázs
pézsma,dézsma
piázik,diázik
pöccen,döccen
pördül,dördül
pörgés,dörgés
pudvás,dudvás
pájsli,pejsli
pakoló,pikoló
pallér,pillér
pántoz,pontoz
panzió,penzió
pányva,ponyva
párlás,porlás
pároló,poroló
partos,pártos
párzik,porzik
paszta,pászta
paszta,puszta
pászta,puszta
pátens,potens
patvar,pitvar
perdül,pördül
pergés,pörgés
perget,pörget
petyeg,pityeg
pingál,pungál
pöffed,püffed
padlóz,pallóz
pagina,patina
pállás,párlás
pamlag,parlag
pántol,pártol
parkol,paskol
parkol,patkol
paskol,patkol
pendít,perdít
pendül,perdül
pengés,pergés
penget,perget
picula,pikula
picula,pilula
picula,pirula
pikula,pilula
pikula,pirula
pillog,pislog
pilula,pirula
plánum,plénum
pocika,pofika
portás,postás
pöcköl,pörköl
pungál,purgál
pálcás,pállás
parkőr,partőr
párlás,párnás
párlás,párzás
párnás,párzás
párnáz,pártáz
peches,peckes
pergel,perjel
perget,permet
pincér,pintér
porlás,portás
porlik,porzik
pöcköl,pöcsöl
profán,propán
padlás,padlós
pászka,pászma
pászka,pászta
pászma,pászta
patika,patina
pengés,pengős
pingál,pingel
pocija,pocika
pöcsöl,pöcsül
primer,primőr
pumpál,pumpol
padlós,padlóz
pálcás,pálcáz
pántol,pántoz
paplak,paplan
parkol,parkoz
párnás,párnáz
parola,paroli
pároló,párolt
pártol,pártos
peckel,peckes
példás,példáz
pénzel,pénzes
perceg,percen
perceg,perces
percen,perces
pergel,perget
pfujol,pfujoz
pihenj,pihenő
pihenj,pihent
pihenő,pihent
pillér,pillés
pityeg,pityer
polcol,polcoz
pólyál,pólyás
pólyál,pólyáz
pólyás,pólyáz
ponton,pontos
ponton,pontoz
pontos,pontoz
portál,portás
postás,postáz
pöcsök,pöcsöl
prémes,prémez
próbál,próbás
profil,profit
puffad,puffan
pukkad,pukkan
delelő,felelő
délidő,félidő
délkör,félkör
dikció,fikció
dülled,fülled
dagadó,tagadó
delelő,telelő
délidő,télidő
délies,télies
derítő,terítő
darázs,varázs
diadal,viadal
dagadó,ragadó
dagály,ragály
dobban,robban
dobogó,robogó
dugdos,rugdos
döngés,zöngés
dördül,zördül
dörgés,zörgés
dörren,zörren
dobban,lobban
dobogó,lobogó
dombos,lombos
dinnye,hinnye
dördül,hördül
dörgés,hörgés
durrog,hurrog
degesz,megesz
dereng,mereng
derítő,merítő
dehogy,sehogy
dokkol,sokkol
döntés,söntés
dugdos,sugdos
durran,surran
durrog,surrog
dürgés,sürgés
Danton,kanton
dereng,kereng
derítő,kerítő
diázik,kiázik
dongás,kongás
dorong,korong
dunszt,kunszt
durrog,kurrog
delelő,belelő
dereng,bereng
dorong,borong
darázs,garázs
dombos,gombos
dördül,gördül
darázs,parázs
darázs,parázs
dézsma,pézsma
diázik,piázik
döccen,pöccen
dördül,pördül
dörgés,pörgés
dudvás,pudvás
dobban,jobban
dalest,délest
dalkör,délkör
Daniel,Dániel
deákos,diákos
decens,docens
dekkol,dokkol
dörgés,dürgés
Dalton,Danton
dologi,dorogi
döndül,dördül
döngés,dörgés
döngöl,dörgöl
dühöng,dülöng
döngés,döntés
dönget,döntet
dalkar,dalkör
díszfű,dísztű
diszkó,disznó
dagadó,dagadt
daráló,darált
díszfa,díszfű
drótos,drótoz
dublőr,dublőz
szalag,ázalag
szemel,üzemel
szabás,szobás
szájas,szíjas
szakít,szőkít
szakít,szűkít
szálal,szólal
szálfa,szilfa
szánás,szénás
szarás,szórás
szarás,szúrás
szárít,szorít
szárny,szörny
szaros,szoros
szatír,szétír
szeget,sziget
szegez,szögez
székes,szikes
székfű,szikfű
szeles,széles
szenes,színes
szeret,szüret
szidás,szódás
szitás,szítás
szokik,szökik
szórás,szúrás
szórat,szúrat
szökés,szőkés
szőkít,szűkít
szőkül,szűkül
szőrös,szűrös
szabad,szakad
szabad,szalad
szabás,szarás
szagos,szakos
szagos,szaros
szájal,szálal
szájas,szálas
szájas,száras
szájas,százas
szakad,szalad
szakma,szalma
szákol,számol
szakos,szaros
szálas,száras
szálas,százas
szálaz,száraz
szálka,szánka
számít,szárít
szárad,század
száras,százas
szedál,szekál
szedés,szegés
szedet,szeget
szedet,szelet
szedet,szeret
szédít,szépít
szédül,szépül
szédül,szétül
szegel,szelel
szegel,szemel
szegel,szenel
szegel,szerel
szeget,szelet
szeget,szeret
szegez,szemez
szegez,szerez
székes,széles
szelel,szemel
szelel,szenel
szelel,szerel
szelep,szerep
szeles,szemes
szeles,szenes
szelet,szeret
szellő,szeplő
szemel,szenel
szemel,szerel
szemes,szenes
szemez,szerez
szenel,szerel
szépia,széria
szépül,szétül
szidás,szitás
szidat,szimat
színes,szíves
szítás,szívás
szobás,szokás
szobás,szopás
szódás,szólás
szódás,szórás
szokás,szopás
szólás,szórás
szórat,szózat
szökés,szövés
szűkös,szűrös
szűnés,szűrés
szünet,szüret
szaldó,szaltó
szálfa,szálka
számoz,száműz
szánka,szánta
szánkó,szántó
szarás,szaros
szarás,szarus
szaros,szarus
szegel,szegül
szerda,szerfa
szerda,szerva
szerfa,szerva
szerkő,szerző
szétfő,szétlő
szétfő,szétnő
szétlő,szétnő
szétöl,szétül
szikla,szikra
szilfa,szilva
szívás,szíves
szívás,szívós
szíves,szívós
szopás,szopós
szúrás,szúrós
szűköl,szűkül
szűrés,szűrös
szabad,szabat
szagol,szagos
szájal,szájas
szalad,szalag
szálal,szálas
szálal,szálaz
szálas,szálaz
számol,számos
számol,számoz
számos,számoz
szánka,szánkó
szánta,szántó
szárad,száras
szárad,száraz
száras,száraz
szaval,szavas
szaval,szavaz
szavas,szavaz
század,százas
szeder,szedet
szegel,szeget
szegel,szegez
szeget,szegez
székel,székes
széled,széles
széled,szélez
szelel,szelep
szelel,szeles
szelel,szelet
szelep,szeles
szelep,szelet
szeles,szelet
széles,szélez
szemel,szemes
szemel,szemez
szemes,szemez
szenel,szenes
szeráf,szeráj
szerel,szerep
szerel,szeret
szerel,szerez
szerep,szeret
szerep,szerez
szeret,szerez
szerkó,szerkő
szerva,szervi
szétfő,szétfú
szétül,szétüt
szíjas,szíjaz
színes,színez
szitál,szitás
szível,szíves
szólal,szólam
szoros,szoroz
szótag,szótan
szöges,szögez
szőrös,szőröz
szöveg,szövet
szűköl,szűkös
jeladó,feladó
jelleg,felleg
jelölt,felölt
jeltűz,feltűz
jelzet,felzet
jogász,fogász
jutott,futott
juttat,futtat
jegyes,vegyes
jajong,rajong
jobban,robban
jajgat,zajgat
jajong,zajong
járókő,zárókő
játszó,látszó
jegyez,legyez
jobban,lobban
jegyes,hegyes
jegyez,hegyez
jártat,mártat
jattol,mattol
jajdul,sajdul
jampec,kampec
jegyes,kegyes
jellem,kellem
jegyes,begyes
junker,bunker
jobban,dobban
jaguár,január
július,június
jelzés,jelzős
járási,járású
járóka,járókő
jártas,jártat
játszi,játszó
jegyes,jegyez
jelleg,jellem
jelölő,jelölt
jelzői,jelzős
