fejelés,tejelés
fejpénz,tejpénz
fotózik,totózik
fényező,tényező
fűzőgép,tűzőgép
füzetes,tüzetes
fonalas,vonalas
fonódik,vonódik
félelem,vélelem
fecsegő,recsegő
fejtett,rejtett
fókázik,rókázik
földség,zöldség
fővonal,lővonal
főállás,lőállás
fagyott,hagyott
fortyog,hortyog
fűtőház,hűtőház
fűtőzik,hűtőzik
fókázik,mókázik
fásítás,másítás
fejtett,sejtett
fegyenc,kegyenc
fialtat,kialtat
flipper,klipper
felföld,belföld
feljebb,beljebb
felülre,belülre
fennjár,bennjár
fennáll,bennáll
fodorít,bodorít
fricska,bricska
fújtató,bújtató
fütykös,bütykös
fikázik,cikázik
félgömb,célgömb
flancol,glancol
fapuska,papuska
fogózik,pogózik
funkció,punkció
fülledt,dülledt
feladás,jeladás
felelés,jelelés
felfogó,jelfogó
felhang,jelhang
fajvédő,fejvédő
falelem,felelem
falelem,félelem
falrakó,felrakó
falvédő,fülvédő
feladat,föladat
felakad,fölakad
felavat,fölavat
felbont,fölbont
felbujt,fölbujt
felcsal,fölcsal
felcsap,fölcsap
felcsuk,fölcsuk
felcsíp,fölcsíp
feldönt,földönt
felelem,félelem
felemel,fölemel
felesik,fölesik
feleség,féleség
feletet,föletet
felevez,fölevez
felfagy,fölfagy
felfejt,fölfejt
felfelé,fölfelé
felfest,fölfest
felforr,fölforr
felgyúl,fölgyúl
felgyúr,fölgyúr
felgyűr,fölgyűr
felhagy,fölhagy
felhajt,fölhajt
felhang,félhang
felhint,fölhint
felhord,fölhord
felhány,fölhány
felidéz,fölidéz
feligéz,föligéz
felijed,fölijed
felirat,fölirat
felitat,fölitat
feljebb,följebb
felkelt,fölkelt
felkölt,fölkölt
felküld,fölküld
felküzd,fölküzd
felleng,fölleng
felmegy,fölmegy
felment,fölment
felmond,fölmond
felnyal,fölnyal
felnyes,fölnyes
felnyit,fölnyit
felnyom,fölnyom
felnyír,fölnyír
felnyög,fölnyög
felnyúl,fölnyúl
feloson,föloson
feloszt,föloszt
felreng,fölreng
felriad,fölriad
felránt,fölránt
felsiet,fölsiet
felszab,fölszab
felszed,fölszed
felszeg,félszeg
felszeg,fölszeg
felszel,fölszel
felszán,fölszán
felszít,fölszít
felszív,fölszív
felszól,fölszól
felszór,fölszór
felszúr,fölszúr
felsért,fölsért
feltart,föltart
feltesz,föltesz
feltett,féltett
feltölt,föltölt
feltűnő,föltűnő
felugat,fölugat
felvarr,fölvarr
felvesz,fölvesz
felvisz,fölvisz
felvált,fölvált
felzeng,fölzeng
felápol,fölápol
felárad,fölárad
felásat,fölásat
felázik,fölázik
feléget,föléget
felékel,fölékel
felékít,fölékít
feléled,föléled
felépít,fölépít
felépül,fölépül
felérez,fölérez
felétet,fölétet
felírat,fölírat
felível,fölível
felőröl,fölőröl
felölel,fölölel
felötöl,fölötöl
felövez,fölövez
felújul,fölújul
felújít,fölújít
felüdít,fölüdít
felüdül,fölüdül
felüget,fölüget
felülre,fölülre
felülír,fölülír
felülüt,fölülüt
felüzen,fölüzen
fennjár,fönnjár
fennáll,fönnáll
fentebb,föntebb
fikázik,fókázik
flancos,francos
féljegy,füljegy
félszeg,fölszeg
fényíró,fűnyíró
fabatka,falatka
faderék,fakerék
fajvédő,falvédő
fedezet,fejezet
fedezés,felezés
fejelés,felelés
fejesel,felesel
fejhang,felhang
fejkötő,felkötő
fejlett,feslett
fejpénz,felpénz
fejtett,feltett
fejtett,festett
fejtető,fektető
feleség,feneség
felreng,fetreng
feltett,festett
felzeng,feszeng
fiacska,fiúcska
fifikus,fizikus
fogatos,fonatos
fogytán,folytán
fogódik,fonódik
fogózik,fotózik
fújódik,fúródik
fújódik,fúvódik
fúrócső,fúvócső
fúródik,fúvódik
félgömb,fémgömb
fejlett,fejtett
felbont,felront
felelet,felölet
felelet,felület
felelés,felélés
feletet,felétet
felevez,felövez
felfagy,felhagy
felfejt,fellejt
felfejt,felsejt
felfújt,felsújt
felgyúl,felnyúl
felirat,felírat
feljáró,feltáró
feljáró,felzáró
felkent,felment
felkölt,feltölt
fellejt,felsejt
felleng,felreng
felleng,felzeng
felreng,felzeng
feltesz,felvesz
feltáró,felzáró
feléget,felüget
felőrül,felörül
felölet,felület
feslett,festett
fialtat,fiaztat
fémgömb,fémtömb
föletet,fölétet
fölevez,fölövez
fölfagy,fölhagy
fölgyúl,fölnyúl
fölirat,fölírat
fölkölt,föltölt
fölleng,fölreng
fölleng,fölzeng
fölreng,fölzeng
föltesz,fölvesz
föléget,fölüget
fülhegy,füljegy
faragás,farakás
feladat,felavat
feledés,felelés
feledés,felezés
felelet,feletet
felelés,felezés
felemel,felesel
felfagy,felfogy
felfejt,felfújt
felidéz,feligéz
felirat,felitat
felkelt,felkölt
felront,felránt
felsejt,felsújt
feltart,feltört
felvesz,felvisz
felágaz,feláraz
feléget,felétet
felékít,felépít
felélez,felérez
felüdül,felülül
felüget,felület
fogadás,foganás
fogadás,fogazás
foganat,fogazat
foganás,fogazás
fogódik,fogózik
fokolás,fokozás
foszlat,fosztat
félédes,féléves
fémgomb,fémgömb
fényező,fényűző
föladat,fölavat
földgát,földhát
földgát,földpát
földhát,földpát
fölidéz,föligéz
fölirat,fölitat
fölkelt,fölkölt
fölvesz,fölvisz
föléget,fölétet
fölékít,fölépít
falgyom,falgyám
felcsap,felcsíp
felelés,felelős
felfejt,felfest
felgyúr,felgyűr
felkelt,felkent
felküld,felküzd
felnyal,felnyúl
felszel,felszél
felszel,felszól
felszel,felszül
felszán,felszín
felszél,felszól
felszél,felszül
felszól,felszül
felszór,felszőr
felszór,felszúr
felszőr,felszúr
feltölt,feltört
felvető,felvevő
felásat,felásít
felőröl,felőrül
felület,felülüt
felülér,felülír
felülöl,felülül
fogadás,fogadós
folyton,folytán
francba,francia
félrelő,félrenő
félreál,félreül
félreér,félreír
fényerő,fényező
fénykor,fénykör
fölcsap,fölcsíp
fölfejt,fölfest
fölgyúr,fölgyűr
fölküld,fölküzd
fölnyal,fölnyel
fölnyal,fölnyúl
fölnyel,fölnyúl
fölszel,fölszól
fölszór,fölszúr
függően,függőón
fülledt,füllent
faggyús,faggyúz
fanyelv,fanyelű
fedezék,fedezés
fejtett,fejtető
fejtett,fejtetű
fejtető,fejtetű
feketés,feketéz
felakad,felakar
felcsal,felcsap
felelem,felelet
felfogy,felfogó
felgyúl,felgyúr
felkelt,felkelő
felkérd,felkérő
felment,felmenő
felriad,felrian
felszed,felszeg
felszed,felszel
felszeg,felszel
felszín,felszít
felszín,felszív
felszít,felszív
felszól,felszór
felárad,feláraz
feléled,felélez
felölel,felölet
felülül,felülüt
fenekel,fenekes
fizikum,fizikus
flancol,flancos
flekken,flekkes
foglalt,foglaló
fontolt,fontoló
forralt,forraló
fukszia,fukszin
fuvaros,fuvaroz
félhold,félholt
félreég,félreér
félreül,félreüt
félszeg,félszem
fészkel,fészkes
fölcsal,fölcsap
földgát,földgáz
fölgyúl,fölgyúr
fölnyel,fölnyes
fölszed,fölszeg
fölszed,fölszel
fölszeg,fölszel
fölszít,fölszív
fölszól,fölszór
füstölt,füstölő
gyengéd,gyöngéd
gyengít,gyöngít
gyengül,gyöngül
gyújtás,gyújtós
gyantás,gyantáz
gyászol,gyászos
gyilkol,gyilkos
gyógyír,gyógyít
gyomros,gyomroz
gyorsír,gyorsít
tejelés,fejelés
tejpénz,fejpénz
tényező,fényező
totózik,fotózik
tüzetes,füzetes
tűzőgép,fűzőgép
takarás,vakarás
takarék,vakarék
telejár,velejár
térbeli,vérbeli
tereget,vereget
teríték,veríték
térszín,vérszín
tételez,vételez
taszter,raszter
téveteg,réveteg
tomboló,romboló
topogás,ropogás
toppant,roppant
tárolás,zárolás
tapogat,lapogat
tátogat,látogat
tépeget,lépeget
tisztel,lisztel
tisztes,lisztes
toccsan,loccsan
tottyan,lottyan
tatáros,határos
terpesz,herpesz
tereget,mereget
tetszés,metszés
térelem,sérelem
térelem,kérelem
terítés,kerítés
terület,kerület
topogás,kopogás
topolya,kopolya
toppant,koppant
tottyan,kottyan
töltött,költött
túrázik,kúrázik
teleáll,beleáll
telebőg,belebőg
teledöf,beledöf
telefal,belefal
telefon,belefon
telefúj,belefúj
telefúr,belefúr
telefut,belefut
telefűz,belefűz
telehoz,belehoz
telehúz,belehúz
telejár,belejár
teleköp,beleköp
teleköt,beleköt
telelök,belelök
telemer,belemer
telemér,belemér
telemos,belemos
telenéz,belenéz
teleönt,beleönt
telepök,belepök
telerak,belerak
telerúg,belerúg
telesír,belesír
telesül,belesül
telesző,belesző
teletöm,beletöm
teletör,beletör
teletűz,beletűz
televág,belevág
telever,belever
televés,belevés
telezúg,belezúg
tüntető,büntető
tulipán,gulipán
tárolás,párolás
tottyan,pottyan
turista,purista
tagadás,dagadás
teizmus,deizmus
terítés,derítés
tojózik,jojózik
turista,jurista
térdelő,tördelő
térelem,türelem
terítés,térítés
tésztás,tisztás
tesztel,tisztel
tőlevél,tűlevél
törődik,tűrődik
tagadás,tapadás
támogat,tátogat
tejelés,terelés
telítés,terítés
tojózik,totózik
tömődik,törődik
tönköly,törköly
tujázik,tusázik
túlázik,túrázik
tűnődik,tűrődik
televér,telivér
tercett,termett
tercier,terrier
terhelő,termelő
termesz,terpesz
tetőzés,tetszés
tetőzik,tetszik
túlfejt,túlrejt
túlhisz,túlvisz
túlkölt,túltölt
túlleng,túlteng
túlleng,túlzeng
túlpart,túltart
túlteng,túlzeng
túltesz,túlvesz
telefűz,teletűz
teleint,teleönt
telejár,telekár
telekér,telemér
telekér,televér
telelök,telepök
telemer,telever
telemér,televér
települ,telesül
telerúg,telezúg
termesz,termosz
tovafut,tovajut
túlélés,túlérés
túlkezd,túlküzd
túlvesz,túlvisz
takarás,takaros
találás,találós
tanszak,tanszék
tapadás,tapadós
telefej,telefúj
teleház,telehoz
teleház,telehúz
telehoz,telehúz
telekár,telekér
telemer,telemér
telever,televér
tisztás,tisztes
tisztel,tisztul
tovalép,tovalop
túlfejt,túlfest
túlküld,túlküzd
túlszór,túlszűr
tapétás,tapétáz
tápláló,táplált
tárgyal,tárgyas
tárgyal,tárgyaz
tárgyas,tárgyaz
telefúj,telefúr
teleköp,teleköt
teletöm,teletör
televér,televés
terhelő,terhelt
teríték,terítés
termett,termetű
tételes,tételez
tisztás,tisztáz
tisztel,tisztes
titulál,tituláz
tizedel,tizedes
tombola,tomboló
tornyos,tornyoz
törzsfa,törzsfő
tőzegel,tőzeges
trágyás,trágyáz
truccol,truccos
túlárad,túláraz
túlszól,túlszór
tutajos,tutajoz
iramlik,áramlik
irányít,arányít
iktatás,oktatás
itthoni,otthoni
iktelen,éktelen
ívjárat,évjárat
ízletes,üzletes
íratlan,uratlan
irgalom,izgalom
idétlen,időtlen
idebenn,idefenn
idebenn,idelenn
idebent,idefent
idebent,idelent
idefagy,idehagy
idefenn,idelenn
idefent,idelent
ideleng,idezeng
idetesz,idevesz
indikál,indukál
ízelítő,ízesítő
ideront,ideránt
idevesz,idevisz
irrigál,irritál
ideszól,ideszül
ideszór,ideszúr
ihletes,ihletés
ingerel,ingerül
ismerés,ismerős
istenit,istenít
izzadás,izzadós
idebenn,idebent
idecsal,idecsap
idefenn,idefent
idekinn,idekint
ideleng,idelenn
ideleng,idelent
idelenn,idelent
ideszól,ideszór
ideutal,ideutaz
igazolt,igazoló
igényel,igényes
iskolás,iskoláz
iszapol,iszapos
vélelem,félelem
vonalas,fonalas
vonódik,fonódik
vakarás,takarás
vakarék,takarék
velejár,telejár
vérbeli,térbeli
vereget,tereget
veríték,teríték
vérszín,térszín
vételez,tételez
vágódik,rágódik
vásároz,rásároz
várható,zárható
vokális,lokális
vallási,hallási
vallott,hallott
vasalás,hasalás
vasizom,hasizom
vitelez,hitelez
vereget,mereget
várvédő,sárvédő
vasszeg,sasszeg
velejár,belejár
veszély,beszély
vakolás,pakolás
villant,pillant
várható,járható
várbeli,vérbeli
vármező,vérmező
vázrajz,vízrajz
vételez,vitelez
válható,várható
vatelin,vazelin
védelem,vélelem
végbeli,vérbeli
verődik,vetődik
vidámul,vitámul
világos,virágos
viselés,vizelés
viselet,vizelet
vakarás,vakírás
vakolás,vakulás
vonható,vontató
vonóerő,vonzerő
vakírás,vakítás
vizelés,vizezés
vízmerő,vízmérő
vakarás,vakarcs
végigél,végigül
végigér,végigír
végiglő,végignő
veszejt,veszett
vesztes,vesztés
viselés,viselős
vizitál,vizitel
vásárol,vásáros
vásárol,vásároz
vásáros,vásároz
végigég,végigél
végigég,végigér
végigél,végigér
végigül,végigüt
verseng,verseny
vesztes,vesztet
vezeték,vezetés
viaszol,viaszos
viaszol,viaszoz
viaszos,viaszoz
vigyázó,vigyázz
viharos,viharoz
világol,világos
villanó,villant
villanó,villany
villant,villany
vonalas,vonalaz
vonatok,vonatol
öntudat,éntudat
öltöget,öntöget
öltöget,öltözet
öltözék,öltözik
összeél,összeöl
összeél,összeül
összeér,összeír
összefő,összelő
összefő,összenő
összelő,összenő
összeöl,összeül
öröklés,öröklét
összeég,összeél
összeég,összeér
összeél,összeér
összeül,összeüt
recsegő,fecsegő
rejtett,fejtett
rókázik,fókázik
raszter,taszter
réveteg,téveteg
romboló,tomboló
ropogás,topogás
roppant,toppant
rágódik,vágódik
rásároz,vásároz
rajongó,zajongó
rakhely,lakhely
recitál,lecitál
robbant,lobbant
rohaszt,lohaszt
ráborít,háborít
rangadó,hangadó
rangsor,hangsor
rokizik,hokizik
rosszan,hosszan
rákszem,mákszem
reszelő,meszelő
rókázik,mókázik
rajtolt,sajtolt
rejtett,sejtett
rikkant,sikkant
repeszt,kepeszt
réselés,késelés
részlet,készlet
ropogás,kopogás
ropogós,kopogós
roppant,koppant
röhögés,köhögés
recitál,becitál
romlott,bomlott
rosszul,bosszul
ragyogó,gagyogó
ragadoz,dagadoz
ragaszt,dagaszt
referál,deferál
robbant,dobbant
rágódik,rugódik
rágózik,rugózik
rajtjel,rejtjel
rántott,rontott
restell,röstell
reszelő,részelő
rikkant,rokkant
ráalvad,ráolvad
rádagad,ráragad
ráderít,ráterít
ráderül,rákerül
ráderül,rámerül
ráderül,ráterül
rádörög,rágörög
rádörög,ráhörög
rádörög,rápörög
ráeszik,ráiszik
ráeszik,ráúszik
ráfelel,rátelel
ráfogat,rágogat
ráfogat,rázogat
ráforog,rámorog
rágázol,rámázol
rágódik,rázódik
rágogat,rázogat
rágörög,ráhörög
rágörög,rápörög
rágyújt,rányújt
ráhasal,rávasal
ráhever,rákever
ráhörög,rápörög
ráhuhog,rázuhog
ráiszik,ráúszik
rákavar,rázavar
rákerül,rámerül
rákerül,ráterül
ráköhög,ráröhög
rálehet,rátehet
rálódul,rátódul
rámerül,ráterül
ráomlik,ráömlik
rápakol,rávakol
rápöfög,ráröfög
rápöröl,rátöröl
ráréved,rátéved
rásérül,rátérül
rátakar,rávakar
rekeszt,repeszt
rémület,révület
roletta,rozetta
ráfizet,ráfűzet
rajtgép,rajzgép
rajtolt,rajzolt
rakodik,rakódik
rárepül,ráröpül
ráterít,rátérít
ráterül,rátérül
ráültet,ráüttet
rádudál,rádumál
ráfejel,ráfelel
rágódik,rágózik
ráhajol,ráhatol
rákapar,rákavar
rálibeg,ráliheg
rámásol,rámázol
rámorog,rámozog
rápöfög,rápörög
ráröfög,ráröhög
rátehet,rátemet
rátehet,rátetet
rátelel,ráterel
rátemet,rátetet
ráülhet,ráültet
ráválik,rávásik
ráveret,rávezet
rávéset,rávétet
rázubog,rázuhog
rohadás,rohanás
rugódik,rugózik
rádobál,rádobol
rálapol,rálapul
ráterel,ráterül
rendelő,rendező
ropogás,ropogós
ráfogad,ráfogat
rajtaég,rajtaér
rajtaül,rajtaüt
rajzoló,rajzolt
rákapar,rákapat
rálapol,rálapoz
rálehel,rálehet
ránevel,ránevet
ráolvad,ráolvas
rápörög,rápöröl
rárohad,rárohan
reggeli,reggelt
rekkenő,rekkent
rendelő,rendelt
részleg,részlet
rétegek,rétegel
rétegek,réteges
rétegek,rétegez
rétegel,réteges
rétegel,rétegez
réteges,rétegez
robbanó,robbant
robotol,robotos
rohamos,rohamoz
rongyol,rongyos
zöldség,földség
zárolás,tárolás
zárható,várható
zajongó,rajongó
zakatol,lakatol
zötyköl,lötyköl
zöttyen,löttyen
zökkent,hökkent
zárvány,márvány
zamatos,kamatos
zavargó,kavargó
zavarog,kavarog
zabszem,babszem
zökkenő,bökkenő
zárolás,párolás
zörrent,dörrent
záradék,járadék
zárható,járható
zárvány,járvány
zavarás,zavaros
zacskós,zacskóz
zászlós,zászlóz
zavarog,zavaros
zökkenő,zökkent
lőállás,főállás
lővonal,fővonal
lapogat,tapogat
látogat,tátogat
lépeget,tépeget
lisztel,tisztel
lisztes,tisztes
loccsan,toccsan
lottyan,tottyan
lokális,vokális
lakhely,rakhely
lecitál,recitál
lobbant,robbant
lohaszt,rohaszt
lakatol,zakatol
lötyköl,zötyköl
löttyen,zöttyen
legyező,hegyező
leverés,heverés
lódítás,hódítás
leander,meander
lengyel,kengyel
leverés,keverés
licitál,kicitál
lottyan,kottyan
leaggat,beaggat
leagyal,beagyal
leágyaz,beágyaz
leállít,beállít
lealtat,bealtat
leaprít,beaprít
leaszik,beaszik
leáztat,beáztat
lebáláz,bebáláz
lebámul,bebámul
lebiceg,bebiceg
leborít,beborít
leborul,beborul
lebőröz,bebőröz
lebújik,bebújik
lebukik,bebukik
lebutul,bebutul
lebúvik,bebúvik
lecibál,becibál
lecipel,becipel
lecitál,becitál
lecseng,becseng
lecsöng,becsöng
lecsüng,becsüng
ledadog,bedadog
ledarál,bedarál
ledobál,bedobál
ledobás,bedobás
ledobat,bedobat
ledobog,bedobog
ledöcög,bedöcög
ledörög,bedörög
ledudál,bedudál
ledugul,bedugul
ledumál,bedumál
leellik,beellik
leenged,beenged
leértet,beértet
leeszik,beeszik
lefalaz,befalaz
lefárad,befárad
lefarag,befarag
lefarol,befarol
lefedez,befedez
lefejel,befejel
lefejez,befejez
lefékez,befékez
lefelel,befelel
lefelez,befelez
lefésül,befésül
lefikáz,befikáz
lefizet,befizet
lefogad,befogad
lefogat,befogat
leforog,beforog
lefosik,befosik
lefotóz,befotóz
lefújat,befújat
lefúvat,befúvat
lefülel,befülel
legátol,begátol
legázol,begázol
legépel,begépel
legörög,begörög
legumiz,begumiz
legurít,begurít
legurul,begurul
legyújt,begyújt
legyűjt,begyűjt
lehajít,behajít
lehajol,behajol
lehalad,behalad
leharap,beharap
lehasad,behasad
lehasal,behasal
lehasít,behasít
lehatol,behatol
lehavaz,behavaz
lehetel,behetel
lehever,behever
lehidal,behidal
lehívat,behívat
lehízik,behízik
lehódol,behódol
lehozat,behozat
lehuhog,behuhog
lehúzás,behúzás
lehúzat,behúzat
lehűsít,behűsít
leiktat,beiktat
leindít,beindít
leindul,beindul
leintéz,beintéz
leirkál,beirkál
leismer,beismer
leiszik,beiszik
leizzad,beizzad
lejárás,bejárás
lejárat,bejárat
lejavít,bejavít
lejegel,bejegel
lejelez,bejelez
lejelöl,bejelöl
lejódoz,bejódoz
lejötte,bejötte
lejövet,bejövet
lekábul,bekábul
lekacag,bekacag
lekajál,bekajál
lekakál,bekakál
lekakil,bekakil
lekapar,bekapar
lekapat,bekapat
lekárog,bekárog
lekaróz,bekaróz
lekavar,bekavar
lekefél,bekefél
leképez,beképez
lekeres,bekeres
lekéret,bekéret
lekerít,bekerít
lekerül,bekerül
lekever,bekever
lekezel,bekezel
lekiált,bekiált
lekísér,bekísér
lekíván,bekíván
lekocog,bekocog
lekódol,bekódol
lekopik,bekopik
lekopog,bekopog
lekotor,bekotor
leköböz,beköböz
leköröz,beköröz
lekötés,bekötés
lekötöz,bekötöz
lekövet,bekövet
lekövez,bekövez
leközöl,beközöl
lelakik,belakik
lelapít,belapít
lelapoz,belapoz
lelapul,belapul
lelazít,belazít
lelazul,belazul
lelebeg,belebeg
lelegel,belegel
lelehel,belehel
lelehet,belehet
lelépés,belépés
lelibeg,belibeg
lelódul,belódul
lelógat,belógat
lelődöz,belődöz
lelövés,belövés
lelövet,belövet
lemarad,bemarad
lemarat,bemarat
lemásol,bemásol
lemázol,bemázol
lemenet,bemenet
leméret,beméret
lemerít,bemerít
lemerül,bemerül
lemesél,bemesél
lemetsz,bemetsz
lemondó,bemondó
lemorog,bemorog
lemosat,bemosat
lemozog,bemozog
lemutat,bemutat
leművel,beművel
lenevel,benevel
lenevet,benevet
lenevez,benevez
lenősül,benősül
lenőzik,benőzik
lenyújt,benyújt
leoktat,beoktat
leollóz,beollóz
leoltat,beoltat
leolvad,beolvad
leolvas,beolvas
leomlik,beomlik
leordít,beordít
leöblít,beöblít
leömlik,beömlik
leöntet,beöntet
leöntöz,beöntöz
lepácol,bepácol
lepakol,bepakol
lepárol,bepárol
lepereg,bepereg
leperel,beperel
lepipál,bepipál
lepirul,bepirul
lepisál,bepisál
lepisil,bepisil
lepofoz,bepofoz
leporol,beporol
leporoz,beporoz
lepózol,bepózol
lepödör,bepödör
lepöfög,bepöfög
lepörög,bepörög
lepucol,bepucol
lepuhul,bepuhul
lepüföl,bepüföl
leragad,beragad
lerágat,berágat
lerakás,berakás
lerakat,berakat
lerámol,berámol
lereked,bereked
leremeg,beremeg
lereped,bereped
lerepít,berepít
lerepül,berepül
lerezeg,berezeg
lerobog,berobog
lerohad,berohad
lerohan,berohan
leröfög,beröfög
leröhög,beröhög
leröpít,beröpít
leröpül,beröpül
lerúgat,berúgat
lesápad,besápad
lesároz,besároz
lesebez,besebez
lesegít,besegít
leseper,beseper
lesétál,besétál
lesíbol,besíbol
lesimít,besimít
lesimul,besimul
lesípol,besípol
lesízik,besízik
lesodor,besodor
lesoroz,besoroz
lesöpör,besöpör
lesuhan,besuhan
lesuvad,besuvad
lesűrít,besűrít
lesüvít,besüvít
leszáll,beszáll
leszánt,beszánt
letakar,betakar
letalál,betalál
letámad,betámad
letanít,betanít
letanul,betanul
letapad,betapad
letapos,betapos
letarol,betarol
letárol,betárol
letehet,betehet
leteker,beteker
letelel,betelel
letelik,betelik
letemet,betemet
leteper,beteper
letépet,betépet
leterel,beterel
leterít,beterít
letérít,betérít
leterül,beterül
letetet,betetet
letéved,betéved
letipeg,betipeg
letipor,betipor
letódul,betódul
letojik,betojik
letolat,betolat
letolul,betolul
letopog,betopog
letömít,betömít
letörés,betörés
letöret,betöret
letörik,betörik
letörül,betörül
letusol,betusol
letűnik,betűnik
leugrál,beugrál
leugrat,beugrat
leugrik,beugrik
leúszik,beúszik
leülhet,beülhet
leültet,beültet
leüttet,beüttet
leüvölt,beüvölt
levadít,bevadít
levágás,bevágás
levágat,bevágat
levajaz,bevajaz
levakol,bevakol
leválik,beválik
levámol,bevámol
levasal,bevasal
levégez,bevégez
leveret,beveret
levéset,bevéset
leveszt,beveszt
levetél,bevetél
levétel,bevétel
levetet,bevetet
levétet,bevétet
levetít,bevetít
levetül,bevetül
levezet,bevezet
levitet,bevitet
levizel,bevizel
levizez,bevizez
levonás,bevonás
levonat,bevonat
levonul,bevonul
lezabál,bezabál
lezárás,bezárás
lezárat,bezárat
lezárol,bezárol
lezárul,bezárul
lezavar,bezavar
lezenél,bezenél
lezörög,bezörög
lezúdít,bezúdít
lezúdul,bezúdul
lezuhan,bezuhan
lázmérő,gázmérő
lottyan,pottyan
lekódol,dekódol
lobbant,dobbant
lobogás,dobogás
látszat,játszat
látszik,játszik
lövedék,jövedék
leállás,lóállás
leállás,lőállás
lebegés,libegés
lecitál,licitál
ledörög,lődörög
lefogat,lófogat
legózik,légózik
lelépés,lólépés
lesport,lósport
lóállás,lőállás
lakozás,lapozás
lapulás,lazulás
lealtat,leoltat
leaszik,leeszik
leaszik,leiszik
leaszik,leúszik
lebomol,leromol
lécajtó,légajtó
lécezés,létezés
ledobog,lerobog
ledörög,legörög
ledörög,lehörög
ledörög,lepörög
ledörög,lezörög
leeszik,leiszik
leeszik,leúszik
lefarol,letarol
lefejel,letejel
lefelel,letelel
lefelez,lejelez
leforog,lemorog
legális,letális
legázol,lemázol
legázol,levázol
legelöl,lejelöl
legörög,lehörög
legörög,lepörög
legörög,lezörög
legyújt,lenyújt
lehajaz,levajaz
lehárul,letárul
lehárul,lezárul
lehasal,levasal
lehever,lekever
lehitet,levitet
lehízik,lesízik
lehódol,lekódol
lehörög,lepörög
lehörög,lezörög
leiktat,leoktat
leintet,leöntet
leiszik,leúszik
lejárás,lezárás
lejárat,lezárat
lejegel,lelegel
lejövet,lekövet
lejövet,lelövet
lekavar,lezavar
lekéret,leméret
lekerít,lemerít
lekerít,leterít
lekerül,lemerül
lekerül,leterül
lekezel,lemezel
lekopog,letopog
leköhög,leröhög
lekövet,lelövet
lelehet,letehet
lelkész,lepkész
lelódul,letódul
lelohad,lerohad
lelövés,lenövés
lemázol,levázol
lemerít,leterít
lemerül,leterül
lemetél,levetél
leomlik,leömlik
lepakol,levakol
lepárol,letárol
lepárol,lezárol
leperel,leterel
leporoz,lesoroz
lepöfög,leröfög
lepörög,lezörög
leragad,letagad
lerágat,levágat
lerámol,levámol
leseper,leteper
lesuhan,lezuhan
letakar,levakar
letárol,lezárol
letárul,lezárul
letétel,levétel
letetet,levetet
letömít,lezömít
libegés,lihegés
licitál,limitál
lojális,lokális
lakható,laktató
láncolt,lángolt
lebegés,lebőgés
lefelel,lefülel
lefizet,lefőzet
lehajaz,lehájaz
lehajaz,lehéjaz
lehájaz,lehéjaz
lehasít,lehűsít
lehozat,lehúzat
lelebeg,lelibeg
leoktat,leoltat
lepácol,lepucol
lepárol,leporol
lerágat,lerúgat
lerámol,leromol
lerepít,leröpít
lerepül,leröpül
lesároz,lesoroz
letarol,letárol
leterít,letérít
leterül,letörül
leültet,leüttet
levetet,levétet
levetet,levitet
levétet,levitet
lebékít,lebénít
lebomol,lebotol
lebújik,lebúvik
lecibál,lecitál
lecseng,lecsöng
lecseng,lecsüng
lecsöng,lecsüng
ledöcög,ledörög
ledudál,ledumál
lefarol,lefaxol
lefedez,lefejez
lefedez,lefelez
lefejel,lefelel
lefejez,lefelez
lefújás,lefúvás
lefújat,lefúvat
legátol,legázol
legyújt,legyűjt
lehajaz,lehavaz
lehajít,lehasít
lehajol,lehatol
lehalad,lehasad
lehűlés,lehűtés
lekajál,lekakál
lekapar,lekavar
lekénez,leképez
lekocog,lekopog
leköböz,leköröz
leköböz,lekötöz
leköpet,lekövet
leköröz,lekötöz
lelapít,lelazít
lelapul,lelazul
lelegel,lelehel
lelibeg,lelifeg
lemásol,lemázol
lemesél,lemetél
lemorog,lemozog
leoldat,leoltat
lepácol,lepárol
lepadol,lepakol
lepipál,lepisál
lepofoz,leporoz
lepöfög,lepörög
lereked,lereped
leremeg,lerezeg
leröfög,leröhög
lesíbol,lesípol
letagad,letapad
letágul,letárul
letehet,letemet
letehet,letetet
letejel,letelel
letejel,leterel
leteker,leteper
letelel,leterel
letemet,letetet
leülhet,leültet
leválik,levásik
levámol,levázol
levédet,levéset
levédet,levétet
leveles,leveses
leveret,levetet
leveret,levezet
levéset,levétet
levetet,levezet
levisel,levizel
leágyaz,leágyúz
leállat,leállít
lecsügg,lecsüng
lekakál,lekakil
lelapol,lelapul
lepisál,lepisil
letárol,letárul
leterel,leterül
letörik,letörök
letöröl,letörül
levetél,levetül
levetet,levetít
levitat,levitet
levonás,levonós
lezárol,lezárul
libegés,libegős
lobogás,lobogós
lakatol,lakatos
lángoló,lángolt
lankadó,lankadt
lapátol,lapátos
ledobál,ledobás
lefejel,lefejez
lefelel,lefelez
lefogad,lefogat
lefogad,lefogaz
lefogat,lefogaz
légköri,légkörű
légzési,légzésű
lehasad,lehasal
lekapar,lekapat
lekezel,lekezez
lekövet,lekövez
lelapol,lelapoz
lelehel,lelehet
lemarad,lemarat
lemezel,lemezes
lenevel,lenevet
lenevel,lenevez
lenevet,lenevez
leolvad,leolvas
lépcsős,lépcsőz
lepereg,leperel
lepiheg,lepihen
leporol,leporoz
lerohad,lerohan
leterel,leterem
letörök,letöröl
levétel,levétet
levizel,levizez
lisztel,lisztes
lisztel,lisztez
lisztes,lisztez
lobogós,lobogóz
lottyad,lottyan
löttyed,löttyen
egynemű,ágynemű
ekkorra,akkorra
ellapít,állapít
emilyen,amilyen
ezalatt,azalatt
ezelőtt,azelőtt
ezáltal,azáltal
elvezet,élvezet
edényes,erényes
ejektor,elektor
erélyes,esélyes
erőmérő,esőmérő
eladdig,eleddig
elaltat,eloltat
elaltat,eláltat
elaszik,eleszik
elaszik,eliszik
elaszik,elúszik
elbomol,elromol
elborít,elporít
elbájol,eltájol
elbéget,előéget
elbízik,elhízik
elbódul,ellódul
elbódít,elhódít
elbódít,ellódít
elböfög,elpöfög
eldagad,elragad
eldagad,eltagad
elderül,elkerül
elderül,elmerül
elderül,elterül
eldobog,ellobog
eldobog,elrobog
eldörög,elgörög
eldörög,elhörög
eldörög,elpörög
eldörög,elzörög
elegyel,elügyel
eleszik,eliszik
eleszik,elúszik
elfakul,elvakul
elfakít,elvakít
elfarol,eltarol
elfejel,eltejel
elforog,elmorog
elfoszt,előoszt
elfárad,előárad
elfásít,elmásít
elgyújt,elnyújt
elgázol,elmázol
elgépel,elképel
elgörög,elhörög
elgörög,elpörög
elgörög,elzörög
elhasal,elvasal
elhebeg,ellebeg
elhebeg,elrebeg
elhever,elkever
elhitet,elvitet
elhuhog,elsuhog
elhárul,eljárul
elhárul,elzárul
elhódít,ellódít
elhörög,elpörög
elhörög,elzörög
eliszik,elúszik
eljegel,ellegel
eljelel,eltelel
eljárat,elvárat
eljárat,elzárat
eljárul,elzárul
eljárás,elvárás
eljárás,elzárás
elkavar,elzavar
elkerít,elmerít
elkerít,elterít
elkerül,elmerül
elkerül,elterül
elkopog,elropog
elköhög,elröhög
ellapol,elnapol
ellebeg,elrebeg
ellehet,eltehet
ellobog,elrobog
ellohad,elrohad
ellépet,eltépet
elmagoz,elragoz
elmerít,elterít
elmerül,elterül
elmetél,elvetél
elmélet,előélet
elnémít,elrémít
elnököl,eltököl
eloldoz,eláldoz
eloltat,eláltat
elomlik,elömlik
elpakol,elvakol
elperel,elterel
elpirul,elvirul
elpirít,elvirít
elporol,elsorol
elporol,eltorol
elpárol,eltárol
elpörög,elzörög
elpöröl,eltöröl
elragad,eltagad
elrámol,elvámol
elréved,eltéved
elrúgat,elzúgat
elseper,elteper
elsorol,eltorol
elsuhan,elzuhan
eltakar,elvakar
eltetet,elvetet
eltetet,előetet
eltevés,elvevés
elvetet,előetet
elvárat,elzárat
elvárás,elzárás
elvérez,előérez
elvétel,előétel
eléltet,elültet
esemény,eszmény
elböfög,elbüfög
elejtet,elestet
elfizet,elfőzet
elhozat,elhúzat
eliszik,elizzik
ellebeg,ellibeg
ellepet,ellépet
elmatat,elmutat
elpirít,elporít
elporol,elpárol
elrepít,elröpít
elrepül,elröpül
elromol,elrámol
elsivít,elsüvít
elsorol,elsúrol
eltarol,eltorol
eltarol,eltárol
elterít,eltérít
elterül,eltérül
elterül,eltörül
eltorol,eltárol
eltérés,eltörés
eltérés,eltűrés
eltérül,eltörül
eltörés,eltűrés
elvetet,elvitet
elvetet,elvétet
elvetés,elvétés
elvitel,elvétel
elvitet,elvétet
eláltat,eláztat
elégült,elévült
eléltet,elértet
előbont,előront
előfejt,előrejt
előfejt,elősejt
előhegy,előmegy
előhánt,előránt
előkelő,előrelő
előkölt,előtölt
előrejt,elősejt
előtesz,elővesz
előéget,előüget
elültet,elüttet
erélyes,erényes
egyedít,egyesít
egyedül,egyesül
egykarú,egykorú
elbomol,elbotol
elbékít,elbénít
elbődül,elbővül
elbújik,elbúvik
elcibál,elcitál
eldalol,eldanol
eldobog,eldohog
eldudál,eldumál
eldöcög,eldörög
elfajul,elfakul
elfarol,elfaxol
elfedez,elfelez
elfejel,elfesel
elgátol,elgázol
elhabar,elhadar
elhajol,elhatol
elhajít,elhasít
elhalad,elhasad
eljegel,eljelel
elkajál,elkapál
elkapar,elkavar
elkocog,elkopog
elképel,elkésel
elkéret,elkéset
ellapul,ellazul
ellapít,ellazít
ellegel,ellehel
ellehet,ellepet
ellibeg,elliheg
elmarat,elmatat
elmesél,elmetél
elmorog,elmozog
elmulat,elmutat
elmásol,elmázol
eloldat,eloltat
elpofoz,elporoz
elpáhol,elpárol
elpöfög,elpörög
elrebeg,elremeg
elreked,elreped
elrobog,elropog
elrémül,elrévül
elsikít,elsimít
elsikít,elsipít
elsikít,elsivít
elsimít,elsipít
elsimít,elsivít
elsipít,elsivít
elsuhog,elsusog
elsíbol,elsípol
eltagad,eltapad
eltagol,eltarol
eltehet,eltemet
eltehet,eltetet
eltejel,eltelel
eltejel,elterel
elteker,elteper
eltelel,elterel
eltelít,elterít
eltemet,eltetet
eltájol,eltárol
eltököl,eltöröl
eltömés,eltörés
eltűnés,eltűrés
elvadul,elvakul
elvadít,elvakít
elveret,elvetet
elveret,elvezet
elverés,elvetés
elverés,elvevés
elvetet,elvezet
elvetés,elvevés
elvirít,elvisít
elvisel,elvitel
elvádol,elvámol
elvágat,elvárat
elvágás,elválás
elvágás,elvárás
elválik,elvásik
elválás,elvárás
elvégez,elvérez
elzápul,elzárul
előadat,előavat
előhagy,előhegy
előront,előránt
előszel,elősíel
elővesz,elővisz
előéget,előélet
elülhet,elültet
eufónia,eufória
egybefő,egybelő
egybefő,egybenő
egybelő,egybenő
egybeér,egybeír
egyhasi,egyhavi
egynejű,egynemű
eldobol,eldobál
eldugat,eldugít
elegyel,elegyül
elhajló,elhajtó
ellapol,ellapul
ellenlő,ellenző
ellenér,ellenőr
elregél,elregöl
elterel,elterül
eltökél,eltököl
eltöröl,eltörül
elvakol,elvakul
elvitat,elvitet
elvonat,elvonít
előfejt,előfest
előrelő,előrenő
előszel,előszél
előszór,először
előszór,előszűr
először,előszűr
egybeég,egybeér
egykori,egykorú
eldobog,eldobol
elegyel,elegyes
elfejel,elfejet
elfeled,elfelez
elfogad,elfogan
elfogad,elfogat
elfogad,elfogaz
elfogan,elfogat
elfogan,elfogaz
elfogat,elfogaz
elhasad,elhasal
elkapar,elkapat
elképed,elképel
elképed,elképez
elképel,elképez
elkésel,elkéset
elkövet,elkövez
ellapol,ellapoz
ellehel,ellehet
ellenes,ellenez
elmarad,elmarat
elnevel,elnevet
elnevel,elnevez
elnevet,elnevez
elolvad,elolvas
elpereg,elperel
elporol,elporoz
elpörög,elpöröl
elrohad,elrohan
elterel,elterem
elugrál,elugrás
elvetél,elvetés
elvitel,elvitet
elvétel,elvétet
elítélt,elítélő
előcsal,előcsap
elődöng,elődönt
előhíva,előhívó
előreng,előrenő
előszed,előszel
előárad,előáraz
eredeti,eredetű
esetleg,esetlen
ezüstös,ezüstöz
hagyott,fagyott
hortyog,fortyog
hűtőház,fűtőház
hűtőzik,fűtőzik
határos,tatáros
herpesz,terpesz
hallási,vallási
hallott,vallott
hasalás,vasalás
hasizom,vasizom
hitelez,vitelez
háborít,ráborít
hangadó,rangadó
hangsor,rangsor
hokizik,rokizik
hosszan,rosszan
hökkent,zökkent
hegyező,legyező
heverés,leverés
hódítás,lódítás
hajdani,majdani
hajszol,majszol
halaszt,malaszt
haraszt,maraszt
horzsol,morzsol
hóvirág,sóvirág
hamuzik,kamuzik
hártyás,kártyás
hátrány,kátrány
hétéves,kétéves
hétfejű,kétfejű
heverés,keverés
handzsa,bandzsa
hurkoló,burkoló
hímezés,címezés
házgyár,gázgyár
haraszt,paraszt
hóember,jóember
hallott,hullott
hatéves,hétéves
hatvány,hitvány
hézagol,huzagol
habarás,hadarás
habtest,hadtest
hajítás,hasítás
hajkötő,haskötő
hajlott,hallott
haladás,hasadás
haladék,hasadék
halaszt,haraszt
halódik,hatódik
halogat,hasogat
halvány,hatvány
hátrész,házrész
hegység,helység
hidalgó,hivalgó
hajlott,hajtott
hajózás,hajszás
hallgat,halogat
hamizik,hamuzik
hatókör,hatökör
hajókár,hajózár
hamukál,hamutál
hasadás,hasalás
határos,hatásos
hazafut,hazajut
hazajár,hazatár
hazajár,hazavár
hazakér,hazatér
hazalép,hazatép
hazarúg,hazasúg
hazarúg,hazazúg
hazasúg,hazazúg
hazatár,hazavár
helyett,helyütt
horgany,horgony
hörpent,hörpint
huzamos,huzatos
habarás,habarcs
hajóhad,hajóhíd
hajszál,hajszol
harapás,harapós
hátraél,hátraül
hátulja,hátulra
hazahoz,hazahúz
hazalép,hazalop
hazatár,hazatér
hazatár,hazatör
hazatér,hazatör
hazavár,hazaver
hegedős,hegedűs
hegesít,hegeszt
hegyibe,hegyire
híradás,híradós
hosszat,hosszít
hozzáér,hozzáír
hozzáfő,hozzálő
hozzáfő,hozzánő
hozzálő,hozzánő
humános,humánus
hagymás,hagymáz
hajózár,hajózás
hajszál,hajszás
halálok,halálos
hatalmi,hatalmú
határol,határos
határol,határoz
határos,határoz
hátraél,hátraér
hátraül,hátraüt
hazatép,hazatér
hazavág,hazavár
hazaver,hazavet
hétvége,hétvégi
hézagol,hézagos
hiányol,hiányos
hiteles,hitelez
hizlaló,hizlalt
hosszan,hosszas
hosszan,hosszat
hosszas,hosszat
hozzáül,hozzáüt
hőmérői,hőmérőz
másítás,fásítás
mókázik,fókázik
mereget,tereget
metszés,tetszés
mereget,vereget
mákszem,rákszem
meszelő,reszelő
mókázik,rókázik
márvány,zárvány
meander,leander
majdani,hajdani
majszol,hajszol
malaszt,halaszt
maraszt,haraszt
morzsol,horzsol
menetes,kenetes
méreget,kéreget
mereszt,kereszt
micsoda,kicsoda
minősül,kinősül
mármint,bármint
mohóság,bohóság
molyhos,bolyhos
morotva,borotva
motozás,botozás
mázolás,gázolás
mállott,pállott
maraszt,paraszt
markoló,parkoló
masszív,passzív
matrica,patrica
matróna,patróna
Mikulás,pikulás
mocskol,pocskol
morózus,porózus
merülés,derülés
márvány,járvány
magázás,megázás
magtörő,megtörő
magvető,megvető
malaszt,mulaszt
malícia,milícia
mereget,méreget
macedón,makedón
malaszt,maraszt
másolás,mázolás
megélés,mesélés
meglett,mellett
mélázik,métázik
meneszt,mereszt
modoros,motoros
mulatós,mutatós
megájul,megújul
megarat,megírat
megbánt,meghánt
megbánt,megránt
megbong,megkong
megbont,megront
megerez,megérez
megetet,megétet
megfagy,meghagy
megfejt,meglejt
megfejt,megsejt
megfold,megtold
meghall,megvall
meghánt,megránt
meghisz,megvisz
megkérő,megmérő
megkölt,megtölt
meglejt,megsejt
megleng,megreng
megleng,megzeng
meglesz,megtesz
meglesz,megvesz
meglett,megtett
megmért,megsért
megmért,megtért
megnyúl,meggyúl
megörül,megőrül
megörül,megürül
megőrül,megürül
megreng,megzeng
megsért,megtért
megtesz,megvesz
mindegy,mintegy
maradás,maratás
megadat,megarat
megadat,megavat
megájul,megámul
megakad,megapad
megarat,megavat
megbánt,megbont
megéget,megétet
megékez,megélez
megékez,megérez
megélés,megérés
megélez,megérez
megeped,megered
megfagy,megfogy
megfejt,megfojt
meghalt,megholt
meghánt,meghint
megidéz,megigéz
megkezd,megküzd
megmárt,megmért
megráng,megreng
megráng,megring
megránt,megront
megreng,megring
megsejt,megsújt
megsíel,megszel
megtart,megtért
megtart,megtört
megtért,megtört
megtilt,megtölt
megural,megutal
meguraz,megutaz
megüdít,megürít
megüdül,megürül
megvesz,megvisz
megbíró,megbízó
megcsap,megcsíp
megfejt,megfest
meghajt,meghalt
meghint,meghitt
megigáz,megigéz
megküld,megküzd
meglejt,meglett
meglepő,meglevő
megnyal,megnyúl
megnyer,megnyír
megőröl,megőrül
megszed,megszid
megszel,megszól
megszel,megszül
megszól,megszül
megszór,megszúr
megszór,megszűr
megszúr,megszűr
megtölt,megtört
megutal,megutál
meggyúr,meggyűr
melléér,melléír
mészváz,mészvíz
morzsál,morzsol
mulatás,mulatós
megakad,megakar
megállj,megálló
megbong,megbont
megcsal,megcsap
megékel,megékez
megéled,megélez
megered,megerez
meghall,meghalt
meghánt,meghány
megkérd,megkérő
megmérő,megmért
megnyer,megnyes
megnyúl,megnyúz
megölel,megölet
megráng,megránt
megriad,megrian
megszed,megszeg
megszed,megszel
megszeg,megszel
megszól,megszór
megtörő,megtört
megural,meguraz
megutal,megutaz
meggyúl,meggyúr
melléül,melléüt
menetel,menetes
méretes,méretez
meszelő,meszelt
mocskol,mocskos
mórikál,mórikáz
morzsál,morzsáz
mozgási,mozgású
muszlim,muszlin
úrforma,árforma
újrafen,újraken
újrafon,újravon
újrafűt,újraműt
újrahív,újravív
újrajár,újratár
újrajár,újrazár
újrakér,újramér
újraold,újraáld
újraolt,újraölt
újrarág,újravág
újratár,újrazár
újrafen,újrafon
újrafut,újrafűt
újrafőz,újrafűz
újrarág,újrarúg
újratár,újratör
újraölt,újraönt
újrafed,újrafen
újrafúj,újrafúr
újrafűt,újrafűz
újraold,újraolt
újratöm,újratör
újságol,újságos
sejtett,fejtett
sérelem,térelem
sárvédő,várvédő
sasszeg,vasszeg
sajtolt,rajtolt
sejtett,rejtett
sikkant,rikkant
sóvirág,hóvirág
sérelem,kérelem
sikeres,kikeres
sikerít,kikerít
sikerül,kikerül
sonkoly,konkoly
sorosít,korosít
sordély,bordély
sorozás,borozás
sutaság,butaság
sáfrány,páfrány
sárkány,párkány
sorolás,porolás
sorozás,porozás
sarabol,darabol
sunnyog,dunnyog
suvaszt,duvaszt
siketít,süketít
siketül,süketül
sírkert,sörkert
skiccel,spiccel
sikítás,simítás
sikítás,sivítás
simítás,sivítás
sörétes,sötétes
stádium,stúdium
sárkány,sármány
sokfejű,soknejű
strassz,stressz
selymes,selypes
sikerít,siketít
sikerül,siketül
sorolás,sorozás
spannol,spanyol
süketel,süketül
sajtoló,sajtolt
sasszeg,sasszem
selypeg,selypes
semminő,semmint
serdülő,serdült
seregel,sereges
sóderol,sóderos
sógorné,sógornő
sörétes,sörétez
spiccel,spicces
sportol,sportos
stoppol,stoppos
strapál,strapás
sugaras,sugaraz
áramlik,iramlik
arányít,irányít
ágynemű,egynemű
akkorra,ekkorra
állapít,ellapít
amilyen,emilyen
azalatt,ezalatt
azáltal,ezáltal
azelőtt,ezelőtt
árforma,úrforma
agybeli,ágybeli
ágybeli,agybeli
alvadás,olvadás
alvadék,olvadék
alvaszt,olvaszt
árverés,érverés
átterem,étterem
ábrázat,átrázat
ahonnan,amonnan
ahonnét,amonnét
ablakos,abrakos
áldomás,állomás
aranyos,arányos
átdagad,átragad
átdobog,átlobog
átdobog,átrobog
átdörög,átpörög
átdörög,átzörög
átéltet,átültet
áteszik,átiszik
áteszik,átúszik
átfarol,átkarol
átgázol,átmázol
áthágás,átvágás
áthágat,átrágat
áthágat,átvágat
áthasal,átvasal
áthódít,átlódít
átiktat,átoktat
átiszik,átúszik
átkavar,átzavar
átkéret,átméret
átkerül,átmerül
átköhög,átröhög
átkopog,átropog
átkopog,áttopog
átkövet,átlövet
átkutat,átmutat
átlagol,áttagol
átlapol,átnapol
átlehet,áttehet
átlobog,átrobog
átlódul,áttódul
átpakol,átvakol
átpárol,áttárol
átpirít,átvirít
átpirul,átvirul
átpöfög,áttöfög
átpörög,átzörög
átrágat,átvágat
átropog,áttopog
átseper,átteper
átsuhan,átzuhan
átsuhog,átzuhog
áttétel,átvétel
áttetet,átvetet
ágyazás,ágyúzás
alakzat,alapzat
alátesz,alávesz
átéltet,átértet
áthozat,áthúzat
átiszik,átizzik
átlebeg,átlibeg
átmatat,átmutat
átpácol,átpucol
átrepít,átröpít
átrepül,átröpül
átsivít,átsüvít
átsorol,átsúrol
áttérés,áttörés
átterít,áttérít
átvétel,átvitel
átvetet,átvétet
átvetet,átvitet
átvétet,átvitet
alávesz,alávisz
áldomás,áldozás
amarant,amaránt
árverés,árvetés
átbújik,átbúvik
átcibál,átcitál
átdarál,átdatál
átdöcög,átdörög
átdudál,átdumál
átfarol,átfaxol
átfejel,átfesel
átfújat,átfúrat
átfújat,átfúvat
átfúrat,átfúvat
áthajít,áthasít
áthajol,áthatol
áthalad,áthasad
átkapar,átkavar
átkénez,átképez
átkocog,átkopog
átlagol,átlapol
átlibeg,átliheg
átlöket,átlövet
átmásol,átmázol
átmesél,átmetél
átmulat,átmutat
átpácol,átpárol
átpipál,átpisál
átpöfög,átpörög
átrágat,átrázat
átremeg,átrezeg
átrobog,átropog
átsimít,átsivít
átsuhog,átsusog
áttehet,áttemet
áttehet,áttetet
átteker,átteper
áttelel,átterel
áttemet,áttetet
átülhet,átültet
átveret,átvetet
átveret,átvezet
átvetet,átvezet
átvirít,átvisít
átvisel,átvitel
átvisel,átvizel
átvitel,átvizel
agyonfő,agyonlő
agyonöl,agyonül
akkorka,akkorra
aláfejt,aláfest
alányal,alányúl
állapít,állapot
általér,általír
általút,általüt
átlábal,átlábol
átmásol,átmásul
áttörik,áttörök
áttöröl,áttörül
átvetet,átvetít
átvitat,átvitet
ablakos,ablakoz
abrakol,abrakos
agyonül,agyonüt
akarati,akaratú
alászed,alászeg
általél,általér
aranyom,aranyos
aranyom,aranyoz
aranyos,aranyoz
araszol,araszos
árendál,árendás
átfogad,átfogat
áthasad,áthasal
átlagol,átlagos
átlapol,átlapoz
átlehel,átlehet
átnevel,átnevet
átnevel,átnevez
átnevet,átnevez
átolvad,átolvas
átrohad,átrohan
átsorol,átsoroz
átterel,átterem
áttörök,áttöröl
átvétel,átvétet
átvitel,átvitet
oktatás,iktatás
otthoni,itthoni
olvadás,alvadás
olvadék,alvadék
olvaszt,alvaszt
odabenn,odalenn
odabent,odalent
odabent,odament
odaéget,odaüget
odafagy,odahagy
odahall,odavall
odahint,odakint
odalejt,odarejt
odalent,odament
odalesz,odatesz
odalesz,odavesz
odatesz,odavesz
odaidéz,odaigéz
odaránt,odaront
odavesz,odavisz
olvadás,olvasás
osztják,osztrák
odacsap,odacsíp
odalejt,odalent
odanyal,odanyúl
odaszór,odaszúr
oldalág,oldalog
olvasat,olvaszt
odaakad,odaakar
odabenn,odabent
odacsal,odacsap
odakinn,odakint
odaleng,odalenn
odaleng,odalent
odalenn,odalent
odaszed,odaszeg
odaszól,odaszór
odautal,odautaz
odavall,odavaló
oldalas,oldalaz
ostoros,ostoroz
őrizget,őriztet
csarnok,zsarnok
csendít,zsendít
csendül,zsendül
csengés,zsengés
csombor,zsombor
csacska,csicska
csacsog,csácsog
csacsog,csicsog
csácsog,csicsog
csáklya,csuklya
csárdás,csordás
császár,csiszár
csengés,csöngés
csenget,csönget
csengős,csüngős
cseppen,csöppen
cserdít,csordít
cserdít,csördít
cserdít,csurdít
cserdül,csördül
cserreg,csirreg
cseszik,csúszik
csordít,csördít
csordít,csurdít
csorgás,csurgás
csorgat,csurgat
csördít,csurdít
csuszka,csúszka
csendít,cserdít
csendül,cserdül
csikasz,csimasz
csöngés,csörgés
csönget,csörget
csataló,csatoló
cserfel,cserkel
cserjés,cserzés
csetlik,csetnik
csipesz,csipisz
csodaló,csodáló
csorbít,csordít
csorbul,csordul
csordás,csorgás
csörget,csörtet
csapolt,csapott
csemege,csemete
csengés,csengős
csillag,csillog
csiszál,csiszol
csonkol,csonkul
csuklás,csuklós
csukója,csukóka
csúszás,csúszós
csúszda,csúszka
csavaró,csavart
csecsen,csecses
cserfel,cserfes
csetteg,csetten
csicsás,csicsáz
csillag,csillan
csillám,csillár
csillés,csilléz
csináló,csinált
csipkés,csipkéz
csiszál,csiszár
csodáló,csodált
csontos,csontoz
csöppen,csöppet
éktelen,iktelen
évjárat,ívjárat
éntudat,öntudat
élvezet,elvezet
érverés,árverés
étterem,átterem
édesség,ékesség
édesség,élesség
égetlen,életlen
égetlen,éretlen
éheztet,éreztet
ékesség,élesség
ékverés,érverés
életlen,éretlen
érkezik,étkezik
érkezés,étkezés
érdesít,értesít
értelem,érzelem
értelmi,érzelmi
értelmű,érzelmű
értékel,érzékel
értődik,érződik
életjel,élettel
építget,építtet
érdekel,érdemel
érdekes,érdemes
érdeklő,érdemlő
érvelés,érverés
éjjeles,éjjelez
élelmes,élelmez
építési,építész
építési,építésű
építész,építésű
érdekel,érdekes
érdemel,érdemes
értelmi,értelmű
értékel,értékes
érzeleg,érzelem
érzelmi,érzelmű
kegyenc,fegyenc
kialtat,fialtat
klipper,flipper
kérelem,térelem
kerítés,terítés
kerület,terület
kopogás,topogás
kopolya,topolya
koppant,toppant
kottyan,tottyan
költött,töltött
kúrázik,túrázik
késelés,réselés
készlet,részlet
kepeszt,repeszt
kopogás,ropogás
kopogós,ropogós
koppant,roppant
köhögés,röhögés
kamatos,zamatos
kavargó,zavargó
kavarog,zavarog
kengyel,lengyel
keverés,leverés
kicitál,licitál
kottyan,lottyan
kamuzik,hamuzik
kártyás,hártyás
kátrány,hátrány
kétéves,hétéves
kétfejű,hétfejű
keverés,heverés
kéreget,méreget
kenetes,menetes
kereszt,mereszt
kicsoda,micsoda
kinősül,minősül
kérelem,sérelem
kikeres,sikeres
kikerít,sikerít
kikerül,sikerül
konkoly,sonkoly
korosít,sorosít
kanális,banális
kandzsi,bandzsi
kányafa,bányafa
karátos,barátos
kilincs,bilincs
kitorol,bitorol
kódorog,bódorog
kokszol,bokszol
krikett,brikett
kulizik,bulizik
képelem,gépelem
képesít,gépesít
képírás,gépírás
karaván,paraván
károsít,párosít
károsul,párosul
kattant,pattant
kattint,pattint
képesít,pépesít
kelyhes,pelyhes
kosztol,posztol
kottyan,pottyan
kukkant,pukkant
kúposít,púposít
kerengő,derengő
kerítés,derítés
köveszt,jöveszt
követel,jövetel
kábelez,kebelez
kábelez,kibelez
kalapoz,kilapoz
kamarás,kimarás
kaptató,koptató
káreset,kereset
káreset,kóreset
káricál,kóricál
karkötő,körkötő
káromol,kiromol
károsít,korosít
karszék,körszék
kartánc,körtánc
kartárs,kortárs
kebelez,kibelez
kékeres,kikeres
kémikus,komikus
képeszt,kepeszt
képeszt,köpeszt
kepeszt,köpeszt
kereset,kóreset
kerítés,körítés
kidobás,kődobás
kifejtő,kőfejtő
kirakás,kőrakás
kitörés,kőtörés
kiveszt,köveszt
kivetés,követés
kivezet,kövezet
korrajz,körrajz
kabátos,karátos
kamarás,kaparás
kamatos,kapatos
kémlelő,kérlelő
képadás,kézadás
képelem,kérelem
képírás,kézírás
kérkedő,kétkedő
kelepel,kerepel
keleszt,kepeszt
keleszt,kereszt
kenetes,keretes
kepeszt,kereszt
kesereg,kevereg
kirakat,kilakat
kialtat,kioltat
kialtat,kiáltat
kiaszik,kieszik
kiaszik,kiiszik
kiaszik,kiúszik
kibelez,kifelez
kibelez,kijelez
kibomol,kiromol
kibotoz,kimotoz
kibékít,kikékít
kibékül,kikékül
kiböfög,kipöfög
kiböfög,kitöfög
kibúgat,kirúgat
kibúgat,kizúgat
kidagad,kiragad
kidagad,kitagad
kiderít,kikerít
kiderít,kimerít
kiderít,kiterít
kiderül,kikerül
kiderül,kimerül
kiderül,kiterül
kidobog,kilobog
kidobog,kirobog
kidörög,kigörög
kidörög,kihörög
kidörög,kipörög
kidörög,kizörög
kiellet,kiillet
kiellik,kiillik
kieszik,kiiszik
kieszik,kiúszik
kifejel,kitejel
kifelez,kijelez
kiforog,kimorog
kifűzet,kitűzet
kigyújt,kinyújt
kigázol,kimázol
kigörög,kihörög
kigörög,kipörög
kigörög,kizörög
kihajtó,kisajtó
kihasal,kivasal
kihebeg,kilebeg
kihebeg,kirebeg
kihever,kikever
kihágás,kivágás
kihívat,kivívat
kihódít,kilódít
kihörög,kipörög
kihörög,kizörög
kiiktat,kioktat
kiiszik,kiúszik
kijegel,kilegel
kijelel,kitelel
kijárat,kivárat
kijárat,kizárat
kijárul,kitárul
kijárul,kizárul
kijárás,kitárás
kijárás,kizárás
kijövet,kikövet
kijövet,kilövet
kikavar,kizavar
kikerít,kimerít
kikerít,kiterít
kikerül,kimerül
kikerül,kiterül
kikohol,kilohol
kikopog,kitopog
kikutat,kimutat
kikéret,kiméret
kikódol,kimódol
kiköhög,kiröhög
kiköpül,kiröpül
kikövet,kilövet
kilebeg,kirebeg
kilehet,kitehet
kiliheg,kipiheg
kilobog,kirobog
kilépet,kitépet
kilódul,kitódul
kilövés,kinövés
kimagoz,kiragoz
kimerít,kiterít
kimerül,kiterül
kimérés,kitérés
kioltat,kiáltat
kiomlik,kiömlik
kipakol,kivakol
kiperel,kiterel
kipirul,kivirul
kipirít,kivirít
kiporol,kisorol
kiporol,kitorol
kiporoz,kisoroz
kipárol,kitárol
kipöfög,kitöfög
kipörög,kizörög
kiragad,kitagad
kirikít,kisikít
kirágat,kivágat
kirámol,kivámol
kiréved,kitéved
kirúgat,kizúgat
kiseper,kiteper
kisorol,kitorol
kisuhan,kizuhan
kisuhog,kizuhog
kitakar,kivakar
kitetet,kivetet
kitevés,kivevés
kitárul,kizárul
kitárás,kizárás
kitétel,kivétel
kivárat,kizárat
kóborog,kódorog
kontyol,kortyol
köbözés,körözés
köbözés,kötözés
ködösít,közösít
ködösül,közösül
köpeszt,köveszt
körözés,kötözés
kövület,közület
krikett,krokett
kubikol,kuvikol
kucorog,kuporog
kapható,kaptató
kenuzik,kenózik
kerengő,keringő
kiböfög,kibüfög
kiejtet,kiestet
kifizet,kifőzet
kifizet,kifűzet
kifőzet,kifűzet
kigazol,kigázol
kihozat,kihuzat
kihozat,kihúzat
kihuzat,kihúzat
kiiktat,kiirtat
kikapál,kikupál
kilebeg,kilibeg
kimatat,kimutat
kinevel,kinövel
kioktat,kioltat
kioktat,kiontat
kioltat,kiontat
kiporol,kipárol
kirepít,kiröpít
kirepül,kiröpül
kiromol,kirámol
kirágat,kirúgat
kisorol,kisúrol
kisoroz,kisároz
kitemet,kitömet
kiterít,kitérít
kiterül,kitérül
kiterül,kitörül
kitorol,kitárol
kitérés,kitörés
kitérül,kitörül
kivetet,kivitet
kivetet,kivétet
kivitel,kivétel
kivitet,kivétet
kiáltat,kiáztat
kiöblöz,kiöklöz
kiömlik,kiötlik
kiültet,kiüttet
kornett,korvett
közélet,közület
karakán,karaván
karikás,karimás
kattant,kattint
készlet,késztet
kerekes,keretes
kereset,kerevet
kezelés,kezezés
kibogoz,kibotoz
kibélel,kibérel
kibődül,kibővül
kibújik,kibúvik
kicibál,kicitál
kicseng,kicsöng
kicseng,kicsüng
kicsöng,kicsüng
kidöcög,kidörög
kifajul,kifakul
kifarol,kifaxol
kifedez,kifejez
kifedez,kifelez
kifejel,kifesel
kifejez,kifelez
kifújat,kifúrat
kifújat,kifúvat
kifúrat,kifúvat
kigyújt,kigyűjt
kihajol,kihatol
kihajít,kihasít
kihalad,kihasad
kijegel,kijelel
kikakál,kikapál
kikapar,kikavar
kikocog,kikopog
kikénez,kiképez
kiköpet,kikövet
kiköröz,kikötöz
kilapul,kilazul
kilapít,kilazít
kilegel,kilehel
kilibeg,kiliheg
kilöket,kilövet
kilökés,kilövés
kimarat,kimatat
kimorog,kimozog
kimulat,kimutat
kimásol,kimázol
kipipil,kipisil
kipipál,kipisál
kipofoz,kiporoz
kipöfög,kipörög
kirebeg,kiremeg
kirebeg,kirezeg
kireked,kireped
kiremeg,kirezeg
kirágat,kirázat
kisajtó,kisautó
kisikít,kisimít
kisikít,kisipít
kisimít,kisipít
kisíbol,kisípol
kisülés,kisütés
kitagad,kitapad
kitehet,kitemet
kitehet,kitetet
kitejel,kitelel
kitejel,kiterel
kiteker,kiteper
kitelel,kiterel
kitemet,kitetet
kitágul,kitárul
kitököl,kitöröl
kitömet,kitöret
kitömés,kitörés
kiveret,kivetet
kiveret,kivezet
kivetet,kivezet
kivetés,kivevés
kivirít,kivisít
kivisel,kivitel
kivisel,kivizel
kivitel,kivizel
kivágat,kivájat
kivágat,kivárat
kivágás,kivájás
kivágás,kiválás
kivájat,kivárat
kivájás,kiválás
kiválik,kivásik
kivéset,kivétet
kizápul,kizárul
kiállat,kiáltat
kiállás,kiáltás
kiérlel,kiérvel
kiülhet,kiültet
koccant,koccint
kopolya,koponya
koppant,koppint
köteles,kötetes
követés,kövezés
közélet,közévet
kartács,kartárs
képesít,képeszt
képzelt,képzett
kedvelő,kedvező
kereset,kereszt
kevésbé,kevéssé
kibékél,kibékül
kidobol,kidobál
kihajló,kihajtó
kijelel,kijelöl
kikakil,kikakál
kilábal,kilábol
kipipil,kipipál
kipisil,kipisál
kirakás,kirakós
kiterel,kiterül
kitevés,kitevős
kitárol,kitárul
kitömet,kitömít
kitöröl,kitörül
kivetet,kivetít
kivitat,kivitet
kiállat,kiállít
kopogás,kopogós
köhögés,köhögős
körbeér,körbeír
körbelő,körbenő
körülér,körülír
körüllő,körülnő
körülöl,körülül
kövesít,kövesút
kövesít,köveszt
kövesút,köveszt
közread,közrend
különél,különöl
különél,különül
különér,különír
különít,különüt
különöl,különül
káderes,káderez
kalapos,kalapoz
kamatol,kamatos
kanalas,kanalaz
kapcsol,kapcsos
karikás,karikáz
készülő,készült
kétkezi,kétkezű
kedvelt,kedvelő
keretes,keretez
keverék,keverés
kibiceg,kibicel
kidobog,kidobol
kidobál,kidobás
kiemelt,kiemelő
kísérel,kíséret
kifejel,kifejet
kifejel,kifejez
kifejet,kifejez
kifejte,kifejtő
kifeled,kifelez
kifogad,kifogat
kifogad,kifogaz
kifogat,kifogaz
kihasad,kihasal
kijelel,kijelez
kikapar,kikapat
kikövet,kikövez
kilehel,kilehet
kiloval,kilovaz
kimarad,kimarat
kinevel,kinevet
kinevel,kinevez
kinevet,kinevez
kiolvad,kiolvas
kipereg,kiperel
kipiheg,kipihen
kiporol,kiporoz
kirohad,kirohan
kisegél,kisegér
kisorol,kisoroz
kiterel,kiterem
kitárás,kitáráz
kiugrál,kiugrás
kiveszt,kivesző
kivitel,kivitet
kivizel,kivizez
kivétel,kivétet
kiégett,kiégető
kóborog,kóborol
komikum,komikus
kontrás,kontráz
kontyol,kontyos
kontyol,kontyoz
kontyos,kontyoz
korhadó,korhadt
koronás,koronáz
kosztol,kosztos
könnyed,könnyes
könyvel,könyves
körbeég,körbeér
körülég,körülér
köszönő,köszönt
kötelem,köteles
kötelem,kötelez
köteles,kötelez
kubikol,kubikos
kukacol,kukacos
kulcsol,kulcsos
különél,különér
különír,különít
különöl,különös
különül,különüt
kvadrál,kvadrát
belföld,felföld
beljebb,feljebb
belülre,felülre
bennáll,fennáll
bennjár,fennjár
bodorít,fodorít
bricska,fricska
bújtató,fújtató
bütykös,fütykös
beleáll,teleáll
belebőg,telebőg
beledöf,teledöf
belefal,telefal
belefon,telefon
belefúj,telefúj
belefúr,telefúr
belefut,telefut
belefűz,telefűz
belehoz,telehoz
belehúz,telehúz
belejár,telejár
beleköp,teleköp
beleköt,teleköt
belelök,telelök
belemer,telemer
belemér,telemér
belemos,telemos
belenéz,telenéz
beleönt,teleönt
belepök,telepök
belerak,telerak
belerúg,telerúg
belesír,telesír
belesül,telesül
belesző,telesző
beletöm,teletöm
beletör,teletör
beletűz,teletűz
belevág,televág
belever,telever
belevés,televés
belezúg,telezúg
büntető,tüntető
belejár,velejár
beszély,veszély
becitál,recitál
bomlott,romlott
bosszul,rosszul
babszem,zabszem
bökkenő,zökkenő
beaggat,leaggat
beagyal,leagyal
beágyaz,leágyaz
beállít,leállít
bealtat,lealtat
beaprít,leaprít
beaszik,leaszik
beáztat,leáztat
bebáláz,lebáláz
bebámul,lebámul
bebiceg,lebiceg
beborít,leborít
beborul,leborul
bebőröz,lebőröz
bebújik,lebújik
bebukik,lebukik
bebutul,lebutul
bebúvik,lebúvik
becibál,lecibál
becipel,lecipel
becitál,lecitál
becseng,lecseng
becsöng,lecsöng
becsüng,lecsüng
bedadog,ledadog
bedarál,ledarál
bedobál,ledobál
bedobás,ledobás
bedobat,ledobat
bedobog,ledobog
bedöcög,ledöcög
bedörög,ledörög
bedudál,ledudál
bedugul,ledugul
bedumál,ledumál
beellik,leellik
beenged,leenged
beértet,leértet
beeszik,leeszik
befalaz,lefalaz
befárad,lefárad
befarag,lefarag
befarol,lefarol
befedez,lefedez
befejel,lefejel
befejez,lefejez
befékez,lefékez
befelel,lefelel
befelez,lefelez
befésül,lefésül
befikáz,lefikáz
befizet,lefizet
befogad,lefogad
befogat,lefogat
beforog,leforog
befosik,lefosik
befotóz,lefotóz
befújat,lefújat
befúvat,lefúvat
befülel,lefülel
begátol,legátol
begázol,legázol
begépel,legépel
begörög,legörög
begumiz,legumiz
begurít,legurít
begurul,legurul
begyújt,legyújt
begyűjt,legyűjt
behajít,lehajít
behajol,lehajol
behalad,lehalad
beharap,leharap
behasad,lehasad
behasal,lehasal
behasít,lehasít
behatol,lehatol
behavaz,lehavaz
behetel,lehetel
behever,lehever
behidal,lehidal
behívat,lehívat
behízik,lehízik
behódol,lehódol
behozat,lehozat
behuhog,lehuhog
behúzás,lehúzás
behúzat,lehúzat
behűsít,lehűsít
beiktat,leiktat
beindít,leindít
beindul,leindul
beintéz,leintéz
beirkál,leirkál
beismer,leismer
beiszik,leiszik
beizzad,leizzad
bejárás,lejárás
bejárat,lejárat
bejavít,lejavít
bejegel,lejegel
bejelez,lejelez
bejelöl,lejelöl
bejódoz,lejódoz
bejötte,lejötte
bejövet,lejövet
bekábul,lekábul
bekacag,lekacag
bekajál,lekajál
bekakál,lekakál
bekakil,lekakil
bekapar,lekapar
bekapat,lekapat
bekárog,lekárog
bekaróz,lekaróz
bekavar,lekavar
bekefél,lekefél
beképez,leképez
bekeres,lekeres
bekéret,lekéret
bekerít,lekerít
bekerül,lekerül
bekever,lekever
bekezel,lekezel
bekiált,lekiált
bekísér,lekísér
bekíván,lekíván
bekocog,lekocog
bekódol,lekódol
bekopik,lekopik
bekopog,lekopog
bekotor,lekotor
beköböz,leköböz
beköröz,leköröz
bekötés,lekötés
bekötöz,lekötöz
bekövet,lekövet
bekövez,lekövez
beközöl,leközöl
belakik,lelakik
belapít,lelapít
belapoz,lelapoz
belapul,lelapul
belazít,lelazít
belazul,lelazul
belebeg,lelebeg
belegel,lelegel
belehel,lelehel
belehet,lelehet
belépés,lelépés
belibeg,lelibeg
belódul,lelódul
belógat,lelógat
belődöz,lelődöz
belövés,lelövés
belövet,lelövet
bemarad,lemarad
bemarat,lemarat
bemásol,lemásol
bemázol,lemázol
bemenet,lemenet
beméret,leméret
bemerít,lemerít
bemerül,lemerül
bemesél,lemesél
bemetsz,lemetsz
bemondó,lemondó
bemorog,lemorog
bemosat,lemosat
bemozog,lemozog
bemutat,lemutat
beművel,leművel
benevel,lenevel
benevet,lenevet
benevez,lenevez
benősül,lenősül
benőzik,lenőzik
benyújt,lenyújt
beoktat,leoktat
beollóz,leollóz
beoltat,leoltat
beolvad,leolvad
beolvas,leolvas
beomlik,leomlik
beordít,leordít
beöblít,leöblít
beömlik,leömlik
beöntet,leöntet
beöntöz,leöntöz
bepácol,lepácol
bepakol,lepakol
bepárol,lepárol
bepereg,lepereg
beperel,leperel
bepipál,lepipál
bepirul,lepirul
bepisál,lepisál
bepisil,lepisil
bepofoz,lepofoz
beporol,leporol
beporoz,leporoz
bepózol,lepózol
bepödör,lepödör
bepöfög,lepöfög
bepörög,lepörög
bepucol,lepucol
bepuhul,lepuhul
bepüföl,lepüföl
beragad,leragad
berágat,lerágat
berakás,lerakás
berakat,lerakat
berámol,lerámol
bereked,lereked
beremeg,leremeg
bereped,lereped
berepít,lerepít
berepül,lerepül
berezeg,lerezeg
berobog,lerobog
berohad,lerohad
berohan,lerohan
beröfög,leröfög
beröhög,leröhög
beröpít,leröpít
beröpül,leröpül
berúgat,lerúgat
besápad,lesápad
besároz,lesároz
besebez,lesebez
besegít,lesegít
beseper,leseper
besétál,lesétál
besíbol,lesíbol
besimít,lesimít
besimul,lesimul
besípol,lesípol
besízik,lesízik
besodor,lesodor
besoroz,lesoroz
besöpör,lesöpör
besuhan,lesuhan
besuvad,lesuvad
besűrít,lesűrít
besüvít,lesüvít
beszáll,leszáll
beszánt,leszánt
betakar,letakar
betalál,letalál
betámad,letámad
betanít,letanít
betanul,letanul
betapad,letapad
betapos,letapos
betarol,letarol
betárol,letárol
betehet,letehet
beteker,leteker
betelel,letelel
betelik,letelik
betemet,letemet
beteper,leteper
betépet,letépet
beterel,leterel
beterít,leterít
betérít,letérít
beterül,leterül
betetet,letetet
betéved,letéved
betipeg,letipeg
betipor,letipor
betódul,letódul
betojik,letojik
betolat,letolat
betolul,letolul
betopog,letopog
betömít,letömít
betörés,letörés
betöret,letöret
betörik,letörik
betörül,letörül
betusol,letusol
betűnik,letűnik
beugrál,leugrál
beugrat,leugrat
beugrik,leugrik
beúszik,leúszik
beülhet,leülhet
beültet,leültet
beüttet,leüttet
beüvölt,leüvölt
bevadít,levadít
bevágás,levágás
bevágat,levágat
bevajaz,levajaz
bevakol,levakol
beválik,leválik
bevámol,levámol
bevasal,levasal
bevégez,levégez
beveret,leveret
bevéset,levéset
beveszt,leveszt
bevetél,levetél
bevétel,levétel
bevetet,levetet
bevétet,levétet
bevetít,levetít
bevetül,levetül
bevezet,levezet
bevitet,levitet
bevizel,levizel
bevizez,levizez
bevonás,levonás
bevonat,levonat
bevonul,levonul
bezabál,lezabál
bezárás,lezárás
bezárat,lezárat
bezárol,lezárol
bezárul,lezárul
bezavar,lezavar
bezenél,lezenél
bezörög,lezörög
bezúdít,lezúdít
bezúdul,lezúdul
bezuhan,lezuhan
bandzsa,handzsa
burkoló,hurkoló
bármint,mármint
bohóság,mohóság
bolyhos,molyhos
borotva,morotva
botozás,motozás
bordély,sordély
borozás,sorozás
butaság,sutaság
banális,kanális
bandzsi,kandzsi
bányafa,kányafa
barátos,karátos
bilincs,kilincs
bitorol,kitorol
bódorog,kódorog
bokszol,kokszol
brikett,krikett
bulizik,kulizik
barázda,garázda
basszus,passzus
borozás,porozás
böffent,pöffent
böfögés,pöfögés
bekódol,dekódol
bárszék,bőrszék
borzsák,bőrzsák
bealtat,beoltat
bealvad,beolvad
beaszik,beeszik
beaszik,beiszik
beaszik,beúszik
bebódít,behódít
bebódít,belódít
bebódít,betódít
bebódul,belódul
bebódul,betódul
beboroz,beporoz
beboroz,besoroz
beböfög,bepöfög
beböfög,beröfög
bebúgat,berúgat
bebúgat,besúgat
bebúsul,bedúsul
becumiz,begumiz
bedagad,beragad
bedobog,belobog
bedobog,berobog
bedörög,begörög
bedörög,bepörög
bedörög,bezörög
beellik,beillik
beeszik,beiszik
beeszik,beúszik
befarol,betarol
befelel,betelel
befelez,bejelez
befonat,bevonat
beforog,bemorog
begázol,bemázol
begépel,beképel
begörög,bepörög
begörög,bezörög
begyújt,benyújt
behasal,bevasal
behatol,belatol
behever,bekever
behever,belever
behízik,besízik
behódít,belódít
behódít,betódít
behódol,bekódol
behuhog,bezuhog
behúzat,bezúzat
beiktat,beoktat
beiszik,beúszik
bejárás,bezárás
bejárat,bezárat
bejegel,belegel
bejövet,bekövet
bejövet,belövet
bekavar,bezavar
bekenet,bemenet
bekéret,beméret
bekerít,bemerít
bekerít,beterít
bekerül,bemerül
bekerül,beterül
bekever,belever
bekezel,berezel
bekopog,betopog
beköltő,betöltő
bekövet,belövet
belehet,betehet
belemet,betemet
belépet,betépet
belevet,benevet
belobog,berobog
belódít,betódít
belódul,betódul
bemagol,betagol
bemerít,beterít
bemerül,beterül
beomlik,beömlik
bepakol,bevakol
bepárol,betárol
bepárol,bezárol
beperel,beterel
beporol,besorol
beporoz,besoroz
bepöfög,beröfög
bepörög,bezörög
berágat,bevágat
berámol,bevámol
berúgat,besúgat
besároz,betároz
besegít,betegít
beseper,beteper
besuhan,bezuhan
betárol,bezárol
betetet,bevetet
bohókás,borókás
borozás,botozás
buherál,buzerál
bujaság,butaság
bandita,bangita
befelel,befülel
begazol,begázol
behasít,behűsít
behozat,behúzat
beiszik,beizzik
belatol,beletol
belebeg,belibeg
belepet,belépet
belevés,belövés
belevet,belövet
bematat,bemutat
bennsül,benősül
beoktat,beoltat
bepácol,bepucol
bepárol,beporol
berágat,berúgat
berepít,beröpít
berepül,beröpül
besároz,besoroz
besivít,besüvít
betágít,betegít
betakar,betűkar
betarol,betárol
betemet,betömet
beterít,betérít
beterül,betérül
beterül,betörül
betérül,betörül
beültet,beüttet
bevétel,bevitel
bevetet,bevétet
bevetet,bevitet
bevétet,bevitet
borbély,bordély
bármely,bármily
bebújik,bebúvik
becibál,becitál
becseng,becsöng
becseng,becsüng
becsöng,becsüng
bedarál,bedatál
bedöcög,bedörög
bedúcol,bedúdol
bedudál,bedumál
befedez,befejez
befedez,befelez
befejel,befelel
befejez,befelez
befogat,befonat
befújat,befúvat
begátol,begázol
begyújt,begyűjt
behajít,behasít
behajol,behatol
behalad,behasad
bekajál,bekakál
bekajál,bekapál
bekakál,bekapál
bekapar,bekavar
békenap,békepap
bekocog,bekopog
beköböz,beköröz
beköböz,bekötöz
beköpés,bekötés
beköröz,bekötöz
belábad,belázad
belapít,belazít
belapul,belazul
beleárt,beleért
belebök,belelök
belebök,belepök
belebúg,belerúg
belebúg,belesúg
belebúg,belezúg
belebúj,belefúj
belefáj,beleváj
belefal,belehal
belefér,belemér
belefér,beletér
belefon,belevon
belefúr,beletúr
belefut,belejut
belefűz,beletűz
belegel,belehel
belehág,belerág
belehág,belevág
belehet,belemet
belehet,belepet
belehet,belevet
belejár,belezár
belelép,beletép
belelök,belepök
belemer,belever
belemér,beletér
belemet,belepet
belemet,belevet
beleolt,beleölt
beleont,beleönt
belepet,belevet
belerág,belevág
belerúg,belesúg
belerúg,belezúg
belesúg,belezúg
belibeg,beliheg
belöket,belövet
bemarat,bematat
bemásol,bemázol
bemorog,bemozog
benyíló,benyúló
bepácol,bepárol
bepipál,bepisál
bepipil,bepisil
bepofoz,beporoz
bepótol,bepózol
bepöfög,bepörög
berágat,berázat
bereked,bereped
beremeg,berezeg
beröfög,beröhög
besíbol,besípol
besimít,besivít
betagol,betarol
betájol,betákol
betájol,betárol
betákol,betárol
betegít,betelít
betegít,beterít
betehet,betemet
betehet,betetet
beteker,beteper
betelel,beterel
betelít,beterít
betemet,betetet
betömés,betörés
betömet,betöret
beülhet,beültet
bevadít,bevakít
bevádol,bevámol
bevégez,bevérez
beveret,bevetet
beveret,bevezet
bevéset,bevétet
bevetet,bevezet
bevitel,bevizel
bezápul,bezárul
bedobál,bedobol
bedugat,bedugít
bekakál,bekakil
belebeg,belebőg
belebeg,belebúg
belebőg,belebúg
beledől,beledűl
belefáj,belefúj
belefal,belefúl
belefér,belefúr
belefőz,belefűz
belehal,belehel
belehat,belehet
belehoz,belehúz
belekap,beleköp
belelep,belelép
belelep,belelop
belelép,belelop
belemar,belemer
belemar,belemér
belemer,belemér
belemet,beleműt
beleolt,beleont
beleölt,beleönt
belerág,belerúg
beletér,beletör
beletér,beletúr
beletér,beletűr
beletör,beletúr
beletör,beletűr
beletúr,beletűr
belevet,belevét
bepipál,bepipil
bepisál,bepisil
bepofáz,bepofoz
beszíja,beszíva
beterel,beterül
betetéz,betetőz
betömet,betömít
bevetél,bevetül
bevetet,bevetít
bezárol,bezárul
babonás,babonáz
bádogos,bádogoz
bandzsa,bandzsi
bárhova,bárhová
bárminő,bármint
bástyás,bástyáz
bedobál,bedobás
bedobog,bedobol
befejed,befejel
befejed,befejez
befejel,befejez
befelel,befelez
befogad,befogat
behasad,behasal
bekapar,bekapat
beképel,beképez
bekövet,bekövez
belebúg,belebúj
belefog,belefon
belefúj,belefúl
belefúj,belefúr
belefúl,belefúr
belehal,belehat
belehel,belehet
beleköp,beleköt
belelep,beleles
belemer,belemet
beleold,beleolt
belépte,belépti
belerág,beleráz
belesül,belesüt
beletép,beletér
beletöm,beletör
beletűr,beletűz
belevág,beleváj
belever,belevet
belevés,belevét
bemarad,bemarat
benevel,benevet
benevel,benevez
benevet,benevez
beolvad,beolvas
bepereg,beperel
beporol,beporoz
bepörög,bepöröl
berezeg,berezel
berohad,berohan
besorol,besoroz
beszélő,beszélt
beszélő,beszély
beszélt,beszély
betagol,betagoz
betárol,betároz
betonos,betonoz
beugrál,beugrás
beutaló,beutalt
bevetél,bevetés
bevétel,bevétet
bevitel,bevitet
bevizel,bevizez
bezárat,bezáraz
bicskás,bicskáz
bolyhos,bolyhoz
borsóka,borsókő
burkoló,burkolt
büdöske,büdöskő
bütyköl,bütykös
tyúkhúr,tyúkhús
üzletes,ízletes
üvegház,üvegmáz
üdvözöl,üdvözül
üzletel,üzletes
uratlan,íratlan
ujjbegy,ujjhegy
utánaás,utánzás
utánalő,utánanő
udvarol,udvaros
uzsorás,uzsoráz
célgömb,félgömb
cikázik,fikázik
címezés,hímezés
cikkely,pikkely
célpont,délpont
cicázik,cikázik
cicizik,cigizik
cicázik,cicizik
cicázik,cicózik
cicizik,cicózik
cicerél,ciceréz
cicomás,cicomáz
zsarnok,csarnok
zsendít,csendít
zsendül,csendül
zsengés,csengés
zsombor,csombor
zsámoly,zsávoly
zsémbel,zsémbes
glancol,flancol
gulipán,tulipán
gagyogó,ragyogó
gázmérő,lázmérő
gázgyár,házgyár
gázolás,mázolás
gépelem,képelem
gépesít,képesít
gépírás,képírás
garázda,barázda
gépesít,pépesít
grémium,prémium
gerilla,gorilla
gesztus,gusztus
görbülő,gördülő
gennyed,gennyes
gépszíj,gépszín
gondola,gondolt
görcsöl,görcsös
papuska,fapuska
pogózik,fogózik
punkció,funkció
párolás,tárolás
pottyan,tottyan
purista,turista
pakolás,vakolás
pillant,villant
párolás,zárolás
pottyan,lottyan
paraszt,haraszt
pállott,mállott
paraszt,maraszt
parkoló,markoló
passzív,masszív
patrica,matrica
patróna,matróna
pikulás,Mikulás
pocskol,mocskol
porózus,morózus
páfrány,sáfrány
párkány,sárkány
porolás,sorolás
porozás,sorozás
paraván,karaván
párosít,károsít
párosul,károsul
pattant,kattant
pattint,kattint
pelyhes,kelyhes
pépesít,képesít
posztol,kosztol
pottyan,kottyan
pukkant,kukkant
púposít,kúposít
passzus,basszus
porozás,borozás
pöffent,böffent
pöfögés,böfögés
pikkely,cikkely
pépesít,gépesít
prémium,grémium
parányi,Darányi
pörzsöl,dörzsöl
pörzsöl,dörzsöl
purista,jurista
pácolás,pucolás
pacskol,pocskol
papilla,pupilla
parázik,párázik
párolás,porolás
párosít,pirosít
párosul,pirosul
pácolás,párolás
pakolás,papolás
palizik,papizik
paníroz,paríroz
parkoló,patkoló
pihizik,pitizik
pikulás,pirulás
pillant,pislant
porcogó,porfogó
paródia,parókia
pártlap,pártnap
pattant,pattint
pohánka,pohárka
polifon,poligon
polifon,poligon
porolás,porozás
pöccent,pöccint
parókás,parókus
passzát,passzít
pezsgés,pezsgős
pirinkó,pirinyó
piszkál,piszkol
púderez,púderoz
puffadt,puffant
parafál,parafás
pasasér,pasasét
passzít,passzív
pettyes,pettyez
piperés,piperéz
pirosak,pirosas
piszkol,piszkos
pisszeg,pisszen
púderes,púderez
puffanó,puffant
dülledt,fülledt
dagadás,tagadás
deizmus,teizmus
derítés,terítés
dagadoz,ragadoz
dagaszt,ragaszt
deferál,referál
dobbant,robbant
dörrent,zörrent
dekódol,lekódol
dobbant,lobbant
dobogás,lobogás
derülés,merülés
darabol,sarabol
dunnyog,sunnyog
duvaszt,suvaszt
derengő,kerengő
derítés,kerítés
dekódol,bekódol
délpont,célpont
Darányi,parányi
dörzsöl,pörzsöl
dörzsöl,pörzsöl
dágvány,dugvány
deákság,diákság
dacolás,dalolás
dagaszt,damaszt
daltoni,dantoni
dobogás,dohogás
donáció,dotáció
dobálás,dobolás
dobogás,dobolás
döcögés,döcögős
darabol,darabos
delejes,delejez
deszkás,deszkáz
dobozol,dobozos
doktora,doktori
döngölő,döngölt
durranó,durrant
szakács,székács
számpár,szempár
szárító,szorító
szecska,szócska
szegecs,szögecs
szeglet,szöglet
szénfal,színfal
szerzet,szőrzet
szilfid,szulfid
szipóka,szopóka
szószék,szuszék
szőlész,szülész
szakajt,szalajt
szakóca,szamóca
számító,szárító
szédítő,szépítő
szegdel,szeldel
szegély,személy
szegény,szerény
szeglet,szellet
szelelő,szenelő
szelelő,szerelő
szellős,szeplős
szemzés,szerzés
szenelő,szerelő
színlel,szívlel
szoktat,szoptat
szökött,szövött
szálkás,szállás
szemrés,szemzés
szenior,szenzor
szétdől,szétfől
szétdűl,széthűl
szétfon,szétvon
szétfúr,szétkúr
szétfúr,széttúr
szétfűz,széttűz
széthúz,szétzúz
szétint,szétönt
szétjár,széttár
szétkúr,széttúr
szétrág,szétvág
színdús,színhús
szörföl,szörpöl
szurdos,szurkos
szurdos,szurtos
szurkos,szurtos
szakadt,szakajt
szakíró,szakító
szavaló,szavazó
szegély,szegény
szerelő,szerető
szervez,szerviz
szétdől,szétdúl
szétdől,szétdűl
szétdúl,szétdűl
szétfőz,szétfűz
szétfut,szétfűt
szétmar,szétmér
szétrág,szétrúg
széttár,széttör
széttár,széttúr
széttör,széttúr
szulfát,szulfit
szurdék,szurdok
szurkál,szurkol
szabású,szabász
szaglál,szaglás
számlál,számláz
szarval,szarvas
szarval,szarvaz
szarvas,szarvaz
székhát,székház
szellem,szellet
szemlél,szemléz
szentel,szentes
szerver,szerves
szerver,szervez
szerves,szervez
szeszel,szeszes
szeszel,szeszez
szeszes,szeszez
szétfog,szétfon
szétfől,szétfőz
szétfúj,szétfúr
szétfűt,szétfűz
szétold,szétolt
szétrág,szétráz
szetter,szettet
széttöm,széttör
szétver,szétvet
szittya,szittyó
szoruló,szorult
szörpöl,szörpös
szulfid,szulfit
szurdok,szurdos
szurkol,szurkos
szurkol,szurkoz
szurkos,szurkoz
szülési,szülész
jeladás,feladás
jelelés,felelés
jelfogó,felfogó
jelhang,felhang
jojózik,tojózik
jurista,turista
járható,várható
járadék,záradék
járható,zárható
járvány,zárvány
játszat,látszat
játszik,látszik
jövedék,lövedék
jóember,hóember
járvány,márvány
jöveszt,köveszt
jövetel,követel
jurista,purista
júliusi,júniusi
járgány,járvány
járható,jártató
jelelés,jelölés
jelelés,jelenés
járatás,járatos
játszma,játszva
javítás,javítós
jelenet,jelenít
járomfa,járomfő
jégszeg,jégszem
jegyzék,jegyzés
