fasizmus,tasizmus
fejecske,tejecske
felelget,telelget
feleltet,teleltet
főhajtás,tőhajtás
főmondat,tőmondat
feccsent,reccsent
fecsegés,recsegés
fejteget,rejteget
fogyaszt,rogyaszt
fajtalan,zajtalan
főiskola,lőiskola
falcsont,halcsont
fentereg,hentereg
főforrás,hőforrás
fűtőtest,hűtőtest
fájvirág,májvirág
férkőzik,mérkőzik
fűszeres,műszeres
fekélyes,sekélyes
fületlen,sületlen
futódaru,autódaru
fegyelem,kegyelem
fegyelmi,kegyelmi
flastrom,klastrom
foszlott,koszlott
fényelem,kényelem
főlépcső,kőlépcső
főépület,kőépület
felföldi,belföldi
felsőség,belsőség
felülről,belülről
fennakad,bennakad
fennhagy,bennhagy
fenntart,benntart
fensőség,bensőség
feszeget,beszeget
félvonal,célvonal
förgeteg,görgeteg
félvonal,délvonal
fülleszt,dülleszt
felképez,jelképez
felöltet,jelöltet
futtatás,juttatás
fagyaszt,fogyaszt
faiskola,főiskola
falfehér,félfehér
falrakás,felrakás
faltörés,feltörés
falépcső,főlépcső
fegyelem,figyelem
felaggat,fölaggat
felajánl,fölajánl
felaprít,fölaprít
felapróz,fölapróz
felbogoz,fölbogoz
felbomol,fölbomol
felborul,fölborul
felborít,fölborít
felbukik,fölbukik
felbuzog,fölbuzog
felbáláz,fölbáláz
felbámul,fölbámul
felbérel,fölbérel
felbődül,fölbődül
felböfög,fölböfög
felcibál,fölcibál
felcipel,fölcipel
felcitál,fölcitál
felcseng,fölcseng
feldagad,földagad
feldalol,földalol
felderít,földerít
felderül,földerül
feldobog,földobog
feldobol,földobol
feldobál,földobál
feldöcög,földöcög
feldúsul,földúsul
feldúsít,földúsít
feldühít,földühít
felemlít,félemlít
felemlít,fölemlít
felenged,fölenged
felesket,fölesket
feleszik,föleszik
felfakad,fölfakad
felfalat,fölfalat
felfalaz,fölfalaz
felfedez,fölfedez
felfelel,fölfelel
felfesel,fölfesel
felfogad,fölfogad
felfogat,fölfogat
felfokoz,fölfokoz
felforog,fölforog
felfárad,fölfárad
felfázik,fölfázik
felfésül,fölfésül
felfülel,fölfülel
felgumiz,fölgumiz
felgyújt,fölgyújt
felgyűjt,fölgyűjt
felgátol,fölgátol
felgépel,fölgépel
felhajol,fölhajol
felhajít,fölhajít
felhalad,fölhalad
felhasad,fölhasad
felhasít,fölhasít
felhatol,fölhatol
felhevít,fölhevít
felhevül,fölhevül
felhozat,fölhozat
felhígul,fölhígul
felhígít,fölhígít
felhívat,fölhívat
felhízik,fölhízik
felhörög,fölhörög
felhúroz,fölhúroz
felhúzat,fölhúzat
felillan,fölillan
felindul,fölindul
felindít,fölindít
felirkál,fölirkál
felismer,fölismer
feliszik,föliszik
felizgat,fölizgat
felizgul,fölizgul
felizzik,fölizzik
felizzít,fölizzít
feljavul,följavul
feljavít,följavít
feljelöl,följelöl
feljárat,följárat
feljárat,füljárat
felkacag,fölkacag
felkapar,fölkapar
felkapat,fölkapat
felkarol,fölkarol
felkavar,fölkavar
felkenet,fölkenet
felkeres,fölkeres
felkerül,fölkerül
felkever,fölkever
felkiált,fölkiált
felkocog,fölkocog
felkopik,fölkopik
felkopog,fölkopog
felkutat,fölkutat
felképel,fölképel
felkéret,fölkéret
felkínoz,fölkínoz
felkínál,fölkínál
felkísér,fölkísér
felköhög,fölköhög
felköpül,fölköpül
felkötöz,fölkötöz
fellapoz,föllapoz
fellazul,föllazul
fellazít,föllazít
fellebeg,föllebeg
fellegel,föllegel
fellehet,föllehet
fellibeg,föllibeg
felliheg,fölliheg
fellobog,föllobog
fellázad,föllázad
fellázít,föllázít
fellépet,föllépet
fellépte,föllépte
fellódít,föllódít
fellógat,föllógat
felmarad,fölmarad
felmered,fölmered
felmerül,fölmerül
felmetsz,fölmetsz
felmetél,fölmetél
felmutat,fölmutat
felmázol,fölmázol
felméret,fölméret
felnevel,fölnevel
felnevet,fölnevet
felnyújt,fölnyújt
felnémet,félnémet
felnövel,fölnövel
feloldat,föloldat
feloldoz,föloldoz
felolvad,fölolvad
felolvas,fölolvas
felordít,fölordít
feloszol,föloszol
felpakol,fölpakol
felpirul,fölpirul
felpofoz,fölpofoz
felporoz,fölporoz
felpucol,fölpucol
felpuhul,fölpuhul
felpuhít,fölpuhít
felpöfög,fölpöfög
felpörög,fölpörög
felpúpoz,fölpúpoz
felragad,fölragad
felrakat,fölrakat
felremeg,fölremeg
felreped,fölreped
felrepít,fölrepít
felrepül,fölrepül
felrobog,fölrobog
felrohan,fölrohan
felruház,fölruház
felrámol,fölrámol
felrémül,fölrémül
felréved,fölréved
felröhög,fölröhög
felröpít,fölröpít
felröpül,fölröpül
felsajog,fölsajog
felsebez,fölsebez
felsegél,fölsegél
felsegít,fölsegít
felseper,fölseper
felsikál,fölsikál
felsikít,fölsikít
felsivít,fölsivít
felsodor,fölsodor
felsorol,fölsorol
felsuhan,fölsuhan
felsuhog,fölsuhog
felszáll,fölszáll
felszánt,fölszánt
felsétál,fölsétál
felsöpör,fölsöpör
felsüvít,fölsüvít
feltakar,föltakar
feltalál,föltalál
feltapad,föltapad
feltartó,föltartó
feltehet,föltehet
felteker,fölteker
feltelik,föltelik
felterel,fölterel
felterít,fölterít
feltetet,föltetet
feltipeg,föltipeg
feltolul,föltolul
feltágít,föltágít
feltálal,föltálal
feltámad,föltámad
feltárat,föltárat
feltárul,föltárul
feltétel,föltétel
feltódul,föltódul
feltöret,föltöret
feltörik,föltörik
feltöröl,föltöröl
feltűnik,föltűnik
feltűzet,föltűzet
feltüzel,föltüzel
felugrat,fölugrat
felugrik,fölugrik
felugrál,fölugrál
feluszít,föluszít
felvasal,fölvasal
felveret,fölveret
felvetet,fölvetet
felvetít,fölvetít
felvetül,fölvetül
felvezet,fölvezet
felvidul,fölvidul
felvidék,fölvidék
felvidít,fölvidít
felvihog,fölvihog
felvisít,fölvisít
felvitet,fölvitet
felvizez,fölvizez
felvonul,fölvonul
felvonít,fölvonít
felvágat,fölvágat
felválik,fölválik
felvázol,fölvázol
felvéset,fölvéset
felvétel,fölvétel
felvétet,fölvétet
felzabál,fölzabál
felzavar,fölzavar
felzokog,fölzokog
felzsong,fölzsong
felzuhan,fölzuhan
felzörög,fölzörög
felzúdul,fölzúdul
feláldoz,föláldoz
felállás,félállás
felállít,fölállít
felárkol,fölárkol
feláztat,föláztat
felébred,fölébred
felöntöz,fölöntöz
felötlik,fölötlik
felúszik,fölúszik
felügyel,fölügyel
felülhet,fölülhet
felüljár,fölüljár
felülmúl,fölülmúl
felülről,fölülről
felültet,fölültet
felüláll,fölüláll
felüvölt,fölüvölt
fennakad,fönnakad
fennhagy,fönnhagy
fennhord,fönnhord
fenntart,fönntart
fenséges,fönséges
fertelem,förtelem
fokuszál,fókuszál
fújdogál,fájdogál
félemlít,fölemlít
főzőcske,fűzőcske
följárat,füljárat
falcsont,farcsont
fedetlen,fejetlen
fejelget,felelget
fejtartó,feltartó
fejteget,festeget
fejtődik,festődik
fejtörés,feltörés
fejvágás,felvágás
fejvétel,felvétel
felnevez,fennevez
felséges,fenséges
felsőség,fensőség
freccsen,fröccsen
félmunka,fémmunka
fölényes,fövényes
fűtetlen,fűzetlen
fejlődik,fejtődik
felaszik,feleszik
felaszik,feliszik
felaszik,felúszik
felböfög,felpöfög
felböfög,felröfög
felcímez,felhímez
feldagad,felragad
felderít,felkerít
felderít,felmerít
felderít,felterít
felderül,felkerül
felderül,felmerül
felderül,felterül
feldobog,fellobog
feldobog,felrobog
feldörög,felhörög
feldörög,felpörög
feldörög,felzörög
feleltet,felöltet
feleltet,felültet
feleszik,feliszik
feleszik,felúszik
felfelel,feltelel
felfelez,feljelez
felforog,felmorog
felfúrat,feltúrat
felfűzet,feltűzet
felgyújt,felnyújt
felgázol,felmázol
felgázol,felvázol
felgépel,felképel
felhasal,felvasal
felhuhog,felsuhog
felhágat,felvágat
felhörög,felpörög
felhörög,felzörög
feliszik,felúszik
feljárat,feltárat
feljárás,feltárás
felkavar,felzavar
felkenet,felmenet
felkeres,felperes
felkerít,felmerít
felkerít,felterít
felkerül,felmerül
felkerül,felterül
felkopog,felropog
felkutat,felmutat
felkéret,felméret
felkérés,felmérés
felkésel,felrésel
felköhög,felröhög
felköltő,feltöltő
felköpül,felröpül
fellehet,feltehet
fellobog,felrobog
felmerít,felterít
felmerül,felterül
felmetél,felvetél
felmázol,felvázol
feloldoz,feláldoz
felomlik,felömlik
felpirul,felvirul
felporoz,felsoroz
felporoz,feltoroz
felpárol,feltárol
felpöfög,felröfög
felpörög,felzörög
felréved,feltéved
felrúgat,felzúgat
felsajog,felzajog
felseper,felteper
felsorol,feltorol
felsoroz,feltoroz
felsuhan,felzuhan
feltakar,felvakar
feltetet,felvetet
feltevés,felvevés
feltárul,felzárul
feltétel,felvétel
felöltet,felültet
festeget,feszeget
fialtató,fiaztató
forrpont,forspont
félbedob,félredob
félbejár,félrejár
félbetép,félretép
félbevág,félrevág
fölböfög,fölpöfög
fölcseng,föleseng
földagad,fölragad
földerít,fölterít
földerül,fölkerül
földerül,fölmerül
földobog,föllobog
földobog,fölrobog
föleszik,föliszik
föleszik,fölúszik
fölgyújt,fölnyújt
fölgépel,fölképel
fölhörög,fölpörög
fölhörög,fölzörög
föliszik,fölúszik
följárat,föltárat
fölkavar,fölzavar
fölkerül,fölmerül
fölkutat,fölmutat
fölkéret,fölméret
fölköhög,fölröhög
fölköpül,fölröpül
föllehet,föltehet
föllobog,fölrobog
fölmázol,fölvázol
föloldoz,föláldoz
fölpörög,fölzörög
fölsuhan,fölzuhan
föltetet,fölvetet
föltétel,fölvétel
fövenyes,fövényes
felbéget,felbőget
felböfög,felbüfög
feledtet,felejtet
feledtet,feleltet
felejtet,feleltet
felfelel,felfülel
felgazol,felgázol
felhasít,felhősít
felhozat,felhúzat
felhízik,felhőzik
feliszik,felizzik
fellazít,fellázít
fellebeg,fellibeg
felnevel,felnövel
felrepít,felröpít
felrepül,felröpül
felsivít,felsüvít
felsorol,felsúrol
felterül,feltörül
feltorol,feltárol
feltárat,feltúrat
felvetet,felvitet
felvetet,felvétet
felvitel,felvétel
felvitet,felvétet
felömlik,felötlik
felültet,felüttet
fogadott,fogazott
fogadtat,fogantat
forráság,forróság
fényezés,fényűzés
földfúró,földtúró
fölfelel,fölfülel
fölhozat,fölhúzat
föliszik,fölizzik
föllazít,föllázít
föllebeg,föllibeg
fölnevel,fölnövel
fölrepít,fölröpít
fölrepül,fölröpül
fölsivít,fölsüvít
fölvadul,fölvidul
fölvadít,fölvidít
fölvetet,fölvitet
fölvetet,fölvétet
fölvitet,fölvétet
fejtábla,fejtámla
felbődül,felbővül
felcibál,felcitál
felcseng,felcsöng
feldobog,feldohog
feldöcög,feldörög
feldúcol,feldúdol
felelget,feleltet
felfedez,felfelez
felfelel,felfesel
felfúrat,felfúvat
felgyújt,felgyűjt
felgátol,felgázol
felhajol,felhatol
felhajít,felhasít
felhalad,felhasad
felkapar,felkavar
felkelés,felkenés
felkocog,felkopog
felképel,felkésel
felköröz,felkötöz
fellegel,fellehel
fellibeg,felliheg
felmorog,felmozog
felmásol,felmázol
felnémet,felnézet
felpofoz,felporoz
felpöfög,felpörög
felremeg,felrezeg
felrobog,felropog
felröfög,felröhög
felsikít,felsimít
felsikít,felsivít
felsimít,felsivít
felsuhog,felsusog
feltehet,feltemet
feltehet,feltetet
felteker,felteper
feltelel,felterel
feltemet,feltetet
felvacog,felvakog
felveret,felvetet
felveret,felvezet
felvetet,felvezet
felvetés,felvevés
felvidul,felvirul
felvidít,felvirít
felvidít,felvisít
felvirít,felvisít
felvéset,felvétet
felülhet,felültet
felülhet,felülvet
felültet,felülvet
formálás,formázás
félrebúj,félrefúj
félrefúr,félrekúr
félrefúr,félretúr
félrehág,félrevág
félrekúr,félretúr
félrelép,félretép
félremér,félretér
félrerúg,félresúg
férfikor,férfisor
fölcibál,fölcitál
fölfejel,fölfelel
fölfejel,fölfesel
fölfelel,fölfesel
fölfogat,fölfonat
fölgyújt,fölgyűjt
fölhajol,fölhatol
fölhajít,fölhasít
fölhalad,fölhasad
fölkapar,fölkavar
fölkocog,fölkopog
föllibeg,fölliheg
föllábad,föllázad
fölpofoz,fölporoz
fölpöfög,fölpörög
fölsikít,fölsivít
föltehet,föltetet
fölveret,fölvetet
fölveret,fölvezet
fölvetet,fölvezet
fölvidít,fölvisít
fölvéset,fölvétet
fölülhet,fölültet
fejfájás,fejfájós
feldobol,feldobál
felterel,felterül
feltárol,feltárul
feltöröl,feltörül
felvetet,felvetít
felvetél,felvetül
felvitat,felvitet
felvonat,felvonít
felvágás,felvágós
felágyaz,felágyúz
felállat,felállít
fogfájás,fogfájós
fordítás,fordítós
formális,formálás
félredől,félredúl
félredől,félredűl
félredúl,félredűl
félrekap,félreköp
félrelep,félrelép
félretér,félretúr
férfikar,férfikor
férfikar,férfikör
férfikor,férfikör
földobol,földobál
fölvetet,fölvetít
fütyülés,fütyülős
feldobog,feldobol
felemelt,felemelő
felfalat,felfalaz
felfelel,felfelez
felfogad,felfogat
felhasad,felhasal
felirati,feliratú
felkapar,felkapat
felképel,felképez
fellegel,felleges
fellehel,fellehet
fellépte,fellépti
felmarad,felmarat
felnevel,felnevet
felnevel,felnevez
felnevet,felnevez
felolvad,felolvas
felpereg,felperes
felsorol,felsoroz
feltorol,feltoroz
felvetél,felvetés
felvitel,felvitet
felvétel,felvétet
felülete,felületi
felülete,felületű
felületi,felületű
fenyíték,fenyítés
festékes,festékez
filléres,fillérez
fordítói,fordítós
forgalmi,forgalmú
fátyolos,fátyoloz
félredűl,félredűt
félrefúj,félrefúr
félreköp,félreköt
félretép,félretér
félretép,félretét
félretér,félretét
félrever,félrevet
félrevéd,félrevés
férfinép,férfinév
földobog,földobol
fölfalat,fölfalaz
fölfogad,fölfogat
fölkapar,fölkapat
fölnevel,fölnevet
fölolvad,fölolvas
fölreped,fölrepes
fölrohad,fölrohan
fölterel,fölterem
fölvétel,fölvétet
fűrészel,fűrészes
fűszeres,fűszerez
gyámanya,gyámatya
gyásznap,gyásznép
gyorsíró,gyorsító
gyalogol,gyalogos
gyertyán,gyertyáz
gyöngyös,gyöngyöz
tasizmus,fasizmus
tejecske,fejecske
telelget,felelget
teleltet,feleltet
tőhajtás,főhajtás
tőmondat,főmondat
takargat,vakargat
tízpróba,vízpróba
tombolás,rombolás
táptalaj,láptalaj
tátogató,látogató
tekerget,lekerget
tallózik,hallózik
tintázik,hintázik
tartalék,martalék
terített,merített
tikkaszt,sikkaszt
tallózik,kallózik
televény,kelevény
tenyeres,kenyeres
területi,kerületi
töltöget,költöget
tarackos,barackos
tekerget,bekerget
teleakad,beleakad
teleázik,beleázik
telecsap,belecsap
teleéget,beleéget
teleélve,beleélve
teleépít,beleépít
teleépül,beleépül
teleesik,beleesik
teleetet,beleetet
telefest,belefest
telegyűr,belegyűr
telehány,belehány
telehint,belehint
telehord,belehord
teleidéz,beleidéz
teleírat,beleírat
telemegy,belemegy
telenyom,belenyom
teleszar,beleszar
teleszed,beleszed
teleszív,beleszív
teleszór,beleszór
teleszúr,beleszúr
teletesz,beletesz
teletölt,beletölt
teleugat,beleugat
televarr,belevarr
televesz,belevesz
telezeng,belezeng
tüntetés,büntetés
teológia,geológia
teológus,geológus
terjedez,gerjedez
terjeszt,gerjeszt
termetes,permetes
torlaszt,porlaszt
trüszköl,prüszköl
turizmus,purizmus
terített,derített
termeszt,dermeszt
trabális,drabális
temérdek,tömérdek
tízpróba,tűzpróba
tagkönyv,tankönyv
támogató,tárogató
támogató,tátogató
tárogató,tátogató
telelget,terelget
telített,terített
túláztat,túráztat
telehold,telihold
terhelés,termelés
terjeszt,termeszt
terjeszt,terpeszt
termeszt,terpeszt
törölget,törülget
túlderít,túlmerít
túldörög,túlpörög
túleszik,túliszik
túleszik,túlúszik
túliszik,túlúszik
túlkutat,túlmutat
túllehet,túltehet
túlpakol,túlvakol
túlpirul,túlvirul
teleéget,telelget
teleetet,teleltet
teletesz,televesz
tovaleng,tovareng
túliszik,túlizzik
túlnevel,túlnövel
túlrepül,túlröpül
tekinget,tekintet
telelget,teleltet
termikus,terminus
tisztelt,tisztult
tovareng,tovaring
tovavesz,tovavisz
törölget,töröltet
túlhajol,túlhatol
túlkénez,túlképez
túlsimít,túlsivít
tartozék,tartozik
telefejt,telefest
telehold,telehord
teleszar,teleszór
teleszar,teleszúr
teleszór,teleszúr
továbbér,továbbír
továbblő,továbbnő
tanácsol,tanácsos
tanítóné,tanítónő
tenyerel,tenyeres
tenyésző,tenyészt
területi,területű
tilalmas,tilalmaz
tisztelő,tisztelt
továbbég,továbbél
továbbég,továbbér
továbbél,továbbér
továbbír,továbbít
tragikum,tragikus
túlnevel,túlnevez
túltárol,túltároz
innivaló,ennivaló
illékony,állékony
ívelődik,évelődik
irgalmas,izgalmas
idezavar,időzavar
infekció,injekció
intenció,invenció
ideeszik,ideúszik
idekavar,idezavar
idekerül,ideterül
iderepít,ideröpít
idecibál,idecitál
idefarol,idefaxol
idegenít,idegesít
idehajol,idehatol
idekapar,idekavar
idemásol,idemázol
idetehet,idetemet
ideülhet,ideültet
igazodás,igazolás
illetlen,illetően
ideterel,ideterül
időskori,időskorú
irgalmas,irgalmaz
vakargat,takargat
vízpróba,tízpróba
váratlan,záratlan
vadászat,hadászat
vagyogat,hagyogat
vallomás,hallomás
vegyszer,kegyszer
vicsorgó,kicsorgó
vicsorog,kicsorog
vitorlás,bitorlás
váratlan,páratlan
váratlan,járatlan
végjáték,vígjáték
vadkutya,vaskutya
vadvirág,vajvirág
vadvirág,vasvirág
vajvirág,vasvirág
védelmez,vélelmez
védetlen,végetlen
védetlen,véletlen
védtelen,végtelen
védtelen,vértelen
védvonal,vérvonal
végetlen,véletlen
végeztet,véreztet
végtelen,vértelen
végletes,végzetes
verbális,verzális
vízfűtés,vízhűtés
vállbojt,vállrojt
vetkezés,vetkőzés
villamos,villámos
váltogat,változat
váltóház,váltóláz
végigbír,végigsír
végigbúj,végigfúj
végigfal,végighal
végigfon,végigvon
végigfúr,végigtúr
végigfut,végigjut
végighív,végigvív
végighúz,végigzúz
végigjár,végigvár
végiglép,végigtép
végiglop,végigrop
végigrág,végigvág
végigrúg,végigzúg
végleges,végletes
vigasság,vigaszág
világlap,világnap
virágkor,virágpor
vajszínű,vajszívű
végbemer,végbemér
végigdől,végigdúl
végigdől,végigdűl
végigdúl,végigdűl
végigfáj,végigfúj
végiglép,végiglop
végigmar,végigmér
végigrág,végigrúg
végigtör,végigtúr
végigvár,végigver
vezérkar,vezérkör
visszaél,visszaöl
visszaél,visszaül
visszaér,visszaír
visszalő,visszanő
visszaöl,visszaül
visszaút,visszaüt
vizsgáló,vizsgázó
válaszol,válaszos
varázsol,varázsos
vázlatok,vázlatol
vázlatok,vázlatos
vázlatol,vázlatos
végigfúj,végigfúr
végighal,végighat
végigvág,végigvár
végigver,végigvet
végigzúg,végigzúz
vegyíték,vegyítés
vértelek,vértelen
villamos,villamoz
viszonos,viszonoz
visszaég,visszaél
visszaég,visszaér
visszaél,visszaér
visszára,visszáru
visszaül,visszaüt
víztelen,víztelep
vonalkás,vonalkáz
öltözött,öntözött
önkéntes,önkényes
összeárt,összeért
összebúg,összerúg
összebúg,összesúg
összebúg,összezúg
összebúj,összefúj
összefen,összeken
összefen,összesen
összefér,összekér
összefér,összemér
összefér,összetér
összefon,összevon
összefúr,összekúr
összefúr,összetúr
összefut,összejut
összefűt,összehűt
összefűt,összeműt
összefűz,összetűz
összehív,összevív
összehúz,összezúz
összehűt,összeműt
összejár,összevár
összejár,összezár
összeken,összesen
összekér,összemér
összekér,összetér
összekúr,összetúr
összelép,összetép
összemer,összever
összemér,összetér
összerág,összevág
összerúg,összesúg
összerúg,összezúg
összesúg,összezúg
összevár,összezár
összedől,összedúl
összedől,összedűl
összedúl,összedűl
összefen,összefon
összefér,összefúr
összefőz,összefűz
összefut,összefűt
összehat,összehűt
összehoz,összehúz
összekér,összekúr
összelép,összelop
összemar,összemer
összemar,összemér
összemer,összemér
összeölt,összeönt
összerág,összerúg
összesít,összesüt
összetér,összetör
összetér,összetúr
összetör,összetúr
összevár,összever
összevet,összevét
összebúg,összebúj
összefog,összefon
összefúj,összefúr
összefűt,összefűz
összekel,összeken
összerág,összeráz
összesír,összesít
összesül,összesüt
összetép,összetér
összetöm,összetör
összevág,összevár
összever,összevet
összevés,összevét
összezúg,összezúz
ösztönös,ösztönöz
reccsent,feccsent
recsegés,fecsegés
rejteget,fejteget
rogyaszt,fogyaszt
rombolás,tombolás
rajongás,zajongás
rebbenés,lebbenés
regényes,legényes
rengeteg,lengeteg
robbanás,lobbanás
ridegség,hidegség
rosszall,hosszall
ragtalan,magtalan
rejtelem,sejtelem
rézműves,kézműves
ropogtat,kopogtat
roppanás,koppanás
röhécsel,köhécsel
rumlizik,bumlizik
régészet,gégészet
ripacsos,pipacsos
ragályos,dagályos
ragasztó,dagasztó
redukció,dedukció
reformál,deformál
reklamál,deklamál
rezignál,dezignál
riadalom,diadalom
robbanás,dobbanás
robbantó,dobbantó
rajongás,jajongás
ródlizik,jódlizik
ráformál,reformál
rászegül,részegül
rábólint,rákólint
ráburkol,ráhurkol
rácuppan,ráhuppan
rádobban,rálobban
rádobban,rárobban
rádördül,rágördül
rádördül,rápördül
rádörren,rázörren
ráfordul,rámordul
rágerjed,ráterjed
rágördül,rápördül
rágörget,rápörget
rágörget,rázörget
rájegyez,rálegyez
rákászik,rámászik
rákattan,rápattan
rálendül,rápendül
rálendül,rázendül
rálobban,rárobban
rámállik,rápállik
rámarkol,ráparkol
rápendít,rázendít
rápendül,rázendül
rápörget,rázörget
rárajtol,rásajtol
rárikolt,rásikolt
rásuhint,rázuhint
rekeszel,reteszel
remegtet,rezegtet
rákászik,rákúszik
ráperget,rápörget
rátérdel,rátördel
redakció,redukció
rácsahol,rácsihol
rácsorog,rácsurog
ráfektet,ráfestet
rámordul,rámozdul
ráparkol,rápaskol
rászakít,rászűkít
rászárít,rászorít
rászegez,rászögez
rászokik,rászökik
rejtezik,rejtőzik
rendiség,rendűség
rácsahol,rácsatol
rágörbít,rágördít
rágörbül,rágördül
rákozmál,rákoznál
rárajtol,rárajzol
rászakad,rászalad
rászámít,rászárít
rászegel,rászerel
rászokik,rászopik
rendelés,rendezés
részegít,részesít
részegül,részesül
ráárasít,rááraszt
rászegel,rászegül
rááraszd,rááraszt
ráformál,ráformáz
rajzszeg,rajzszer
raktáros,raktároz
rászegel,rászegez
rebellió,rebellis
rekeszel,rekeszes
zajtalan,fajtalan
záratlan,váratlan
zajongás,rajongás
zendülés,lendülés
zavargás,kavargás
zabliszt,babliszt
záratlan,páratlan
zendülés,pendülés
zörömböl,dörömböl
zörrenés,dörrenés
zajongás,jajongás
záratlan,járatlan
záródugó,zárórugó
zökkenés,zökkenős
zongorás,zongoráz
lőiskola,főiskola
láptalaj,táptalaj
látogató,tátogató
lekerget,tekerget
lebbenés,rebbenés
legényes,regényes
lengeteg,rengeteg
lobbanás,robbanás
lendülés,zendülés
lótakaró,hótakaró
láztalan,máztalan
legerjed,megerjed
lotyogás,motyogás
lotyogás,kotyogás
lottyant,kottyant
leadogat,beadogat
leakaszt,beakaszt
lealszik,bealszik
leáramol,beáramol
lebaktat,bebaktat
leballag,beballag
lebambul,bebambul
lebarmol,bebarmol
lebarnít,bebarnít
lebarnul,bebarnul
lebaszik,bebaszik
lebeszél,bebeszél
lebillen,bebillen
lebocsát,bebocsát
lebólint,bebólint
leborult,beborult
lebujtat,bebujtat
lebújtat,bebújtat
lebuktat,bebuktat
leburkol,beburkol
lecammog,becammog
lecaplat,becaplat
lecentiz,becentiz
leciánoz,beciánoz
lecuppan,becuppan
lecsábít,becsábít
lecsapás,becsapás
lecsapat,becsapat
lecsapol,becsapol
lecsatol,becsatol
lecsavar,becsavar
lecselez,becselez
lecsepeg,becsepeg
lecserél,becserél
lecsévél,becsévél
lecsigáz,becsigáz
lecsinál,becsinál
lecsókol,becsókol
lecsomóz,becsomóz
lecsorog,becsorog
lecsődül,becsődül
lecsöpög,becsöpög
lecsörög,becsörög
lecsukat,becsukat
lecsumáz,becsumáz
lecsurog,becsurog
ledermed,bedermed
ledicsér,bedicsér
lediktál,bediktál
ledobban,bedobban
ledokkol,bedokkol
ledöbben,bedöbben
ledöglik,bedöglik
ledöndül,bedöndül
ledönget,bedönget
ledöngöl,bedöngöl
ledörgöl,bedörgöl
ledrótoz,bedrótoz
ledurran,bedurran
ledurvít,bedurvít
leénekel,beénekel
leépítés,beépítés
leereget,beereget
leereszt,beereszt
leernyőz,beernyőz
leerősít,beerősít
lefalcol,befalcol
lefásliz,befásliz
lefejtet,befejtet
lefektet,befektet
lefényez,befényez
lefenyít,befenyít
leferdít,beferdít
lefertőz,befertőz
lefestet,befestet
lefeszít,befeszít
lefeszül,befeszül
lefigyel,befigyel
lefingik,befingik
lefirkál,befirkál
lefoglal,befoglal
lefolyás,befolyás
lefolyat,befolyat
lefolyik,befolyik
lefordít,befordít
lefordul,befordul
leforgat,beforgat
leformáz,beformáz
leforral,beforral
leföldel,beföldel
lefullad,befullad
lefuttat,befuttat
lefürdet,befürdet
lefürdik,befürdik
lefüstöl,befüstöl
lefütyül,befütyül
legerjed,begerjed
legittel,begittel
legombol,begombol
legondol,begondol
legörbed,begörbed
legörbít,begörbít
legörbül,begörbül
legördít,begördít
legördül,begördül
legörget,begörget
leguggol,beguggol
legyaláz,begyaláz
legyalul,begyalul
legyötör,begyötör
legyűrűz,begyűrűz
lehabzik,behabzik
lehajlás,behajlás
lehajlik,behajlik
lehajlít,behajlít
lehajtat,behajtat
lehangol,behangol
lehantol,behantol
lehányat,behányat
leharcol,beharcol
leharsog,beharsog
lehátrál,behátrál
lehelyez,behelyez
lehibban,behibban
lehirdet,behirdet
lehordás,behordás
lehordat,behordat
lehullik,behullik
lehuppan,behuppan
lehurcol,behurcol
lehúzgál,behúzgál
lehúzkod,behúzkod
lehülyít,behülyít
lehülyül,behülyül
leidőzít,beidőzít
leigazít,beigazít
leigazol,beigazol
leíródik,beíródik
leírogat,beírogat
lejáratú,bejáratú
lejárkál,bejárkál
lejártat,bejártat
lejegyez,bejegyez
lejelent,bejelent
lejuttat,bejuttat
lekacsol,bekacsol
lekapkod,bekapkod
lekarcol,bekarcol
lekarmol,bekarmol
lekaszál,bekaszál
lekattan,bekattan
lekémlel,bekémlel
leképzel,beképzel
lekérdez,bekérdez
lekerget,bekerget
lekészít,bekészít
lekészül,bekészül
leketyeg,beketyeg
lekiabál,bekiabál
lekísért,bekísért
lekoldul,bekoldul
lekonyul,bekonyul
lekoppan,bekoppan
lekoptat,bekoptat
lekorhad,bekorhad
lekószál,bekószál
lekottáz,bekottáz
leköpdös,beköpdös
leköpköd,beköpköd
lekörmöl,bekörmöl
leköszön,beköszön
leköttet,beköttet
lekrétáz,bekrétáz
lekullog,bekullog
lekussol,bekussol
lekúszik,bekúszik
leküldet,beküldet
lelágyul,belágyul
lelakkoz,belakkoz
lelámpáz,belámpáz
leláncol,beláncol
lelankad,belankad
lelassít,belassít
lelassul,belassul
lelebben,belebben
lelendít,belendít
lelendül,belendül
lelépdel,belépdel
lelépked,belépked
leleplez,beleplez
leléptet,beléptet
lelibben,belibben
lelocsol,belocsol
lelökdös,belökdös
lemálház,bemálház
lemászik,bemászik
lemattol,bemattol
lemélyed,bemélyed
lemélyít,bemélyít
lemélyül,bemélyül
lementet,bementet
lemérgez,bemérgez
lemeszel,bemeszel
lemintáz,bemintáz
lemondás,bemondás
lemondat,bemondat
lemosdik,bemosdik
lemozdul,bemozdul
lemozgat,bemozgat
lemunkál,bemunkál
lenagyít,benagyít
lenulláz,benulláz
lenyakal,benyakal
lenyálaz,benyálaz
lenyilaz,benyilaz
lenyílik,benyílik
lenyomat,benyomat
lenyomul,benyomul
leolajoz,beolajoz
leolvasó,beolvasó
leoperál,beoperál
leözönöl,beözönöl
leparkol,beparkol
lepaskol,bepaskol
lepattan,bepattan
lepattog,bepattog
leperdül,beperdül
leperkál,beperkál
lepingál,bepingál
lepontoz,bepontoz
lepotyog,bepotyog
lepöcköl,bepöcköl
lepördül,bepördül
lepörget,bepörget
lepörköl,bepörköl
lepötyög,bepötyög
lepötyög,bepötyög
leprémez,beprémez
leprésel,beprésel
lepróbál,bepróbál
lepumpál,bepumpál
lepuszil,bepuszil
lerácsoz,berácsoz
leragyog,beragyog
lerajzik,berajzik
lerajzol,berajzol
leráncol,beráncol
lerándul,berándul
lerángat,berángat
lerendel,berendel
lerendez,berendez
lereszel,bereszel
leriaszt,beriaszt
lerobban,berobban
lerombol,berombol
leromlik,beromlik
lerondít,berondít
leroppan,beroppan
leroskad,beroskad
lerothad,berothad
leröffen,beröffen
lerögzít,berögzít
lerögzül,berögzül
leröppen,beröppen
leröptet,beröptet
leruccan,beruccan
lerugdal,berugdal
lerugdos,berugdos
lerúgtat,berúgtat
lesajtol,besajtol
lesáncol,besáncol
lesandít,besandít
lesárgít,besárgít
lesárgul,besárgul
leseggel,beseggel
lesiklat,besiklat
lesiklik,besiklik
lesmárol,besmárol
lesóhajt,besóhajt
lesokkol,besokkol
lespórol,bespórol
lesrófol,besrófol
lesuhint,besuhint
lesúlyoz,besúlyoz
lesurran,besurran
lesuttog,besuttog
lesüpped,besüpped
leszakad,beszakad
leszakít,beszakít
leszalad,beszalad
leszálló,beszálló
leszámít,beszámít
leszámol,beszámol
leszámoz,beszámoz
leszárad,beszárad
leszarik,beszarik
leszárít,beszárít
leszavaz,beszavaz
leszedet,beszedet
leszédít,beszédít
leszédül,beszédül
leszegel,beszegel
leszegez,beszegez
leszemez,beszemez
leszerel,beszerel
leszeret,beszeret
leszerez,beszerez
leszíjaz,beszíjaz
leszitál,beszitál
leszívat,beszívat
leszokik,beszokik
leszólít,beszólít
leszopat,beszopat
leszorít,beszorít
leszorul,beszorul
leszögez,beszögez
leszökik,beszökik
leszőkít,beszőkít
leszőkül,beszőkül
leszúrat,beszúrat
leszűkít,beszűkít
leszűköl,beszűköl
leszűkül,beszűkül
letaglóz,betaglóz
letáncol,betáncol
letapint,betapint
letapsol,betapsol
letaszít,betaszít
letekint,betekint
letérdel,betérdel
leteremt,beteremt
leterhel,beterhel
leterjed,beterjed
letermel,betermel
letervez,betervez
letesped,betesped
letettet,betettet
letiltás,betiltás
letiltat,betiltat
letompul,betompul
letoppan,betoppan
letorkol,betorkol
letorzít,betorzít
letorzul,betorzul
letotyog,betotyog
letöltet,betöltet
letömköd,betömköd
letördel,betördel
letörtet,betörtet
letunkol,betunkol
letűzdel,betűzdel
leúsztat,beúsztat
leutazik,beutazik
leütődik,beütődik
leütöget,beütöget
leüzemel,beüzemel
levackol,bevackol
levagdal,bevagdal
levagdos,bevagdos
levágtat,bevágtat
leváltás,beváltás
leváltat,beváltat
levegyít,bevegyít
leverdes,beverdes
levérzik,bevérzik
leveszik,beveszik
levezető,bevezető
levillan,bevillan
levilláz,bevilláz
levillog,bevillog
levontat,bevontat
lezajlik,bezajlik
lezökken,bezökken
lezötyög,bezötyög
lezuhint,bezuhint
lezüllik,bezüllik
lezsákol,bezsákol
lezsaluz,bezsaluz
lezsarol,bezsarol
lezsebel,bezsebel
lezsíroz,bezsíroz
lázrózsa,gázrózsa
lendülés,pendülés
lottyant,pottyant
lobbanás,dobbanás
lobogtat,dobogtat
légréteg,jégréteg
légtömlő,jégtömlő
lebbenés,libbenés
lábatlan,látatlan
lakályos,lapályos
lakocska,lapocska
lakosság,laposság
lebarmol,lekarmol
lebomlik,leromlik
lebontat,lerontat
lebontat,levontat
lebökdös,lelökdös
lebukkan,lepukkan
lecuppan,lehuppan
ledobban,lerobban
ledokkol,lesokkol
ledurran,lesurran
lefeszít,leveszít
lefuttat,lejuttat
legerjed,leterjed
legittel,lesittel
legombol,lerombol
legördül,lepördül
legörget,lepörget
lehajlik,lezajlik
lehántat,lerántat
leharcol,lekarcol
lehurrog,lesurrog
lejattol,lemattol
lekattan,lepattan
lekerget,leperget
leketyeg,lepetyeg
lekoppan,leroppan
lekoppan,letoppan
leköpköd,leröpköd
lekussol,letussol
leláncol,leráncol
leláncol,lesáncol
leláncol,letáncol
lelebben,lerebben
leledzik,levedzik
lelépdel,letépdel
lelépked,letépked
lemeszel,lereszel
lepotyog,letotyog
lepötyög,lezötyög
leráncol,lesáncol
leráncol,letáncol
lerontat,levontat
leroppan,letoppan
lesáncol,letáncol
lesarlóz,letarlóz
lesuhint,lezuhint
leszemel,leüzemel
lótakaró,lóvakaró
láncolás,lángolás
leakaszt,leapaszt
lebaktat,lebuktat
lebecsül,leböcsül
lebujtat,lebújtat
ledekkol,ledokkol
leferdít,lefordít
legbelül,legfelül
légfűtés,léghűtés
lehantol,lehántol
leharcol,lehurcol
lekaszál,lekószál
lekezdet,leküzdet
lelebben,lelibben
leperdül,lepördül
leperget,lepörget
lerántat,lerontat
letérdel,letördel
leadózik,leaduzik
lebujtat,lebuktat
lecsorog,lecsurog
ledöngöl,ledörgöl
lefejlik,lefeslik
lefejtet,lefektet
lefejtet,lefestet
lefektet,lefestet
lefogyás,lefolyás
legfelül,legfölül
lekémlel,lekérlel
leküldet,leküzdet
lemondat,lemosdat
lenyálaz,lenyilaz
leparkol,lepaskol
lepenget,leperget
lepöcköl,lepörköl
leszakít,leszőkít
leszakít,leszűkít
leszárít,leszorít
leszegez,leszögez
leszokik,leszökik
leszőkít,leszűkít
leszőkül,leszűkül
letaglóz,letarlóz
letépdel,letérdel
letöltet,letörtet
levágtat,leváltat
levedzik,leveszik
levehető,levezető
lassúdik,lassúzik
leadódik,leadózik
lecsapol,lecsatol
lecsobog,lecsorog
lecsöpög,lecsörög
ledönget,ledöntet
leformáz,leforráz
legörbít,legördít
legörbül,legördül
lehangol,lehantol
lehántat,lehányat
lekarcol,lekarmol
lenyakal,lenyaral
lenyelet,lenyeset
lerángat,lerántat
leszakad,leszalad
leszámít,leszárít
leszedet,leszeret
leszegel,leszelel
leszegel,leszemel
leszegel,leszerel
leszegez,leszemez
leszegez,leszerez
leszelel,leszemel
leszelel,leszerel
leszemel,leszerel
leszemez,leszerez
leszokik,leszopik
leterhel,letermel
levedlik,levedzik
locsogás,locsolás
löttyent,löttyint
lábfájás,lábfájós
lebbencs,lebbenés
leszűköl,leszűkül
lottyadt,lottyant
láthatár,láthatás
léghuzam,léghuzat
légvonal,légvonat
lekacsol,lekacsoz
lekérdet,lekérdez
lenyakal,lenyakaz
lepukkad,lepukkan
lerendel,lerendez
leszálló,leszállt
leszámol,leszámoz
leszegel,leszegez
leszemel,leszemez
leszerel,leszeret
leszerel,leszerez
leszeret,leszerez
letépdel,letépdes
ennivaló,innivaló
effektus,affektus
effektív,affektív
ekkorról,akkorról
ekkortól,akkortól
ekkorára,akkorára
ekképpen,akképpen
elkonyul,alkonyul
elcsapat,élcsapat
egyesség,ügyesség
egyetlen,ügyetlen
előfürdő,ülőfürdő
enteriőr,exteriőr
epedezik,esedezik
elbabrál,elzabrál
elbarmol,elkarmol
elbomlik,elromlik
elbontat,elrontat
elbontat,elvontat
elbotlik,elkotlik
elbukkan,elpukkan
elbújtat,elfújtat
elcirkál,elfirkál
elcuppan,elhuppan
eldereng,elkereng
eldereng,elmereng
eldobban,ellobban
eldobban,elrobban
eldugdos,elrugdos
eldurran,elsurran
eldurvul,elkurvul
eldördül,elgördül
eldördül,elhördül
eldördül,elpördül
eldörren,elzörren
elfajzik,elrajzik
elfecseg,elrecseg
elfejtet,elrejtet
elferdít,elperdít
elferdül,elperdül
elfeszít,elveszít
elfordul,elmordul
elfuttat,eljuttat
elgagyog,elragyog
elgombol,elrombol
elgördül,elhördül
elgördül,elpördül
elgörget,elpörget
elhajlik,elzajlik
elharcol,elsarcol
elhördül,elpördül
elhümmög,elzümmög
eljajong,elrajong
eljajong,elzajong
eljegyez,ellegyez
elkattan,elpattan
elkereng,elmereng
elkerget,elperget
elkondít,elrondít
elkorhad,elporhad
elkotyog,elmotyog
elkotyog,elpotyog
elkotyog,eltotyog
elkussol,eltussol
elköltet,eltöltet
elkúszik,előúszik
ellebben,elrebben
ellobban,elrobban
ellépked,eltépked
ellötyög,elpötyög
ellötyög,elzötyög
elmarkol,elparkol
elmerült,elterült
elmeszel,elreszel
elmotyog,elpotyog
elmotyog,eltotyog
elmállik,elpállik
elosztat,elúsztat
elpenget,eltenget
elpotyog,eltotyog
elpötyög,elzötyög
elrajong,elzajong
elrajtol,elsajtol
elrikolt,elsikolt
elrontat,elvontat
elsikkad,eltikkad
elsáncol,eltáncol
elakaszt,elapaszt
elbaktat,elbuktat
elbujtat,elbújtat
elepeszt,elereszt
elferdít,elfordít
elfojtat,elfújtat
elhallik,elhullik
elharcol,elhurcol
elkaptat,elkoptat
elkaszál,elkuszál
elkaszál,elkószál
elkuszál,elkószál
ellebben,ellibben
elperdül,elpördül
elperget,elpörget
elreppen,elröppen
elringat,elrángat
elrondít,elrándít
eltérdel,eltördel
előderít,előkerít
előderít,előterít
elődobog,előrobog
előgörög,előzörög
előiszik,előúszik
előjárat,elővárat
előkerít,előterít
előkutat,előmutat
előnevet,előrevet
előpakol,elővakol
előpirít,elővirít
előporoz,elősoroz
előpárol,előtárol
elősuhan,előzuhan
erődítés,erősítés
egyesség,egyezség
elbomlik,elbotlik
elbujtat,elbuktat
elcaflat,elcaplat
elcsorog,elcsurog
eldöngöl,eldörgöl
elfejtet,elfektet
elhajlik,elhallik
elkoldul,elkondul
elköltet,elköttet
ellebben,ellenben
elmordul,elmozdul
elnyílik,elnyúlik
elparkol,elpaskol
elparkol,elpatkol
elpaskol,elpatkol
elpenget,elperget
elpillog,elpislog
elporhad,elposhad
elpöcköl,elpörköl
elringat,elriogat
elsaccol,elsarcol
elszakít,elszűkít
elszokik,elszökik
elszorít,elszárít
eltervez,eltetvez
eltrafál,eltréfál
eltöltet,eltörtet
elvadult,elvakult
elvágtat,elváltat
elősivít,elősüvít
elővetet,elővétet
eskütevő,esküvevő
egybebúj,egybefúj
egybefon,egybevon
egybefűz,egybetűz
egybejár,egybezár
egybekér,egybemér
egyenget,egyenlet
ekkorról,ekkortól
elcsahol,elcsapol
elcsahol,elcsatol
elcsalás,elcsapás
elcsapol,elcsatol
elcsepeg,elcseveg
elcsobog,elcsorog
eldönget,eldöntet
elgörbít,elgördít
elgörbül,elgördül
elhangol,elhantol
elkereng,elkering
elkondul,elkonyul
ellenkép,ellenlép
ellenkér,ellenmér
elnyelet,elnyeret
elnyelés,elnyerés
eloszlat,elosztat
elporhad,elporlad
elporlik,elporzik
elrajtol,elrajzol
elszakad,elszalad
elszegel,elszelel
elszegel,elszerel
elszeget,elszeret
elszelel,elszerel
elszámít,elszárít
elszédít,elszépít
elterhel,eltervel
elvermel,elversel
előbújik,előbúvik
előcibál,előcitál
előfogat,előfonat
előhajol,előhatol
előpácol,előpárol
előrebök,előrelök
előrefut,előrejut
előrehív,előrevív
előrelát,előretát
előretár,előrevár
elősimít,elősivít
elővetet,elővezet
elővágás,elővájás
emberkor,embersor
emléklap,emléknap
esőcsepp,esőcsöpp
ezüstkor,ezüstpor
egybefőz,egybefűz
egybekel,egybekél
egyenlet,egyenlít
elfogadó,elfogató
ellendűl,ellendül
ellenfal,ellenfél
elnyeret,elnyerít
előredől,előredűl
előrehat,előrehűt
előrehoz,előrehúz
előrelep,előrelop
előrelep,előrelép
előrelop,előrelép
előretár,előretör
előretár,előretűr
előretör,előretűr
előrevet,előrevét
előtárol,előtárul
elővetet,elővetít
előállat,előállít
emberfaj,emberfej
egybefog,egybefon
egybekel,egybeken
egybekél,egybekér
egybeold,egybeolt
egybesül,egybesüt
egybever,egybevet
egyenleg,egyenlet
egyházfi,egyházfő
elbilleg,elbillen
elbűvölt,elbűvölő
elgondol,elgondoz
elhangol,elhangoz
elismert,elismerő
ellenkép,ellenkér
ellenzék,ellenzés
ellenére,ellenérv
elmormog,elmormol
elpukkad,elpukkan
elrejtek,elrejtet
elrendel,elrendez
elszaval,elszavaz
elszegel,elszeget
elszerel,elszeret
elszerel,elszerez
elszeret,elszerez
elszámol,elszámoz
eltervel,eltervez
elődobog,elődobol
előfalat,előfalaz
előképed,előképez
előleges,előlegez
előnevel,előnevet
előnevel,előnevez
előnevet,előnevez
előretár,előretát
előrevág,előrevár
elősorol,elősoroz
előterel,előterem
előtárol,előtároz
elővétel,elővétet
ereszték,eresztés
erkölcsi,erkölcsű
erőtelen,erőtelep
halcsont,falcsont
hentereg,fentereg
hőforrás,főforrás
hűtőtest,fűtőtest
hallózik,tallózik
hintázik,tintázik
hadászat,vadászat
hagyogat,vagyogat
hallomás,vallomás
hidegség,ridegség
hosszall,rosszall
hótakaró,lótakaró
házatlan,mázatlan
hunyorog,sunyorog
hallózik,kallózik
halfogás,balfogás
hosszant,bosszant
huppanós,cuppanós
hantázik,hintázik
hantolás,hántolás
hadászat,halászat
hajított,hasított
halacska,hasacska
hegyezés,helyezés
hegyrajz,helyrajz
hídverés,hírverés
hirtelen,hittelen
húrtartó,hústartó
halászik,hallszik
hangolás,hantolás
horgaszt,horpaszt
horgolás,horkolás
hallgató,hallható
hallózik,hallszik
harsanás,harsonás
hamarabb,hamarább
harmadfű,harmatfű
harsogás,harsonás
hátrabök,hátralök
hátrabúj,hátrafúj
hátrafut,hátrajut
hátraint,hátraönt
hátrajár,hátrazár
hátralép,hátratép
hátrarúg,hátrazúg
hazavesz,hazavisz
hozzáfér,hozzámér
hozzáfér,hozzátér
hozzáfon,hozzávon
hozzáfut,hozzájut
hozzáfűz,hozzátűz
hozzájár,hozzázár
hozzámer,hozzáver
hozzámér,hozzátér
hozzárág,hozzávág
hasonlat,hasonlít
hátradől,hátradűl
hátrafűt,hátrafut
hátrahoz,hátrahúz
hátralék,hátralök
hátratör,hátratúr
hátravan,hátravon
hátravet,hátravét
hazaküld,hazaküzd
hazautal,hazautál
hozzádől,hozzádűl
hozzáfőz,hozzáfűz
hozzához,hozzáhúz
hozzámer,hozzámér
hozzáölt,hozzáönt
hozzátér,hozzátör
hozzávet,hozzávét
hőbörgés,hőbörgős
használó,használt
hatalmas,hatalmaz
hátralék,hátralép
hátraver,hátravet
hazacsal,hazacsap
hazautal,hazautaz
hengerel,hengeres
hengerel,hengerez
hengeres,hengerez
hercegné,hercegnő
hozzáfog,hozzáfon
hozzáver,hozzávet
hüvelyes,hüvelyez
májvirág,fájvirág
mérkőzik,férkőzik
műszeres,fűszeres
martalék,tartalék
merített,terített
magtalan,ragtalan
máztalan,láztalan
megerjed,legerjed
motyogás,lotyogás
mázatlan,házatlan
maroknyi,saroknyi
mellékes,kellékes
mérgesít,kérgesít
mérgesül,kérgesül
moccanás,koccanás
montíroz,kontíroz
motyogás,kotyogás
megerjed,begerjed
melenget,belenget
művészet,bűvészet
markíroz,parkíroz
mentális,dentális
merített,derített
magvetés,megvetés
májvirág,mákvirág
meglékel,mellékel
maréknyi,maroknyi
megagyal,megágyal
megáldat,megoldat
megáldoz,megoldoz
megalvad,megolvad
megaszik,megeszik
megaszik,megiszik
megaszik,megúszik
megbékít,megkékít
megbékül,megkékül
megbénít,megvénít
megbikáz,megfikáz
megbízik,meghízik
megbódít,meghódít
megbódít,meglódít
megbódít,megtódít
megbódul,meglódul
megbomol,megromol
megbotoz,megmotoz
megbúsít,megdúsít
megcímez,meghímez
megdagad,megragad
megdagad,megtagad
megdelel,megfelel
megdelel,megjelel
megdelel,megtelel
megderít,megkerít
megderít,megmerít
megderít,megterít
megderül,megkerül
megderül,megmerül
megderül,megterül
megdobog,meglobog
megegyel,megügyel
megellet,megillet
megellik,megillik
megéltet,megöltet
megéltet,megültet
megérzés,megőrzés
megeszik,megiszik
megeszik,megúszik
megfakít,megvakít
megfakul,megvakul
megfarol,megkarol
megfásul,megmásul
megfejtő,meglejtő
megfelel,megjelel
megfelel,megtelel
megfelez,megjelez
megfonat,megvonat
megforog,megmorog
meggázol,megmázol
meggázol,megvázol
meghágat,megvágat
meghajol,megkajol
meghasal,megvasal
meghever,megkever
meghívat,megvívat
meghódít,meglódít
meghódít,megtódít
meghódol,megkódol
meghódol,megmódol
meghuhog,megsuhog
meghúzat,megzúzat
megintet,megöntet
megiszik,megúszik
megjárat,megvárat
megjelel,megtelel
megkavar,megzavar
megkérés,megtérés
megkéret,megméret
megkerít,megmerít
megkerít,megterít
megkerül,megmerül
megkerül,megterül
megkéset,megvéset
megkezel,megrezel
megkódol,megmódol
megkövet,meglövet
megkutat,megmutat
meglakat,megrakat
meglakol,megpakol
meglehet,megtehet
meglépet,megtépet
megliheg,megpiheg
meglódít,megtódít
meglógat,megnógat
meglohad,megrohad
megmásít,megvásít
megmásol,megvásol
megmázol,megvázol
megmerít,megterít
megmerül,megterül
megnémít,megrémít
megnyújt,meggyújt
megomlik,megömlik
megöltet,megültet
megpörög,megzörög
megrabol,megzabol
megragad,megtagad
megrúgat,megzúgat
megsérül,megtérül
megsuhan,megzuhan
megtakar,megvakar
megtétel,megvétel
megtetet,megvetet
megéltet,megértet
megfizet,megfőzet
meghozat,meghúzat
megihlet,megillet
megiszik,megizzik
megkerít,megkörít
meglebeg,meglibeg
meglepet,meglépet
megnevel,megnövel
megöltet,megöntet
megpácol,megpucol
megrakat,megríkat
megtemet,megtömet
megtérés,megtörés
megterít,megtérít
megterül,megtérül
megterül,megtörül
megtérül,megtörül
megvadít,megvidít
megvadul,megvidul
megvásít,megvisít
megvetet,megvétet
mélyföld,mélyzöld
magáncél,magánfél
megáldat,megállat
megbékít,megbénít
megbogoz,megbotoz
megbomol,megbotol
megbújik,megbúvik
megcibál,megcitál
megcseng,megcsüng
megdacol,megdalol
megdacol,megdanol
megdalol,megdanol
megdobál,megdotál
megérlel,megérvel
megértés,megérzés
megfedez,megfelez
megfejel,megfelel
megfejel,megfesel
megfelel,megfesel
megfogat,megfonat
megfújat,megfúrat
megfújat,megfúvat
megfúrat,megfúvat
meggátol,meggázol
meghajít,meghasít
meghalad,meghasad
meghalás,meghatás
megkajál,megkapál
megkajol,megkarol
megkapar,megkavar
megkénez,megképez
megkéret,megkéset
megkócol,megkódol
megköpet,megkövet
megköpül,megkövül
meglakol,meglatol
meglapít,meglazít
meglapul,meglazul
meglegel,meglehel
meglehet,meglepet
meglibeg,megliheg
meglóbáz,meglógáz
megmásol,megmázol
megmorog,megmozog
megmulat,megmutat
megpácol,megpárol
megreked,megreped
megremeg,megrezeg
megsuhog,megsusog
megtagad,megtapad
megtágul,megtárul
megtehet,megtemet
megtehet,megtetet
megtelel,megterel
megtelít,megterít
megtemet,megtetet
megtojat,megtolat
megtömet,megtöret
megülhet,megültet
megvadít,megvakít
megvádol,megvámol
megvádol,megvásol
megvádol,megvázol
megvadul,megvakul
megvágat,megvárat
megvágta,megvárta
megválik,megvásik
megvámol,megvásol
megvámol,megvázol
megvárás,megvásás
megvásol,megvázol
megvédet,megvéset
megvédet,megvétet
megverés,megvetés
megveret,megvetet
megveret,megvezet
megvéset,megvétet
megvetet,megvezet
megvidít,megvisít
megzúgat,megzúzat
meggyújt,meggyűjt
melléfut,melléjut
melléfűz,mellétűz
melléjár,mellézár
mellékág,mellévág
mellékel,mellétel
munkalap,munkanap
megállat,megállít
megbékél,megbékül
megjelel,megjelöl
megkajál,megkajol
meglábal,meglábol
megmásol,megmásul
megterel,megterül
megtömet,megtömít
megtöröl,megtörül
megvetet,megvetít
megzabál,megzabol
mellékel,mellékél
melléköt,mellékút
muzsikás,muzsikus
magáncég,magáncél
mágneses,mágnesez
magyarán,magyaráz
malteros,malteroz
maszatol,maszatos
mazsolás,mazsoláz
megágyal,megágyaz
megbotol,megbotoz
megdobál,megdobás
megfeled,megfelel
megfeled,megfelez
megfelel,megfelez
megfogad,megfogan
megfogad,megfogat
megfogan,megfogat
meghasad,meghasal
megjelel,megjelez
megkapar,megkapat
megkésel,megkéset
megkövet,megkövez
meglehel,meglehet
meglóbál,meglóbáz
megmarad,megmarat
megnevel,megnevet
megnevel,megnevez
megnevet,megnevez
megolvad,megolvas
megpiheg,megpihen
megrezeg,megrezel
megrohad,megrohan
megterel,megterem
megvétel,megvétet
meggyőze,meggyőző
mellékel,mellékes
menekülő,menekült
mészárol,mészáros
minőségi,minőségű
muzsikál,muzsikás
útkaparó,átkaparó
útépítés,átépítés
úrvezető,őrvezető
újraerez,újraérez
újrakölt,újratölt
újrakelt,újrakölt
újraélez,újraérez
újragyúl,újragyúr
újraéled,újraélez
sekélyes,fekélyes
sületlen,fületlen
sikkaszt,tikkaszt
sejtelem,rejtelem
sunyorog,hunyorog
saroknyi,maroknyi
sanyarog,kanyarog
sérelmez,kérelmez
surrogás,kurrogás
stilizál,utilizál
somolyog,gomolyog
sercegés,percegés
serdülés,perdülés
saraboló,daraboló
surrogás,durrogás
serfőzde,sörfőzde
sunyorog,sutyorog
sétálgat,sétáltat
sértődés,sértődős
slisszel,slisszol
sóvárgás,sóvárgós
spórolás,spórolós
süppedés,süppedős
sürgetés,sürgetős
sehonnai,sehonnan
selejtes,selejtez
selyemfa,selyemfű
sérelmes,sérelmez
spriccel,spriccer
sprintel,sprinter
sulykoló,sulykolt
süppedék,süppedés
autódaru,futódaru
állékony,illékony
affektív,effektív
affektus,effektus
akképpen,ekképpen
akkorára,ekkorára
akkorról,ekkorról
akkortól,ekkortól
alkonyul,elkonyul
átépítés,útépítés
átkaparó,útkaparó
áldatlan,oldatlan
ármányos,ormányos
aszályos,uszályos
ábrándul,átrándul
adakozás,alakozás
áhítozik,ásítozik
anyátlan,atyátlan
árképzés,átképzés
áldatlan,álmatlan
animális,anomális
átcuppan,áthuppan
átdereng,átmereng
átfejlik,átsejlik
átfordul,átmordul
átformáz,átnormáz
átfurkál,átturkál
átfuttat,átjuttat
átgombol,átrombol
átgombol,áttombol
átgördül,átpördül
átgörget,átpörget
átgörget,átzörget
átharcol,átkarcol
áthintáz,átmintáz
átjegyez,átlegyez
átkattan,átpattan
átkerget,átperget
átlebben,átrebben
átlendül,átpendül
átlobban,átrobban
átmeszel,átreszel
átpörget,átzörget
átpotyog,áttotyog
átrészel,átvészel
átrombol,áttombol
áttehető,átvehető
alákerül,alámerül
alakítás,alapítás
alakozás,alapozás
alakrajz,alaprajz
alálehet,alátehet
alámerít,aláterít
aláomlik,aláömlik
alásuhan,alázuhan
amodális,amorális
átbaktat,átbuktat
átbujtat,átbújtat
átfirkál,átfurkál
áthallat,áthullat
áthallik,áthullik
átharcol,áthurcol
átlebben,átlibben
átperdül,átpördül
átperget,átpörget
átreppen,átröppen
átreszel,átrészel
áttankol,áttunkol
áttérdel,áttördel
átvehető,átvihető
acélgömb,acéltömb
alálebeg,alálibeg
államtan,állattan
átbujtat,átbuktat
átcsorog,átcsurog
átfektet,átfestet
áthajlás,áthallás
áthajlik,áthallik
átmordul,átmozdul
átnyálaz,átnyilaz
átnyílik,átnyúlik
átpántol,átpártol
átpendül,átperdül
átpöcköl,átpörköl
átszárít,átszorít
átszegez,átszögez
átszokik,átszökik
átvágtat,átváltat
agyonhúz,agyonzúz
agyonrág,agyonvág
akkorról,akkortól
alácsöng,alácsüng
aláhajol,aláhatol
alátehet,alátemet
aláteker,aláteper
aranykor,aranypor
átcselez,átcserez
átcsobog,átcsorog
átcsöpög,átcsörög
átgörbül,átgördül
áthurcol,áthurkol
átkukkol,átkuksol
átszakad,átszalad
átszámít,átszárít
átszegez,átszemez
átszelel,átszerel
agyonrág,agyonrúg
agyonrág,agyonrúg
akasztás,akasztós
alácsügg,alácsüng
alálapol,alálapul
általhoz,általhúz
átképzés,átképzős
agyonrág,agyonráz
agyontöm,agyontör
akárhova,akárhová
akárminő,akármint
alkalmas,alkalmaz
általver,általvet
ammóniák,ammóniás
anomália,anomális
anyajogi,anyajogú
aranyhaj,aranyhal
aranyhíd,aranyhím
aránylag,aránylat
árnyalak,árnyalat
árnyékol,árnyékos
árnyékol,árnyékoz
árnyékos,árnyékoz
átbilleg,átbillen
átcsévél,átcsévéz
átformál,átformáz
átkeltet,átkeltez
átrendel,átrendez
átszámol,átszámoz
átszaval,átszavaz
átszerel,átszeret
oldatlan,áldatlan
ormányos,ármányos
ojtatlan,oltatlan
odábbáll,odébbáll
oldatlan,oltatlan
oldószer,oltószer
odadörög,odapörög
odadörög,odazörög
odaeszik,odaúszik
odaforog,odamorog
odagázol,odamázol
odagyújt,odanyújt
odahever,odakever
odajárat,odazárat
odakéret,odaméret
odakerít,odaterít
odakerül,odaterül
odalehet,odatehet
odaomlik,odaömlik
odapörög,odazörög
odasuhan,odazuhan
odatetet,odavetet
odalebeg,odalibeg
odarepít,odaröpít
odarepül,odaröpül
odaterít,odatérít
odavetet,odavitet
odabújik,odabúvik
odacibál,odacitál
odadöcög,odadörög
odagyújt,odagyűjt
odalegel,odalehel
odamásol,odamázol
odasuhog,odasusog
odatehet,odatemet
odatehet,odatetet
odatemet,odatetet
odaülhet,odaültet
odavetet,odavezet
olvasgat,olvastat
odakakál,odakakil
odaterel,odaterül
odavetet,odavetít
odafogad,odafogan
odafogad,odafogat
odafogan,odafogat
odakapar,odakapat
odalehel,odalehet
odamarad,odamarat
odasorol,odasoroz
odaterel,odaterem
országol,országos
őrvezető,úrvezető
őfelsége,őfensége
csaholás,csiholás
csáklyás,csuklyás
császkál,csúszkál
csattint,csettint
cselleng,csülleng
cseppent,csippent
csosszan,csusszan
csaholás,csapolás
csaholás,csatolás
csalódik,csapódik
csapolás,csatolás
csemegés,csepegés
csemegés,csevegés
csenkesz,cserkesz
csepegés,csevegés
családos,csalános
csapolás,csapozás
csattant,csattint
cserkesz,cserkész
csettent,csettint
csévélés,csévézés
csiperke,csipetke
csiripel,csirizel
csontház,csontváz
csavarás,csavaros
csepegés,csepegős
csáklyás,csáklyáz
családfa,családfő
csattanó,csattant
csavarog,csavaros
csavarog,csavaroz
csavaros,csavaroz
cserepes,cserepez
csibehúr,csibehús
csirizel,csirizes
csiszoló,csiszolt
csökkenő,csökkent
évelődik,ívelődik
élcsapat,elcsapat
élőmunka,ülőmunka
édesedik,élesedik
ékelődik,évelődik
ékítmény,építmény
érkezési,étkezési
értelmes,érzelmes
éppannyi,éppennyi
ételszag,éterszag
életkedv,életnedv
édesanya,édesatya
élesztés,élesztős
émelygés,émelygős
érzelgés,érzelgős
értelmes,értelmez
kényelem,fényelem
kegyelem,fegyelem
kegyelmi,fegyelmi
klastrom,flastrom
koszlott,foszlott
kőépület,főépület
kőlépcső,főlépcső
kallózik,tallózik
kelevény,televény
kenyeres,tenyeres
kerületi,területi
költöget,töltöget
kegyszer,vegyszer
kicsorgó,vicsorgó
kicsorog,vicsorog
kézműves,rézműves
kopogtat,ropogtat
koppanás,roppanás
köhécsel,röhécsel
kavargás,zavargás
kotyogás,lotyogás
kottyant,lottyant
kallózik,hallózik
kérgesít,mérgesít
kérgesül,mérgesül
kellékes,mellékes
koccanás,moccanás
kontíroz,montíroz
kotyogás,motyogás
kanyarog,sanyarog
kérelmez,sérelmez
kurrogás,surrogás
kokszoló,bokszoló
kallózás,pallózás
kattanás,pattanás
kottyant,pottyant
köszméte,pöszméte
korongol,dorongol
kurrogás,durrogás
kuruzsol,duruzsol
kellemes,jellemes
kadencia,kádencia
kakukkol,kikukkol
károkozó,kórokozó
kartársi,kortársi
kaszálás,kószálás
kézmunka,közmunka
kézműves,közműves
kifejtés,kőfejtés
kinyomat,kőnyomat
kioperál,kooperál
kortünet,kórtünet
kalászos,kanászos
kapargat,kavargat
kaparint,kavarint
kémkedés,kétkedés
kémkedik,kérkedik
kémkedik,kétkedik
kénszínű,kétszínű
kérkedik,kétkedik
keletlen,kenetlen
kibabrál,kizabrál
kibarmol,kikarmol
kiboltoz,kifoltoz
kibontat,kivontat
kibukkan,kipukkan
kiburkol,kihurkol
kicuppan,kihuppan
kidereng,kimereng
kidobban,kilobban
kidobban,kirobban
kidugdos,kirugdos
kidurran,kisurran
kidurrog,kisurrog
kidöccen,kipöccen
kidördül,kigördül
kidördül,kipördül
kifejlik,kirejlik
kifejlik,kisejlik
kiferdít,kiperdít
kiferdül,kiperdül
kiferdül,kiserdül
kifeszít,kiveszít
kiformáz,kinormáz
kifurkál,kiturkál
kifuttat,kijuttat
kigittel,kinittel
kigombol,kitombol
kigördül,kipördül
kigörget,kipörget
kihallat,kivallat
kihantol,kilantol
kiharcol,kikarcol
kiharcol,kisarcol
kihegyez,kijegyez
kihümmög,kizümmög
kikarcol,kisarcol
kikattan,kipattan
kikattog,kipattog
kikerget,kiperget
kikoppan,kitoppan
kikotyog,kilotyog
kikotyog,kipotyog
kikotyog,kitotyog
kikukkol,kirukkol
kiköltet,kitöltet
kiköltés,kitöltés
kilebben,kirebben
kilendít,kipendít
kilendül,kipendül
kilendül,kirendül
kilenget,kipenget
kilenget,kizenget
kilobban,kirobban
kilocsol,kipocsol
kilotyog,kipotyog
kilotyog,kitotyog
kilumpol,kipumpol
kiláncol,kisáncol
kiláncol,kitáncol
kilégzés,kivégzés
kilépdel,kitépdel
kilépked,kitépked
kilötyög,kipötyög
kilötyög,kizötyög
kimarkol,kiparkol
kimeszel,kireszel
kimállik,kipállik
kiosztat,kiúsztat
kipendül,kirendül
kipenget,kizenget
kiperdül,kiserdül
kipillog,kivillog
kipotyog,kitotyog
kipötyög,kizötyög
kirajtol,kisajtol
kirejlik,kisejlik
kirikolt,kisikolt
kisikkad,kitikkad
kisáncol,kitáncol
kitermel,kivermel
kocogtat,kopogtat
kodácsol,kopácsol
kodácsol,kovácsol
koldulás,kondulás
kopácsol,kovácsol
kökényes,kötényes
körbefog,közbefog
körbefűz,közbefűz
körbehúz,közbehúz
körbejár,közbejár
körbekap,közbekap
körbelép,közbelép
körbenéz,közbenéz
körberak,közberak
körbesír,közbesír
körbesző,közbesző
körbevág,közbevág
körbever,közbever
körbevet,közbevet
körbezár,közbezár
körlevél,kötlevél
körözött,kötözött
körpálya,közpálya
kalangya,kalongya
kalocsni,kalucsni
kapargál,kapirgál
karcolás,karmolás
képletes,képzetes
kéredzik,kérődzik
kiakaszt,kiapaszt
kibaktat,kibuktat
kibujtat,kibújtat
kidekkol,kidokkol
kiferdít,kifordít
kihallat,kihullat
kihallik,kihullik
kihantol,kihántol
kiharcol,kihurcol
kikaptat,kikoptat
kikaszál,kikószál
kikeltet,kiköltet
kilebben,kilibben
kiperdül,kipördül
kiperget,kipörget
kireppen,kiröppen
kitérdel,kitördel
kivehető,kivihető
kiékesít,kiélesít
közbefog,közrefog
közbekap,közrekap
közbezár,közrezár
közéleti,közületi
kuncorog,kunkorog
kibujtat,kibuktat
kicsahol,kicsihol
kicsorog,kicsurog
kifejlik,kifeslik
kifejtet,kifektet
kifejtet,kifestet
kifejtés,kifestés
kifektet,kifestet
kihajlik,kihallik
kihegyez,kihelyez
kiköltet,kiköttet
kiköpött,kikötött
kimondat,kimosdat
kinyilaz,kinyálaz
kinyílik,kinyúlik
kipadlóz,kipallóz
kipendít,kiperdít
kipendül,kiperdül
kipenget,kiperget
kipillog,kipislog
kipöcköl,kipörköl
kiszakít,kiszőkít
kiszegez,kiszögez
kiszeret,kiszűret
kiszokik,kiszökik
kiszorít,kiszárít
kiszórat,kiszúrat
kitervez,kitetvez
kitépdel,kitérdel
kivehető,kivezető
kivágtat,kiváltat
kontíroz,kontúroz
kötélzet,kötészet
közönség,közösség
kunyerál,kunyorál
kallódik,kallózik
kancsóka,kancsuka
kandidál,kandikál
keltetés,keltezés
keresget,kereslet
keresget,kerestet
kereslet,kerestet
kettyent,kettyint
kettérág,kettévág
kettétár,kettézár
kezdőlap,kezdőnap
kezelhet,kezeltet
kialakít,kialapít
kicsahol,kicsapol
kicsahol,kicsatol
kicsapol,kicsatol
kicselez,kicserez
kicsobog,kicsorog
kicsöpög,kicsörög
kísérget,kísérlet
kísérget,kísértet
kísérlet,kísértet
kifejlet,kifejtet
kifejlés,kifejtés
kifoldoz,kifoltoz
kiformáz,kiforráz
kigörbül,kigördül
kihangol,kihantol
kihurcol,kihurkol
kikarcol,kikarmol
kikellet,kikeltet
kiláncol,kilángol
kiporlik,kiporzik
kirajtol,kirajzol
kiszakad,kiszalad
kiszedet,kiszeret
kiszegel,kiszelel
kiszegel,kiszemel
kiszegel,kiszenel
kiszegel,kiszerel
kiszegez,kiszemez
kiszegez,kiszerez
kiszelel,kiszemel
kiszelel,kiszenel
kiszelel,kiszerel
kiszemel,kiszenel
kiszemel,kiszerel
kiszemez,kiszerez
kiszenel,kiszerel
kiszokik,kiszopik
kiszákol,kiszámol
kiszámít,kiszárít
kiszédül,kiszépül
kiterhel,kitermel
kiterhel,kitervel
kitermel,kitervel
kiutalás,kiutazás
kivermel,kiversel
körbefon,körbevon
körbefúr,körbetúr
körbefűz,körbetűz
körbeint,körbeönt
körbejár,körbezár
körberág,körbevág
körülint,körülönt
körüljár,körülzár
körüllép,körültép
körülrág,körülvág
közbeeső,közbenső
közbejár,közbezár
kutyabaj,kutyafaj
különjár,különvár
különjár,különzár
különvár,különzár
kalander,kalandor
kalocsai,kalocsni
kettérág,kettérúg
kettétár,kettétör
kihajtás,kihajtós
kipumpol,kipumpál
kirendel,kirendül
kiéleszt,kiélesít
kolompár,kolompér
körbefut,körbefűt
körbelép,körbelop
körbemar,körbemér
körbeölt,körbeönt
körülvet,körülvét
közbefőz,közbefűz
közbevet,közbevét
krónikás,krónikus
különlát,különlét
kakukkol,kakukkos
kalandor,kalandos
kalászol,kalászos
kapcsoló,kapcsolt
kárpitos,kárpitoz
kavicsol,kavicsos
kavicsol,kavicsoz
kavicsos,kavicsoz
képzeleg,képzelem
képzeleg,képzelet
képzelem,képzelet
készülék,készülés
kegyelem,kegyelet
kenyeres,kenyerez
kereseti,keresett
kereseti,keresetű
keresett,keresetű
kerítőné,kerítőnő
kibilleg,kibillen
kiformál,kiformáz
kigondol,kigondoz
kilocsog,kilocsol
kipuffad,kipuffan
kipukkad,kipukkan
kipólyál,kipólyáz
kirendel,kirendez
királyné,királynő
kiserked,kiserken
kiszaval,kiszavaz
kiszegel,kiszegez
kiszemel,kiszemez
kiszerel,kiszeret
kiszerel,kiszerez
kiszeret,kiszerez
kitervel,kitervez
kitépdel,kitépdes
kiviteli,kivitelű
kolompol,kolompos
kombinál,kombinát
korlátol,korlátoz
koszorús,koszorúz
kovászol,kovászos
körbefog,körbefon
körbefúj,körbefúr
körbefűt,körbefűz
körbevéd,körbevés
körbever,körbevet
körülfog,körülfon
körülvés,körülvét
közbever,közbevet
középtáj,középtáv
különvág,különvár
belföldi,felföldi
belsőség,felsőség
belülről,felülről
bennakad,fennakad
bennhagy,fennhagy
benntart,fenntart
bensőség,fensőség
beszeget,feszeget
barackos,tarackos
bekerget,tekerget
beleakad,teleakad
beleázik,teleázik
belecsap,telecsap
beleéget,teleéget
beleélve,teleélve
beleépít,teleépít
beleépül,teleépül
beleesik,teleesik
beleetet,teleetet
belefest,telefest
belegyűr,telegyűr
belehány,telehány
belehint,telehint
belehord,telehord
beleidéz,teleidéz
beleírat,teleírat
belemegy,telemegy
belenyom,telenyom
beleszar,teleszar
beleszed,teleszed
beleszív,teleszív
beleszór,teleszór
beleszúr,teleszúr
beletesz,teletesz
beletölt,teletölt
beleugat,teleugat
belevarr,televarr
belevesz,televesz
belezeng,telezeng
büntetés,tüntetés
bitorlás,vitorlás
bumlizik,rumlizik
babliszt,zabliszt
beadogat,leadogat
beakaszt,leakaszt
bealszik,lealszik
beáramol,leáramol
bebaktat,lebaktat
beballag,leballag
bebambul,lebambul
bebarmol,lebarmol
bebarnít,lebarnít
bebarnul,lebarnul
bebaszik,lebaszik
bebeszél,lebeszél
bebillen,lebillen
bebocsát,lebocsát
bebólint,lebólint
beborult,leborult
bebujtat,lebujtat
bebújtat,lebújtat
bebuktat,lebuktat
beburkol,leburkol
becammog,lecammog
becaplat,lecaplat
becentiz,lecentiz
beciánoz,leciánoz
becuppan,lecuppan
becsábít,lecsábít
becsapás,lecsapás
becsapat,lecsapat
becsapol,lecsapol
becsatol,lecsatol
becsavar,lecsavar
becselez,lecselez
becsepeg,lecsepeg
becserél,lecserél
becsévél,lecsévél
becsigáz,lecsigáz
becsinál,lecsinál
becsókol,lecsókol
becsomóz,lecsomóz
becsorog,lecsorog
becsődül,lecsődül
becsöpög,lecsöpög
becsörög,lecsörög
becsukat,lecsukat
becsumáz,lecsumáz
becsurog,lecsurog
bedermed,ledermed
bedicsér,ledicsér
bediktál,lediktál
bedobban,ledobban
bedokkol,ledokkol
bedöbben,ledöbben
bedöglik,ledöglik
bedöndül,ledöndül
bedönget,ledönget
bedöngöl,ledöngöl
bedörgöl,ledörgöl
bedrótoz,ledrótoz
bedurran,ledurran
bedurvít,ledurvít
beénekel,leénekel
beépítés,leépítés
beereget,leereget
beereszt,leereszt
beernyőz,leernyőz
beerősít,leerősít
befalcol,lefalcol
befásliz,lefásliz
befejtet,lefejtet
befektet,lefektet
befényez,lefényez
befenyít,lefenyít
beferdít,leferdít
befertőz,lefertőz
befestet,lefestet
befeszít,lefeszít
befeszül,lefeszül
befigyel,lefigyel
befingik,lefingik
befirkál,lefirkál
befoglal,lefoglal
befolyás,lefolyás
befolyat,lefolyat
befolyik,lefolyik
befordít,lefordít
befordul,lefordul
beforgat,leforgat
beformáz,leformáz
beforral,leforral
beföldel,leföldel
befullad,lefullad
befuttat,lefuttat
befürdet,lefürdet
befürdik,lefürdik
befüstöl,lefüstöl
befütyül,lefütyül
begerjed,legerjed
begittel,legittel
begombol,legombol
begondol,legondol
begörbed,legörbed
begörbít,legörbít
begörbül,legörbül
begördít,legördít
begördül,legördül
begörget,legörget
beguggol,leguggol
begyaláz,legyaláz
begyalul,legyalul
begyötör,legyötör
begyűrűz,legyűrűz
behabzik,lehabzik
behajlás,lehajlás
behajlik,lehajlik
behajlít,lehajlít
behajtat,lehajtat
behangol,lehangol
behantol,lehantol
behányat,lehányat
beharcol,leharcol
beharsog,leharsog
behátrál,lehátrál
behelyez,lehelyez
behibban,lehibban
behirdet,lehirdet
behordás,lehordás
behordat,lehordat
behullik,lehullik
behuppan,lehuppan
behurcol,lehurcol
behúzgál,lehúzgál
behúzkod,lehúzkod
behülyít,lehülyít
behülyül,lehülyül
beidőzít,leidőzít
beigazít,leigazít
beigazol,leigazol
beíródik,leíródik
beírogat,leírogat
bejáratú,lejáratú
bejárkál,lejárkál
bejártat,lejártat
bejegyez,lejegyez
bejelent,lejelent
bejuttat,lejuttat
bekacsol,lekacsol
bekapkod,lekapkod
bekarcol,lekarcol
bekarmol,lekarmol
bekaszál,lekaszál
bekattan,lekattan
bekémlel,lekémlel
beképzel,leképzel
bekérdez,lekérdez
bekerget,lekerget
bekészít,lekészít
bekészül,lekészül
beketyeg,leketyeg
bekiabál,lekiabál
bekísért,lekísért
bekoldul,lekoldul
bekonyul,lekonyul
bekoppan,lekoppan
bekoptat,lekoptat
bekorhad,lekorhad
bekószál,lekószál
bekottáz,lekottáz
beköpdös,leköpdös
beköpköd,leköpköd
bekörmöl,lekörmöl
beköszön,leköszön
beköttet,leköttet
bekrétáz,lekrétáz
bekullog,lekullog
bekussol,lekussol
bekúszik,lekúszik
beküldet,leküldet
belágyul,lelágyul
belakkoz,lelakkoz
belámpáz,lelámpáz
beláncol,leláncol
belankad,lelankad
belassít,lelassít
belassul,lelassul
belebben,lelebben
belendít,lelendít
belendül,lelendül
belépdel,lelépdel
belépked,lelépked
beleplez,leleplez
beléptet,leléptet
belibben,lelibben
belocsol,lelocsol
belökdös,lelökdös
bemálház,lemálház
bemászik,lemászik
bemattol,lemattol
bemélyed,lemélyed
bemélyít,lemélyít
bemélyül,lemélyül
bementet,lementet
bemérgez,lemérgez
bemeszel,lemeszel
bemintáz,lemintáz
bemondás,lemondás
bemondat,lemondat
bemosdik,lemosdik
bemozdul,lemozdul
bemozgat,lemozgat
bemunkál,lemunkál
benagyít,lenagyít
benulláz,lenulláz
benyakal,lenyakal
benyálaz,lenyálaz
benyilaz,lenyilaz
benyílik,lenyílik
benyomat,lenyomat
benyomul,lenyomul
beolajoz,leolajoz
beolvasó,leolvasó
beoperál,leoperál
beözönöl,leözönöl
beparkol,leparkol
bepaskol,lepaskol
bepattan,lepattan
bepattog,lepattog
beperdül,leperdül
beperkál,leperkál
bepingál,lepingál
bepontoz,lepontoz
bepotyog,lepotyog
bepöcköl,lepöcköl
bepördül,lepördül
bepörget,lepörget
bepörköl,lepörköl
bepötyög,lepötyög
bepötyög,lepötyög
beprémez,leprémez
beprésel,leprésel
bepróbál,lepróbál
bepumpál,lepumpál
bepuszil,lepuszil
berácsoz,lerácsoz
beragyog,leragyog
berajzik,lerajzik
berajzol,lerajzol
beráncol,leráncol
berándul,lerándul
berángat,lerángat
berendel,lerendel
berendez,lerendez
bereszel,lereszel
beriaszt,leriaszt
berobban,lerobban
berombol,lerombol
beromlik,leromlik
berondít,lerondít
beroppan,leroppan
beroskad,leroskad
berothad,lerothad
beröffen,leröffen
berögzít,lerögzít
berögzül,lerögzül
beröppen,leröppen
beröptet,leröptet
beruccan,leruccan
berugdal,lerugdal
berugdos,lerugdos
berúgtat,lerúgtat
besajtol,lesajtol
besáncol,lesáncol
besandít,lesandít
besárgít,lesárgít
besárgul,lesárgul
beseggel,leseggel
besiklat,lesiklat
besiklik,lesiklik
besmárol,lesmárol
besóhajt,lesóhajt
besokkol,lesokkol
bespórol,lespórol
besrófol,lesrófol
besuhint,lesuhint
besúlyoz,lesúlyoz
besurran,lesurran
besuttog,lesuttog
besüpped,lesüpped
beszakad,leszakad
beszakít,leszakít
beszalad,leszalad
beszálló,leszálló
beszámít,leszámít
beszámol,leszámol
beszámoz,leszámoz
beszárad,leszárad
beszarik,leszarik
beszárít,leszárít
beszavaz,leszavaz
beszedet,leszedet
beszédít,leszédít
beszédül,leszédül
beszegel,leszegel
beszegez,leszegez
beszemez,leszemez
beszerel,leszerel
beszeret,leszeret
beszerez,leszerez
beszíjaz,leszíjaz
beszitál,leszitál
beszívat,leszívat
beszokik,leszokik
beszólít,leszólít
beszopat,leszopat
beszorít,leszorít
beszorul,leszorul
beszögez,leszögez
beszökik,leszökik
beszőkít,leszőkít
beszőkül,leszőkül
beszúrat,leszúrat
beszűkít,leszűkít
beszűköl,leszűköl
beszűkül,leszűkül
betaglóz,letaglóz
betáncol,letáncol
betapint,letapint
betapsol,letapsol
betaszít,letaszít
betekint,letekint
betérdel,letérdel
beteremt,leteremt
beterhel,leterhel
beterjed,leterjed
betermel,letermel
betervez,letervez
betesped,letesped
betettet,letettet
betiltás,letiltás
betiltat,letiltat
betompul,letompul
betoppan,letoppan
betorkol,letorkol
betorzít,letorzít
betorzul,letorzul
betotyog,letotyog
betöltet,letöltet
betömköd,letömköd
betördel,letördel
betörtet,letörtet
betunkol,letunkol
betűzdel,letűzdel
beúsztat,leúsztat
beutazik,leutazik
beütődik,leütődik
beütöget,leütöget
beüzemel,leüzemel
bevackol,levackol
bevagdal,levagdal
bevagdos,levagdos
bevágtat,levágtat
beváltás,leváltás
beváltat,leváltat
bevegyít,levegyít
beverdes,leverdes
bevérzik,levérzik
beveszik,leveszik
bevezető,levezető
bevillan,levillan
bevilláz,levilláz
bevillog,levillog
bevontat,levontat
bezajlik,lezajlik
bezökken,lezökken
bezötyög,lezötyög
bezuhint,lezuhint
bezüllik,lezüllik
bezsákol,lezsákol
bezsaluz,lezsaluz
bezsarol,lezsarol
bezsebel,lezsebel
bezsíroz,lezsíroz
balfogás,halfogás
bosszant,hosszant
begerjed,megerjed
belenget,melenget
bűvészet,művészet
bokszoló,kokszoló
burukkol,curukkol
baraboly,garaboly
bátorság,botorság
becsúszó,búcsúszó
békanyál,bikanyál
belistáz,bélistáz
bérmunka,bőrmunka
berukkol,burukkol
borszagú,bőrszagú
bebarmol,bekarmol
beberreg,bekerreg
beboltoz,befoltoz
beburkol,behurkol
becakkoz,belakkoz
becinkel,belinkel
becuppan,behuppan
bedereng,belereng
bedobban,belobban
bedobban,berobban
bedokkol,besokkol
bedördül,begördül
bedördül,bepördül
bedugdos,berugdos
bedugdos,besugdos
bedurran,besurran
bedülled,befülled
beferdül,beperdül
befeszül,beleszül
befoldoz,betoldoz
beformáz,benormáz
befuttat,bejuttat
begerjed,beterjed
begittel,benittel
begombol,berombol
begördül,bepördül
begörget,bepörget
begörget,bezörget
behajlik,bezajlik
beharcol,bekarcol
bejegyez,belegyez
bekattan,bepattan
bekattog,bepattog
bekoppan,beroppan
bekoppan,betoppan
bekotyog,bepotyog
bekotyog,betotyog
beköpdös,beröpdös
bekrémez,beprémez
bekukkol,berukkol
beláncol,beráncol
beláncol,besáncol
beláncol,betáncol
beleázik,beteázik
belégzés,bevégzés
belenget,bezenget
beleszel,bemeszel
beleszel,bereszel
belobban,berobban
belötyög,bepötyög
belötyög,bepötyög
belötyög,bezötyög
belsőleg,bensőleg
belsőség,bensőség
bemarkol,beparkol
bemeszel,bereszel
beosztat,beúsztat
bepotyog,betotyog
bepörget,bezörget
bepötyög,bezötyög
bepötyög,bezötyög
berajtol,besajtol
beráncol,besáncol
beráncol,betáncol
beroppan,betoppan
berugdos,besugdos
besáncol,betáncol
besuhint,bezuhint
betermel,bevermel
bodrosít,bokrosít
bogernyő,boternyő
bujdosik,bukdosik
bánkódás,bántódás
bánkódik,bántódik
bebaktat,bebuktat
bebujtat,bebújtat
beédesít,beélesít
beferdít,befordít
behányat,behunyat
beharcol,behurcol
bekaszál,bekószál
belebben,belibben
bepárzik,beporzik
beperdül,bepördül
berángat,beringat
bereppen,beröppen
bespékel,beszékel
betankol,betunkol
betérdel,betördel
bólingat,bólongat
bombaszt,bomlaszt
bebujtat,bebuktat
becsapol,becsápol
becsorog,becsurog
bedöndül,bedördül
bedöngöl,bedörgöl
befejtet,befektet
befejtet,befestet
befektet,befestet
belebont,beleront
beleéget,belenget
beleéget,beleüget
beleetet,beleétet
belehaló,belevaló
belehisz,belevisz
belekölt,beletölt
belenget,beleüget
beleörül,beleőrül
beleörül,beleürül
beleőrül,beleürül
belerejt,belesejt
belereng,belezeng
beletesz,belevesz
bemakkol,bemarkol
benyálaz,benyilaz
benyílik,benyúlik
beparkol,bepaskol
beparkol,bepaukol
bepaskol,bepaukol
bepolcol,beponcol
bepöcköl,bepörköl
beszakít,beszőkít
beszakít,beszűkít
beszárít,beszorít
beszegez,beszögez
beszokik,beszökik
beszórat,beszúrat
beszőkít,beszűkít
beszőkül,beszűkül
betoppan,betorpan
betöltet,betörtet
bevágtat,beváltat
bevégzés,bevérzés
becsapol,becsatol
becsöpög,becsörög
befoldoz,befoltoz
begörbít,begördít
begörbül,begördül
behajlás,behajtás
behangol,behantol
behurcol,behurkol
bekarcol,bekarmol
beláncol,belángol
beleéget,beleétet
beleékez,beleérez
belefagy,belefogy
belehány,belehuny
belekezd,beleküzd
beleömöl,beleötöl
beleráng,belereng
beleránt,beleront
belesejt,belesújt
belevesz,belevész
belevesz,belevisz
belevész,belevisz
berajtol,berajzol
beszakad,beszalad
beszámít,beszárít
beszedet,beszeget
beszedet,beszeret
beszegel,beszerel
beszeget,beszeret
beszegez,beszemez
beszegez,beszerez
beszemez,beszerez
beterhel,betermel
beutalás,beutazás
bevontat,bevonzat
beárasít,beáraszt
becsődöl,becsődül
beigazol,beigazul
belecsap,belecsíp
belegyúr,belegyűr
beleküld,beleküzd
belenyal,belenyúl
beleőröl,beleőrül
beleszar,beleszór
beleszar,beleszúr
beleszar,beleszűr
beleszel,beleszól
beleszel,beleszül
beleszól,beleszül
beleszór,beleszúr
beleszór,beleszűr
beleszúr,beleszűr
beleutal,beleutál
beszűköl,beszűkül
bóbiskál,bóbiskol
borongás,borongós
barázdál,barázdás
beáraszd,beáraszt
bebilleg,bebillen
beforrad,beforral
begondol,begondoz
bejárati,bejáratú
beleakad,beleakar
belebong,belebont
belecsal,belecsap
beledöng,beledönt
beleékel,beleékez
belehall,belehaló
beleráng,beleránt
beleszab,beleszar
beleszed,beleszeg
beleszed,beleszel
beleszeg,beleszel
beleszól,beleszór
bélistás,bélistáz
bélyeges,bélyegez
benyeled,benyelez
bepolcol,bepolcoz
bepólyál,bepólyáz
berendel,berendez
beszámol,beszámoz
beszegel,beszeget
beszegel,beszegez
beszeget,beszegez
beszerel,beszeret
beszerel,beszerez
beszeret,beszerez
bibeszáj,bibeszál
bibeszáj,bibeszár
bibeszál,bibeszár
birtokol,birtokos
búzaszál,búzaszár
ügyesség,egyesség
ügyetlen,egyetlen
ülőfürdő,előfürdő
ülőmunka,élőmunka
ütemterv,üzemterv
üveggomb,üveggömb
utilizál,stilizál
uszályos,aszályos
urológus,prológus
utánafúr,utánatúr
utánaint,utánaönt
utánahoz,utánahúz
utánakap,utánaköp
utánatör,utánatúr
utánafúj,utánafúl
utánafúj,utánafúr
utánafúl,utánafúr
utánaköp,utánaköt
célvonal,félvonal
cuppanós,huppanós
curukkol,burukkol
célvonal,délvonal
cégtábla,jégtábla
cégszerű,célszerű
cégtábla,céltábla
cilicium,cilícium
cementál,cementel
célvonal,célvonat
cementel,cementez
cingulum,cingulus
citromfa,citromfű
zsinóros,zsinóroz
görgeteg,förgeteg
geológia,teológia
geológus,teológus
gerjedez,terjedez
gerjeszt,terjeszt
gégészet,régészet
gázrózsa,lázrózsa
gomolyog,somolyog
garaboly,baraboly
gályázik,pályázik
göndörít,pöndörít
gázfűtés,gőzfűtés
gázkamra,gőzkamra
gégészet,gépészet
gardíroz,garníroz
granulál,gratulál
gombázik,gombozik
gondolás,gondozás
gomolyag,gomolyog
galvános,galvánoz
gubancol,gubancos
permetes,termetes
porlaszt,torlaszt
prüszköl,trüszköl
purizmus,turizmus
páratlan,váratlan
pipacsos,ripacsos
páratlan,záratlan
pendülés,zendülés
pendülés,lendülés
pottyant,lottyant
parkíroz,markíroz
percegés,sercegés
perdülés,serdülés
pallózás,kallózás
pattanás,kattanás
pottyant,kottyant
pöszméte,köszméte
prológus,urológus
pályázik,gályázik
pöndörít,göndörít
pöcögtet,döcögtet
páratlan,járatlan
párosító,pirosító
pápaszem,pávaszem
pendülés,perdülés
párnázat,pártázat
pianista,piarista
pályabér,pályatér
pentagon,pentaton
puffadás,puffanás
pattogás,pattogós
pityókás,pityókos
puffanás,puffancs
pufferel,pufferol
palackos,palackoz
palántál,palántáz
panaszol,panaszos
páncélos,páncéloz
paprikás,paprikáz
paranoia,paranoid
pecsétel,pecsétes
permeteg,permetes
permeteg,permetez
permetes,permetez
pletykál,pletykás
pókhálós,pókhálóz
publikum,publikus
délvonal,félvonal
dülleszt,fülleszt
derített,terített
dermeszt,termeszt
drabális,trabális
dagályos,ragályos
dagasztó,ragasztó
dedukció,redukció
deformál,reformál
deklamál,reklamál
dezignál,rezignál
diadalom,riadalom
dobbanás,robbanás
dobbantó,robbantó
dörömböl,zörömböl
dörrenés,zörrenés
dobbanás,lobbanás
dobogtat,lobogtat
dentális,mentális
derített,merített
daraboló,saraboló
durrogás,surrogás
dorongol,korongol
durrogás,kurrogás
duruzsol,kuruzsol
délvonal,célvonal
döcögtet,pöcögtet
dalolász,danolász
dalolgat,danolgat
deklamál,deklarál
didergés,didergős
dédszüle,dédszülő
doktorné,doktornő
dörzsölő,dörzsölt
dunsztol,dunsztos
számbeli,szembeli
számjegy,szemjegy
szárítás,szorítás
szegezés,szögezés
szenesít,színesít
sziszegő,szószegő
szóródás,szúródás
szóródik,szúródik
szabatos,szavatos
szagosít,szakosít
szakaszt,szalaszt
szakozik,szarozik
számadás,száradás
számítás,szárítás
szédeleg,szépeleg
szédítés,szépítés
szegezés,szemezés
szelelés,szerelés
szeletel,szemetel
szénaláz,szétaláz
szénázik,szétázik
szuterén,szuverén
szünetel,szüretel
szemereg,szemüreg
szétbont,szétront
szétfagy,széthagy
széthánt,szétránt
széttesz,szétvesz
szabados,szabatos
számolás,számozás
szavalás,szavazás
szavalat,szavazat
szemüreg,szemüveg
széthánt,széthint
szétránt,szétront
szétvesz,szétvisz
szívódik,szívózik
szalonka,szalonna
szédülés,szédülős
szélesít,széleszt
szétcsap,szétcsíp
szétfejt,szétfest
szétnyal,szétnyúl
szétnyer,szétnyír
szétszel,szétszól
szinkron,szinkrón
szótáraz,szótároz
szájtáti,szájtátó
szakadár,szakadás
szalagos,szalagoz
szamaras,szamaraz
szárnyal,szárnyas
szárnyal,szárnyaz
szárnyas,szárnyaz
szavatol,szavatos
szellemi,szellemű
szembeli,szembelő
szemcsés,szemcséz
szemetel,szemetes
szennyes,szennyez
szerelék,szerelés
széthánt,széthány
szétnyer,szétnyes
szétnyúl,szétnyúz
szétszed,szétszel
szétszól,szétszór
szétváló,szétvált
színezék,színezés
szkennel,szkenner
szövegel,szöveges
szövegel,szövegez
szöveges,szövegez
jelképez,felképez
jelöltet,felöltet
juttatás,futtatás
járatlan,váratlan
jajongás,rajongás
jódlizik,ródlizik
jajongás,zajongás
járatlan,záratlan
jégréteg,légréteg
jégtömlő,légtömlő
jellemes,kellemes
jégtábla,cégtábla
járatlan,páratlan
javallat,javaslat
jelenség,jelesség
javítgat,javíttat
jelentés,jelentős
jövőbeli,jövőbeni
juhászat,juhászít
jelképes,jelképez
jellemes,jellemez
