fejesedik,tejesedik
festetlen,testetlen
fokozódik,tokozódik
foldozgat,toldozgat
fókabunda,rókabunda
fenekedik,menekedik
farkatlan,sarkatlan
futópálya,autópálya
fegyelmez,kegyelmez
fenekedik,kenekedik
fénytelen,kénytelen
fennforog,bennforog
fennlakik,bennlakik
fennmarad,bennmarad
fennragad,bennragad
fodorodik,bodorodik
folyócska,golyócska
fontosság,pontosság
félsziget,délsziget
felmondat,jelmondat
facsoport,főcsoport
falbontás,felbontás
falnivaló,félnivaló
falépítés,felépítés
fatemplom,főtemplom
federáció,föderáció
fegyelmez,figyelmez
feladogat,föladogat
feladódik,föladódik
felakaszt,fölakaszt
felbaktat,fölbaktat
felballag,fölballag
felbecsül,fölbecsül
felberreg,fölberreg
felbillen,fölbillen
felbiztat,fölbiztat
felbocsát,fölbocsát
felbomlik,fölbomlik
felboncol,fölboncol
felbontat,fölbontat
felborzad,fölborzad
felborzol,fölborzol
felbugyog,fölbugyog
felbujtat,fölbujtat
felbukkan,fölbukkan
felbuzdul,fölbuzdul
felbőszít,fölbőszít
felbőszül,fölbőszül
felböffen,fölböffen
felbömböl,fölbömböl
felcammog,fölcammog
felcaplat,fölcaplat
felcifráz,fölcifráz
felcsatol,fölcsatol
felcsavar,fölcsavar
felcserél,fölcserél
felcsigáz,fölcsigáz
felcsihol,fölcsihol
felcsinál,fölcsinál
felcsévél,fölcsévél
felcsíkoz,fölcsíkoz
felcsókol,fölcsókol
felcsődít,fölcsődít
felcímkéz,fölcímkéz
feldajkál,földajkál
feldereng,földereng
feldicsér,földicsér
feldiktál,földiktál
feldobban,földobban
feldrótoz,földrótoz
felduzzad,földuzzad
feldíszít,földíszít
feldöngöl,földöngöl
felemészt,fölemészt
felereget,fölereget
felereszt,fölereszt
felerősít,fölerősít
feleszmél,föleszmél
felfektet,fölfektet
felfeslik,fölfeslik
felfeszít,fölfeszít
felfeszül,fölfeszül
felfigyel,fölfigyel
felfordul,fölfordul
felfordít,fölfordít
felforgat,fölforgat
felforral,fölforral
felfuttat,fölfuttat
felfényez,fölfényez
felfércel,fölfércel
felförmed,fölförmed
felfütyül,fölfütyül
felgerjed,fölgerjed
felgombol,fölgombol
felgondol,fölgondol
felguggol,fölguggol
felgyűlik,fölgyűlik
felgyűrűz,fölgyűrűz
felgörbül,fölgörbül
felgördül,fölgördül
felgörget,fölgörget
felhabzik,fölhabzik
felhajlik,fölhajlik
felhajlít,fölhajlít
felhalmoz,fölhalmoz
felhangol,fölhangol
felhangoz,fölhangoz
felhangzó,félhangzó
felhantol,fölhantol
felharsan,fölharsan
felharsog,fölharsog
felheccel,fölheccel
felhelyez,fölhelyez
felhergel,fölhergel
felhizlal,fölhizlal
felhorgad,fölhorgad
felhorkan,fölhorkan
felhuppan,fölhuppan
felhurcol,fölhurcol
felhördül,fölhördül
felhörpöl,fölhörpöl
felhúzkod,fölhúzkod
felijeszt,fölijeszt
feliratoz,föliratoz
feljajdul,följajdul
feljajgat,följajgat
feljajong,följajong
feljegyez,följegyez
feljelent,följelent
feljuttat,följuttat
felkajtat,fölkajtat
felkapdos,fölkapdos
felkapkod,fölkapkod
felkaptat,fölkaptat
felkarcol,fölkarcol
felkattan,fölkattan
felkeltet,fölkeltet
felkerget,fölkerget
felkiabál,fölkiabál
felkoncol,fölkoncol
felkrákog,fölkrákog
felkuncog,fölkuncog
felkuszál,fölkuszál
felkérdez,fölkérdez
felkészít,fölkészít
felkészül,fölkészül
felkísért,fölkísért
felködlik,fölködlik
felköszön,fölköszön
felköttet,fölköttet
felkúszik,fölkúszik
felküldet,fölküldet
fellebben,föllebben
fellebbez,föllebbez
fellendít,föllendít
fellendül,föllendül
fellibben,föllibben
fellobban,föllobban
fellocsol,föllocsol
felláncol,fölláncol
fellángol,föllángol
fellépdel,föllépdel
fellépked,föllépked
felléptet,fölléptet
fellökdös,föllökdös
fellövell,föllövell
fellüktet,föllüktet
felmagzik,fölmagzik
felmarkol,fölmarkol
felmentet,fölmentet
felmondat,félmondat
felmondat,fölmondat
felmordul,fölmordul
felmosdat,fölmosdat
felmozdul,fölmozdul
felmálház,fölmálház
felmászik,fölmászik
felnagyít,fölnagyít
felneszel,fölneszel
felnyerít,fölnyerít
felnyihog,fölnyihog
felnyomat,fölnyomat
felnyomul,fölnyomul
felnyílik,fölnyílik
felnégyel,fölnégyel
felokosít,fölokosít
feloszlat,föloszlat
feloszlik,föloszlik
felpattan,fölpattan
felpaukol,fölpaukol
felpeckel,fölpeckel
felpendül,fölpendül
felperget,fölperget
felpezseg,fölpezseg
felpingál,fölpingál
felpirkad,fölpirkad
felpislog,fölpislog
felpolcol,fölpolcol
felpontoz,fölpontoz
felporzik,fölporzik
felprédál,fölprédál
felprésel,fölprésel
felpróbál,fölpróbál
felpuffad,fölpuffad
felpukkad,fölpukkad
felpukkan,fölpukkan
felpumpál,fölpumpál
felpárnáz,fölpárnáz
felpöcköl,fölpöcköl
felpördül,fölpördül
felpörget,fölpörget
felpüffed,fölpüffed
felragyog,fölragyog
felrajzik,fölrajzik
felrajzol,fölrajzol
felrebben,fölrebben
felrendel,fölrendel
felreppen,fölreppen
felretten,fölretten
felrezzen,fölrezzen
felriaszt,fölriaszt
felrikolt,fölrikolt
felritkul,fölritkul
felrobban,fölrobban
felruccan,fölruccan
felráncol,fölráncol
felrándul,fölrándul
felrángat,fölrángat
felrémlik,fölrémlik
felrögzít,fölrögzít
felröppen,fölröppen
felsajdul,fölsajdul
felsandít,fölsandít
felsarjad,fölsarjad
felsejlik,fölsejlik
felsejtet,fölsejtet
felsercen,fölsercen
felserdül,fölserdül
felserken,fölserken
felsiklik,fölsiklik
felsikolt,fölsikolt
felsrófol,fölsrófol
felszagol,fölszagol
felszakad,fölszakad
felszakít,fölszakít
felszalad,fölszalad
felszedet,fölszedet
felszegel,fölszegel
felszegez,fölszegez
felszepeg,fölszepeg
felszerel,fölszerel
felszokik,fölszokik
felszoroz,fölszoroz
felszámol,fölszámol
felszámít,fölszámít
felszárad,fölszárad
felszárít,fölszárít
felszívat,fölszívat
felszólal,fölszólal
felszólít,fölszólít
felszögez,fölszögez
felszökik,fölszökik
felsóhajt,fölsóhajt
feltankol,föltankol
feltaszít,föltaszít
feltekint,föltekint
feltotyog,föltotyog
felturkál,fölturkál
feltáncol,föltáncol
feltáplál,föltáplál
feltépked,föltépked
feltérdel,föltérdel
feltüntet,föltüntet
felujjong,fölujjong
felutazik,fölutazik
felvagdal,fölvagdal
felvagdos,fölvagdos
felvarrat,fölvarrat
felveszik,fölveszik
felvezető,félvezető
felvibrál,fölvibrál
felvigyáz,fölvigyáz
felvijjog,fölvijjog
felvillan,fölvillan
felvilláz,fölvilláz
felvirrad,fölvirrad
felvonyít,fölvonyít
felvágtat,fölvágtat
felvállal,fölvállal
felvértez,fölvértez
felvérzik,fölvérzik
felzaklat,fölzaklat
felzargat,fölzargat
felzendül,fölzendül
felzörget,fölzörget
felzümmög,fölzümmög
felékesít,fölékesít
feléleszt,föléleszt
felénekel,fölénekel
felírogat,fölírogat
felíródik,fölíródik
felúsztat,fölúsztat
felülcsap,fölülcsap
felülemel,fölülemel
felületes,fölületes
felületet,fölületet
felülnyom,fölülnyom
fenndobog,fönndobog
fennforog,fönnforog
fennmarad,fönnmarad
fennragad,fönnragad
félmondat,fölmondat
fejtartás,feltartás
freccsent,fröccsent
faragcsál,farigcsál
felberreg,felkerreg
felbodroz,felfodroz
felbomlik,felromlik
felboncol,felkoncol
felbontat,felvontat
felbukkan,felmukkan
felbukkan,felpukkan
felburkol,felhurkol
felböffen,felröffen
felbökdös,fellökdös
felbújtat,felfújtat
felcsúfol,felzsúfol
felcukkol,felrukkol
feldereng,felmereng
feldobban,fellobban
feldobban,felrobban
feldördül,felgördül
feldördül,felhördül
feldördül,felpördül
felfeszít,felveszít
felfordul,felmordul
felfurkál,felturkál
felfuttat,feljuttat
felgerjed,felterjed
felgombol,felrombol
felgördül,felhördül
felgördül,felpördül
felgörget,felpörget
felgörget,felzörget
felhajlik,felzajlik
felhajtat,felkajtat
felhökken,felzökken
felhördül,felpördül
feljajdul,felsajdul
felkattan,felpattan
felkattog,felpattog
felkerget,felperget
felköltet,feltöltet
fellebben,felrebben
fellendít,felzendít
fellendül,felpendül
fellendül,felzendül
fellobban,felrobban
felláncol,felráncol
felláncol,feltáncol
fellépked,feltépked
felmarkol,felparkol
felmukkan,felpukkan
felneszel,felreszel
felosztat,felúsztat
felpendül,felzendül
felperdül,felserdül
felpörget,felzörget
felrejlik,felsejlik
felrikolt,felsikolt
felráncol,feltáncol
félbehagy,félrehagy
félbehajt,félrehajt
fölboncol,fölkoncol
fölbukkan,fölpukkan
földereng,fölkereng
földobban,föllobban
földobban,fölrobban
fölfejlik,fölsejlik
fölfordul,fölmordul
fölfuttat,följuttat
fölgördül,fölhördül
fölgördül,fölpördül
fölgörget,fölpörget
fölgörget,fölzörget
fölhördül,fölpördül
följajdul,fölsajdul
fölkattan,fölpattan
fölkerget,fölperget
föllebben,fölrebben
föllendül,fölpendül
föllendül,fölzendül
föllobban,fölrobban
fölláncol,fölráncol
fölláncol,föltáncol
föllépked,föltépked
fölmotyog,föltotyog
fölpendül,fölzendül
fölpörget,fölzörget
fölrikolt,fölsikolt
fölráncol,föltáncol
fürjészik,fürkészik
fantaziál,fantáziál
felbaktat,felbuktat
felbujtat,felbújtat
felemelés,feleselés
felereget,feleseget
felfirkál,felfurkál
felkeltet,felköltet
fellebben,fellibben
felperdül,felpördül
felperget,felpörget
felreppen,felröppen
felromlik,felrémlik
feltankol,feltunkol
feltérdel,feltördel
félreszeg,félrészeg
föllebben,föllibben
fölperget,fölpörget
fölreppen,fölröppen
felbomlik,felbotlik
felbujtat,felbuktat
felcaflat,felcaplat
felcsahol,felcsihol
feldöndül,feldördül
felfektet,felfestet
felkajtat,felkaptat
felköltet,felköttet
felmondat,felmosdat
felmordul,felmozdul
felnyilaz,felnyálaz
felnyílik,felnyúlik
felparkol,felpaskol
felparkol,felpaukol
felpaskol,felpaukol
felpendül,felperdül
felpántol,felpártol
felpöcköl,felpörköl
felszegez,felszögez
felszokik,felszökik
felszorít,felszárít
feltöltet,feltörtet
felvágtat,felváltat
félrehall,félrepall
félretesz,félrevesz
fölfejlik,fölfeslik
fölkajtat,fölkaptat
fölmondat,fölmosdat
fölmordul,fölmozdul
fölszegez,fölszögez
fölszokik,fölszökik
felcsahol,felcsatol
felcsipog,felcsivog
felgörbít,felgördít
felgörbül,felgördül
felhangol,felhantol
felhurcol,felhurkol
felkarcol,felkarmol
felláncol,fellángol
feloszlat,felosztat
feloszlás,felosztás
felpárnáz,felpártáz
felsercen,felserken
felszakad,felszalad
felszedet,felszeret
felszegel,felszelel
felszegel,felszerel
felszegez,felszemez
felszelel,felszerel
felszámít,felszárít
figyelget,figyeltet
forgópont,forgópánt
félrevesz,félrevisz
fölcsapol,fölcsatol
fölgörbül,fölgördül
fölhangol,fölhantol
fölláncol,föllángol
fölrángat,fölrántat
fölsercen,fölserken
fölszakad,fölszalad
fölszegel,fölszerel
fölszámít,fölszárít
fennhéjaz,fennhéjáz
félrenyal,félrenyel
félrenyal,félrenyúl
félrenyel,félrenyúl
fegyveres,fegyverez
felcsévél,felcsévéz
felhangol,felhangoz
feliratos,feliratoz
fellebben,fellebbez
felpolcol,felpolcoz
felpukkad,felpukkan
felrendel,felrendez
felserceg,felsercen
felszegel,felszegez
felszerel,felszeret
felszámol,felszámoz
felszínes,felszínez
felületes,felületet
figyelmes,figyelmez
forgalmas,forgalmaz
forgószék,forgószél
féloldali,féloldalt
fényképes,fényképez
fölhangol,fölhangoz
föllebben,föllebbez
fölpukkad,fölpukkan
fölszegel,fölszegez
fölületes,fölületet
függönyös,függönyöz
gyülemlik,gyüremlik
gyűretlen,gyűrűtlen
gyapjúsál,gyapjúsás
tejesedik,fejesedik
testetlen,festetlen
tokozódik,fokozódik
toldozgat,foldozgat
takarózik,vakarózik
tagozódik,ragozódik
tengerész,hengerész
tematikus,sematikus
tikkasztó,sikkasztó
tényszerű,kényszerű
teleaggat,beleaggat
teleaprít,beleaprít
teleböfög,beleböfög
teledalol,beledalol
teledobál,beledobál
teledudál,beledudál
teledúdol,beledúdol
teledumál,beledumál
teleélvez,beleélvez
teleenged,beleenged
teleeszik,beleeszik
telefarag,belefarag
telefésül,belefésül
telegyűjt,belegyűjt
telehímez,belehímez
telehízik,belehízik
teleiszik,beleiszik
teleizzad,beleizzad
telekajál,belekajál
telekakál,belekakál
telelehel,belelehel
teleliheg,beleliheg
telelődöz,belelődöz
telemázol,belemázol
telemerít,belemerít
telemerül,belemerül
telenevet,belenevet
teleoltat,beleoltat
teleordít,beleordít
telepakol,belepakol
telepisál,belepisál
telepisil,belepisil
teleragad,beleragad
telerakat,belerakat
telerámol,belerámol
teleszánt,beleszánt
teleterít,beleterít
teletojik,beletojik
teleugrál,beleugrál
teleültet,beleültet
teleüvölt,beleüvölt
telezabál,belezabál
telezokog,belezokog
telezúdít,belezúdít
tárolódik,párolódik
tipológia,topológia
tájolódik,tárolódik
teakonyha,tejkonyha
térképzet,tévképzet
tömörödik,töpörödik
tokásodik,tokosodik
túlfuttat,túljuttat
túlgerjed,túlterjed
túlgörget,túlpörget
túlrikolt,túlsikolt
túrosodik,túrósodik
tagolódik,tagozódik
teleeszik,teleiszik
telemerít,teleterít
túlbecsül,túlböcsül
túlédesít,túlélesít
tovalebeg,tovalibeg
tovarepít,tovaröpít
tovarepül,tovaröpül
túlnyílik,túlnyúlik
túlparkol,túlpatkol
túlszárít,túlszorít
teledudál,teledumál
telekajál,telekakál
továbbfon,továbbvon
továbbfut,továbbjut
továbbint,továbbont
továbbjár,továbbzár
továbbmer,továbbver
túltercel,túlterhel
túltercel,túltermel
túlterhel,túltermel
technikás,technikus
telepisál,telepisil
továbbfőz,továbbfűz
továbbhál,továbbhűl
továbbhoz,továbbhúz
továbblep,továbblép
továbblep,továbblop
továbblép,továbblop
továbbolt,továbbont
tapasztal,tapasztat
tartalmas,tartalmaz
technikum,technikus
templomos,templomoz
tiszteleg,tisztelet
tízszeres,tízszerez
továbbfúj,továbbfúr
trombitál,trombitás
túlformál,túlformáz
túlgondol,túlgondoz
túlrendel,túlrendez
irányszám,arányszám
ihatatlan,óhatatlan
itthonlét,otthonlét
izmaelita,izraelita
ideböffen,ideröffen
ilyenféle,ilyesféle
idegenség,idegesség
ideszegez,ideszögez
ideszokik,ideszökik
igyekezik,igyekszik
intézmény,intézvény
ideszakad,ideszalad
iderendel,iderendez
internált,internáló
irattáros,irattároz
vakarózik,takarózik
vadászati,hadászati
valorizál,kalorizál
verekedik,kerekedik
vicsorgat,kicsorgat
veleérzés,beleérzés
vadmacska,vasmacska
velőborsó,vetőborsó
verekedik,vetekedik
világpiac,virágpiac
végbehajt,végrehajt
vetekedik,vetemedik
vetkeztet,vetkőztet
vonaljegy,vonatjegy
végigéget,végigüget
végigfejt,végiglejt
végighisz,végigvisz
végigleng,végigpeng
végigleng,végigreng
végigleng,végigzeng
végigpeng,végigreng
végigpeng,végigzeng
végigreng,végigzeng
végigtesz,végigvesz
verselget,versenget
vonalazás,vonalozás
végbevesz,végbevisz
végigsíel,végigszel
végigvesz,végigvisz
visszabír,visszasír
visszabök,visszalök
visszabúg,visszarúg
visszabúg,visszasúg
visszabúj,visszafúj
visszadűl,visszahűl
visszafér,visszakér
visszafér,visszamér
visszafér,visszatér
visszafon,visszavon
visszafúr,visszatúr
visszafut,visszajut
visszafűz,visszatűz
visszahív,visszavív
visszaint,visszaönt
visszajár,visszavár
visszajár,visszazár
visszakér,visszamér
visszakér,visszatér
visszalép,visszatép
visszamer,visszaver
visszamér,visszatér
visszaolt,visszaölt
visszarág,visszavág
visszarúg,visszasúg
visszavár,visszazár
válogatás,válogatós
végigcsap,végigcsíp
végigfejt,végigfest
végigküld,végigküzd
végignyal,végignyel
végignyal,végignyúl
végignyel,végignyúl
végiggyúr,végiggyűr
verekedés,verekedős
visszadől,visszadűl
visszafáj,visszafej
visszafáj,visszafúj
visszafej,visszafúj
visszafér,visszafúr
visszafőz,visszafűz
visszahal,visszahűl
visszahat,visszahűt
visszahoz,visszahúz
visszakap,visszaköp
visszalép,visszalop
visszamar,visszamer
visszamar,visszamér
visszamer,visszamér
visszaölt,visszaönt
visszarág,visszarúg
visszatér,visszatör
visszatér,visszatúr
visszatér,visszatűr
visszatör,visszatúr
visszatör,visszatűr
visszatúr,visszatűr
visszavár,visszaver
víztároló,víztározó
végigcsal,végigcsap
végigdöng,végigdönt
végigszed,végigszel
vendéglői,vendéglős
vesztegel,veszteget
villanyos,villanyoz
visszabúg,visszabúj
visszafed,visszafej
visszafog,visszafon
visszafúj,visszafúr
visszahal,visszahat
visszahűl,visszahűt
visszaköp,visszaköt
visszaold,visszaolt
visszarág,visszaráz
visszasül,visszasüt
visszatép,visszatér
visszatűr,visszatűz
visszavág,visszavár
visszaver,visszavet
vízfesték,vízfestés
összebont,összefont
összebont,összeront
összebont,összevont
összefejt,összelejt
összefold,összetold
összefont,összeront
összefont,összevont
összekölt,összetölt
összeleng,összezeng
összeront,összevont
összetesz,összevesz
összefejt,összefojt
összehány,összehuny
összeránt,összeront
összetart,összetört
összecsap,összecsíp
összefejt,összefest
összefojt,összefont
összegyúr,összegyűr
összeszar,összeszór
összeszar,összeszúr
összeszar,összeszűr
összeszed,összeszid
összeszór,összeszúr
összeszór,összeszűr
összeszúr,összeszűr
összetölt,összetört
összeakad,összeakar
összecsal,összecsap
összegyúl,összegyúr
összenyer,összenyes
összeszab,összeszar
rókabunda,fókabunda
ragozódik,tagozódik
reaktivál,leaktivál
regenerál,legenerál
revesedik,levesedik
rangjelző,hangjelző
ranglétra,hanglétra
rejtelmes,sejtelmes
recsegtet,kecsegtet
reménység,keménység
részletez,készletez
regenerál,begenerál
rotyogtat,potyogtat
ragasztás,dagasztás
ragasztat,dagasztat
reaktivál,deaktivál
regenerál,degenerál
reputáció,deputáció
robbantás,dobbantás
ráaktivál,reaktivál
rajtjelez,rejtjelez
ráböffent,rápöffent
rádobbant,rárobbant
rákattant,rápattant
rákattint,rápattint
rákoppant,rároppant
rápillant,rávillant
rátereget,rávereget
revolúció,rezolúció
rajtoltat,rajzoltat
rácsenget,rácsönget
rácseppen,rácsöppen
rácseszik,rácsúszik
rácsorgat,rácsurgat
rápillant,rápislant
ráverődik,rávetődik
rácsönget,rácsörget
rárakodik,rárakódik
rákattant,rákattint
rákoppant,rákoppint
rápattant,rápattint
rápöccent,rápöccint
remekmívű,remekművű
részleges,részletes
ráébresít,ráébreszt
rajtacsap,rajtacsíp
rámorzsál,rámorzsol
reszketés,reszketős
ráébreszd,ráébreszt
rápisszeg,rápisszen
rászámlál,rászámláz
rászoruló,rászorult
rátapaszd,rátapaszt
rejtjeles,rejtjelez
reklámcég,reklámcél
részesülő,részesült
részletes,részletez
rizsporos,rizsporoz
rózsalánc,rózsaláng
röntgenes,röntgenez
zötyögtet,lötyögtet
zökkentet,hökkentet
zavarodás,kavarodás
zavarodik,kavarodik
zötyögtet,pötyögtet
zöngicsél,döngicsél
zászlósor,zászlósúr
zománcoló,zománcozó
leaktivál,reaktivál
legenerál,regenerál
levesedik,revesedik
lötyögtet,zötyögtet
lantmadár,hantmadár
lázasodik,házasodik
legyecske,hegyecske
lealkudik,bealkudik
leállítás,beállítás
leálmodik,beálmodik
leáramlik,beáramlik
learanyoz,bearanyoz
learaszol,bearaszol
leautózik,beautózik
lebádogoz,bebádogoz
lebattyog,bebattyog
lebetonoz,bebetonoz
lebillent,bebillent
leblokkol,beblokkol
lebocsájt,bebocsájt
lebólogat,bebólogat
leborogat,beborogat
lecigizik,becigizik
lecövekel,becövekel
lecuppant,becuppant
lecsapkod,becsapkod
lecsattan,becsattan
lecsattog,becsattog
lecsekkol,becsekkol
lecsempéz,becsempéz
lecsenget,becsenget
lecseppen,becseppen
lecseszik,becseszik
lecsillog,becsillog
lecsiszol,becsiszol
lecsordul,becsordul
lecsorgat,becsorgat
lecsoszog,becsoszog
lecsönget,becsönget
lecsöppen,becsöppen
lecsörtet,becsörtet
lecsuklik,becsuklik
lecsurgat,becsurgat
lecsurran,becsurran
lecsúszik,becsúszik
lecsücsül,becsücsül
ledagaszt,bedagaszt
ledátumoz,bedátumoz
ledelegál,bedelegál
lederivál,bederivál
ledeszkáz,bedeszkáz
ledörzsöl,bedörzsöl
ledurrant,bedurrant
ledübörög,bedübörög
leecsetel,beecsetel
leédesget,beédesget
leeresztő,beeresztő
leérkezik,beérkezik
leerőltet,beerőltet
leértékel,beértékel
leevickél,beevickél
leexponál,beexponál
leezüstöz,beezüstöz
lefaggyúz,befaggyúz
lefáraszt,befáraszt
lefehérít,befehérít
lefejezés,befejezés
lefeketít,befeketít
lefekszik,befekszik
lefenekel,befenekel
lefészkel,befészkel
lefirkant,befirkant
lefizetés,befizetés
lefocizik,befocizik
lefrissít,befrissít
lefúródik,befúródik
lefuvaroz,befuvaroz
lefüröszt,befüröszt
lefűződik,befűződik
legallyaz,begallyaz
legenerál,begenerál
legipszel,begipszel
legörcsöl,begörcsöl
legörnyed,begörnyed
legyengül,begyengül
legyorsít,begyorsít
legyorsul,begyorsul
lehabozik,behabozik
lehajigál,behajigál
lehajózik,behajózik
lehajszol,behajszol
lehallgat,behallgat
lehangzik,behangzik
lehasogat,behasogat
lehatárol,behatárol
lehatároz,behatároz
lehazudik,behazudik
lehegeszt,behegeszt
lehernyóz,behernyóz
lehívogat,behívogat
lehörpint,behörpint
lehúzódik,behúzódik
lehúzogat,behúzogat
leindexel,beindexel
leinteget,beinteget
leinvitál,beinvitál
leirányít,beirányít
leiskoláz,beiskoláz
leismétel,beismétel
leiszapol,beiszapol
lejárogat,bejárogat
lejátszik,bejátszik
lejegyzés,bejegyzés
lejelenik,bejelenik
lejövetel,bejövetel
lekacsint,bekacsint
lekalapál,bekalapál
lekanalaz,bekanalaz
lekapcsol,bekapcsol
lekarikáz,bekarikáz
lekattant,bekattant
lekattint,bekattint
lekavarog,bekavarog
lekávézik,bekávézik
lekeneget,bekeneget
lekerekít,bekerekít
lekeretez,bekeretez
lekettyen,bekettyen
lekontráz,bekontráz
lekopíroz,bekopíroz
lekortyol,bekortyol
lekönyvel,bekönyvel
lekötelez,bekötelez
lekötődik,bekötődik
lekucorog,bekucorog
lekukkant,bekukkant
lekurbliz,bekurbliz
lelakatol,belakatol
lelapátol,belapátol
lelátogat,belátogat
lelépcsőz,belépcsőz
lelépeget,belépeget
lelisztez,belisztez
leloccsan,beloccsan
lelopózik,belopózik
lelovagol,belovagol
lelökődik,belökődik
lemaródik,bemaródik
lemászkál,bemászkál
lemaszkol,bemaszkol
lemelegít,bemelegít
lemenekít,bemenekít
lemenekül,bemenekül
lemenetel,bemenetel
leméretez,beméretez
lemerevít,bemerevít
lemerevül,bemerevül
leminősít,beminősít
lemocskol,bemocskol
lemosódik,bemosódik
lemutogat,bemutogat
lenavigál,benavigál
lenézeget,benézeget
lenöveszt,benöveszt
lenyargal,benyargal
lenyomkod,benyomkod
lenyomtat,benyomtat
lenyújtat,benyújtat
lenyúlkál,benyúlkál
leoldalaz,beoldalaz
leoldalog,beoldalog
leoldódik,beoldódik
leolvaszt,beolvaszt
leomlaszt,beomlaszt
leöltözik,beöltözik
leömleszt,beömleszt
leözönlik,beözönlik
lepasszol,bepasszol
lepattint,bepattint
leperemez,beperemez
leperzsel,beperzsel
lepetézik,bepetézik
lepillant,bepillant
lepiszkál,bepiszkál
lepiszkít,bepiszkít
lepiszkol,bepiszkol
leplántál,beplántál
lepolíroz,bepolíroz
lepottyan,bepottyan
lepöccent,bepöccent
lepöccint,bepöccint
lepúderez,bepúderez
lepusztul,bepusztul
leragaszt,beragaszt
lerakodik,berakodik
lerakódik,berakódik
lerázódik,berázódik
lereccsen,bereccsen
lerekeszt,berekeszt
lerepeszt,berepeszt
lerétegez,berétegez
lerobbant,berobbant
leroggyan,beroggyan
lerongyol,berongyol
leroppant,beroppant
lesatíroz,besatíroz
leskiccel,beskiccel
lesminkel,besminkel
lesötétít,besötétít
lesötétül,besötétül
lestoppol,bestoppol
lesugároz,besugároz
lesunnyog,besunnyog
lesüllyed,besüllyed
leszabdal,beszabdal
leszaggat,beszaggat
leszáguld,beszáguld
leszalajt,beszalajt
leszállás,beszállás
leszállít,beszállít
leszámláz,beszámláz
leszántat,beszántat
leszenved,beszenved
leszervez,beszervez
leszikkad,beszikkad
leszoktat,beszoktat
leszolgál,beszolgál
leszondáz,beszondáz
leszökken,beszökken
leszurkál,beszurkál
leszurkol,beszurkol
leszurkoz,beszurkoz
leszürkít,beszürkít
leszürkül,beszürkül
letakarít,betakarít
letámaszt,betámaszt
letámogat,betámogat
letapaszt,betapaszt
letapétáz,betapétáz
letapogat,betapogat
letárgyal,betárgyal
letávolít,betávolít
letelepít,betelepít
letelepül,betelepül
letereget,betereget
letesztel,betesztel
letétetik,betétetik
letevődik,betevődik
letolódik,betolódik
letottyan,betottyan
letömörít,betömörít
letrágyáz,betrágyáz
letrappol,betrappol
letromfol,betromfol
letupíroz,betupíroz
letuszkol,betuszkol
letutajoz,betutajoz
leugraszt,beugraszt
leutazgat,beutazgat
levágódik,bevágódik
leválaszt,beválaszt
leválogat,beválogat
levásárol,bevásárol
levereget,bevereget
leverődik,beverődik
levetődik,bevetődik
levezérel,bevezérel
levezetés,bevezetés
leviaszol,beviaszol
leviaszoz,beviaszoz
leviharoz,beviharoz
levilágít,bevilágít
levilágol,bevilágol
levillant,bevillant
levizsgál,bevizsgál
levonalaz,bevonalaz
levonódik,bevonódik
levonszol,bevonszol
lezáródik,bezáródik
lezónázik,bezónázik
lezökkent,bezökkent
lezöttyen,bezöttyen
lezúzódik,bezúzódik
lötyögtet,pötyögtet
leaktivál,deaktivál
legenerál,degenerál
látszódik,játszódik
légoszlop,jégoszlop
legyezget,jegyezget
lábadozik,lázadozik
leáramlik,leiramlik
ledagaszt,leragaszt
ledarabol,lesarabol
ledörzsöl,lepörzsöl
lehorzsol,lemorzsol
lehúzódik,lezúzódik
lejöveszt,lenöveszt
lekattant,lepattant
lekattint,lepattint
lekoppant,leroppant
lekukkant,lepukkant
lelapogat,letapogat
lelépeget,letépeget
leloccsan,letoccsan
lelohaszt,lerohaszt
lelöttyen,lezöttyen
lemocskol,lepocskol
lepillant,levillant
lepottyan,letottyan
letereget,levereget
leképeszt,leköpeszt
letesztel,letisztel
lecsenget,lecsönget
lecseppen,lecsöppen
lecseszik,lecsúszik
lecsorgat,lecsurgat
lefújódik,lefúródik
legyengít,legyöngít
legyengül,legyöngül
lekontyol,lekortyol
lekucorog,lekuporog
lerekeszt,lerepeszt
leverődik,levetődik
lecsendít,lecserdít
lerakodás,lerakódás
lerakodik,lerakódik
leszakajt,leszalajt
lecsorbul,lecsordul
legénykor,legénysor
lekattant,lekattint
lekoppant,lekoppint
lepattant,lepattint
lepöccent,lepöccint
láncfonal,láncfonál
lecsonkol,lecsonkul
lepiszkál,lepiszkol
leszurkál,leszurkol
letisztel,letisztul
levizitál,levizitel
lefittyed,lefittyen
lehangoló,lehangolt
lehatárol,lehatároz
lepisszeg,lepisszen
leszámlál,leszámláz
leszurkol,leszurkoz
leviaszol,leviaszoz
ekkoriban,akkoriban
ekkortájt,akkortájt
elácsorog,alácsorog
előbeszéd,élőbeszéd
elbódorog,elkódorog
eldarabol,elsarabol
eldobbant,ellobbant
eldobbant,elrobbant
elgépesít,elpépesít
elhajszol,elmajszol
eliramlik,eláramlik
eljátszik,ellátszik
eljövetel,elkövetel
elkattant,elpattant
elkattint,elpattint
elkepeszt,elrepeszt
elkerülés,elmerülés
elkoppant,elroppant
ellapogat,eltapogat
ellobbant,elrobbant
elpillant,elvillant
elrikkant,elsikkant
elrágódik,elvágódik
eltételez,elvételez
elácsorog,előcsorog
emfatikus,empatikus
elkepeszt,elképeszt
elrestell,elröstell
előbüntet,előtüntet
elődereng,előmereng
előfelejt,előrelejt
előferdül,előperdül
előhajtat,előkajtat
előlebben,előrebben
előlendít,előpendít
előlobban,előrobban
erőlködik,erősködik
erőlködés,erősködés
elcicázik,elcikázik
elcseppen,elcsöppen
elcsorgat,elcsurgat
elgyengít,elgyöngít
elgyengül,elgyöngül
elhalogat,elhasogat
elkóborog,elkódorog
elködösül,elközösül
elmeneszt,elmereszt
elnyammog,elnyámmog
elrekeszt,elrepeszt
eltömődik,eltörődik
elverődik,elvetődik
előkarcol,előkorcol
előlebben,előlibben
erősbödik,erősködik
egybetesz,egybevesz
elhallgat,elhalogat
elrakodik,elrakódik
elszakajt,elszalajt
elszoktat,elszoptat
előpendít,előperdít
előrelejt,előresejt
előretesz,előrevesz
előszeret,előszűret
emlékezik,emlékszik
egybevesz,egybevisz
elcsorbul,elcsordul
elegyedik,elegyezik
elfogadás,elfogatás
elkattant,elkattint
elkoppant,elkoppint
ellentart,ellentért
elpattant,elpattint
előreront,előreránt
előresejt,előresújt
előrevesz,előrevisz
előszakad,előszalad
előszedet,előszeret
előszámít,előszárít
egybegyúr,egybegyűr
egyvalaki,egyvalami
ellenszél,ellenszól
elmorzsol,elmorzsál
elpiszkol,elpiszkál
elszakadt,elszakajt
elveszejt,elveszett
előreküld,előreküzd
előrendel,előrendül
előreszel,előreszól
előreszór,előreszúr
egyoldali,egyoldalú
egzotikum,egzotikus
elhatárol,elhatároz
elkóborog,elkóborol
ellenkezd,ellenkező
elpisszeg,elpisszen
elszakadt,elszakadó
elszámlál,elszámláz
előbeszéd,előbeszél
előformál,előformáz
előgondol,előgondoz
előmunkál,előmunkás
előrendel,előrendez
előreszeg,előreszel
előreszól,előreszór
előszaval,előszavaz
előszerel,előszeret
előtáncol,előtáncos
elővétele,elővételi
előénekel,előénekes
erőszakol,erőszakos
hengerész,tengerész
hadászati,vadászati
hangjelző,rangjelző
hanglétra,ranglétra
hökkentet,zökkentet
hantmadár,lantmadár
házasodik,lázasodik
hegyecske,legyecske
horzsolás,morzsolás
hátrányos,kátrányos
hegyetlen,kegyetlen
heveredik,keveredik
hosszúság,bosszúság
hüledezik,düledezik
hegesedik,jegesedik
hozakodik,huzakodik
hadászati,halászati
hájasodik,házasodik
hegyrajzi,helyrajzi
hallgatás,halogatás
hajóderék,hajókerék
hányaveti,hányiveti
hazaeszik,hazaúszik
hazalódul,hazatódul
hátratesz,hátravesz
hazahozat,hazahúzat
hazalebeg,hazalibeg
hazarepít,hazaröpít
hazarepül,hazaröpül
hozzákölt,hozzátölt
hozzátesz,hozzávesz
hajópadló,hajópalló
harangozó,harangszó
hátravesz,hátravisz
hazalibeg,hazaliheg
hozzáájul,hozzáárul
hozzáéget,hozzáétet
hozzásejt,hozzásújt
hozzávesz,hozzávisz
hajtószár,hajtószer
hasonnemű,hasonnevű
hátranyal,hátranyúl
helyrehoz,helyrehúz
hozzányer,hozzányír
hozzászór,hozzászűr
hadviselő,hadviselt
hajfesték,hajfestés
hajhullám,hajhullás
hanghatár,hanghatás
hangrendi,hangrendű
hátraszól,hátraszór
hozzácsal,hozzácsap
hozzászól,hozzászór
menekedik,fenekedik
morzsolás,horzsolás
masszíroz,kasszíroz
menekedik,kenekedik
modifikál,kodifikál
mitológia,citológia
mondatlan,gondatlan
masszíroz,passzíroz
masszívum,passzívum
mohosodik,dohosodik
márványos,járványos
mesekönyv,misekönyv
magasztal,marasztal
melodikus,metodikus
mikológia,mitológia
modalitás,moralitás
mondatlan,mosdatlan
megbántás,megrántás
megbólint,megkólint
megbomlik,megromlik
megbontás,megrontás
megbontat,megrontat
megbontat,megvontat
megbotlik,megkotlik
megbökdös,meglökdös
megbökdös,megpökdös
megcsúfol,megzsúfol
megdagadt,megragadt
megdereng,megkereng
megdobban,meglobban
megdördül,meghördül
megdördül,megpördül
megdördül,megzördül
megdörren,megzörren
megdülled,megfülled
megfejtés,megsejtés
megfejtet,megsejtet
megferdít,megperdít
megferdül,megperdül
megferdül,megserdül
megfeszít,megveszít
megfingat,megringat
megfordul,megkordul
megfordul,megmordul
megfurkál,megturkál
meggörget,megpörget
meggörget,megzörget
meghallat,megvallat
meghántol,megpántol
megharcol,megkarcol
megharcol,megsarcol
meghegyez,megjegyez
meghegyez,meglegyez
meghökken,megzökken
meghördül,megpördül
meghördül,megzördül
meghümmög,megzümmög
megjajdul,megsajdul
megjártat,megmártat
megjegyez,meglegyez
megkarcol,megsarcol
megkattan,megpattan
megkerget,megperget
megkoccan,megmoccan
megkondít,megrondít
megkoppan,megroppan
megkoppan,megtoppan
megkordul,megmordul
megkotyog,megrotyog
megköltet,megtöltet
megláncol,megráncol
megláncol,megtáncol
meglángol,megmángol
meglebben,megrebben
meglendít,megpendít
meglendít,megrendít
meglendít,megzendít
meglendül,megpendül
meglendül,megrendül
meglendül,megzendül
meglenget,megpenget
meglenget,megrenget
meglenget,megzenget
meglökdös,megpökdös
megmeszel,megneszel
megmeszel,megreszel
megmukkan,megpukkan
megneszel,megreszel
megosztat,megúsztat
megpendít,megrendít
megpendít,megzendít
megpendül,megrendül
megpendül,megzendül
megpenget,megrenget
megpenget,megzenget
megperdül,megserdül
megpördül,megzördül
megpörget,megzörget
megráncol,megtáncol
megrendít,megzendít
megrendül,megzendül
megrenget,megzenget
megrontat,megvontat
megroppan,megtoppan
megsuhint,megzuhint
megtehető,megvehető
megakaszt,megapaszt
megbántás,megbontás
megbántat,megbontat
megbecsül,megböcsül
megédesít,megékesít
megédesít,megélesít
megéhezte,megérezte
megékesít,megélesít
megferdít,megfordít
megfirkál,megfurkál
megharcol,meghurcol
megidézés,megigézés
megkaszál,megkuszál
megkezdet,megküzdet
meglebben,meglibben
megperdül,megpördül
megperget,megpörget
megpingál,megpungál
megrándít,megrendít
megrándít,megrondít
megrángat,megringat
megrántás,megrontás
megrémlik,megromlik
megrendít,megrondít
megreppen,megröppen
megsajdít,megsejdít
megtankol,megtunkol
megtérdel,megtördel
megtörtet,megtűrtet
megbomlik,megbotlik
megcsorog,megcsurog
megdöndül,megdördül
megdöngöl,megdörgöl
megfejtet,megfektet
megfejtet,megfestet
megfektet,megfestet
megkémlel,megkérlel
megkoldul,megkondul
megkoldul,megkordul
megkondul,megkordul
megköltet,megköttet
megküldet,megküzdet
megmondat,megmosdat
megmordul,megmozdul
megnyalás,megnyúlás
megnyálaz,megnyilaz
megnyílik,megnyúlik
megpántol,megpártol
megpaskol,megpatkol
megpendít,megperdít
megpendül,megperdül
megpenget,megperget
megpöcköl,megpörköl
megpungál,megpurgál
megrendít,megrezdít
megrendül,megrezdül
megrenget,megrezget
megringat,megriogat
megsaccol,megsarcol
megszakít,megszőkít
megszakít,megszűkít
megszálal,megszólal
megszárít,megszorít
megszeret,megszűret
megszokik,megszökik
megszőkít,megszűkít
megszőkül,megszűkül
megtervez,megtetvez
megtoppan,megtorpan
megtöltet,megtörtet
megzöldül,megzördül
mellétesz,mellévesz
művelhető,műveltető
mécsvilág,mécsvirág
megadódik,megadózik
megalakít,megalapít
megalakul,megalapul
megcsahol,megcsapol
megcsalat,megcsapat
megdönget,megdöntet
megerődít,megerősít
megfoldoz,megfoltoz
megformáz,megforráz
meggörbít,meggördít
meghajlás,meghajtás
meghurcol,meghurkol
megkarcol,megkarmol
megkondul,megkonyul
megláncol,meglángol
megnyakal,megnyaral
megoszlás,megosztás
megölelés,megöletés
megpálcáz,megpályáz
megszakad,megszalad
megszákol,megszámol
megszámít,megszárít
megszedet,megszeget
megszedet,megszeret
megszédít,megszépít
megszédül,megszépül
megszegel,megszelel
megszegel,megszemel
megszegel,megszerel
megszeget,megszeret
megszelel,megszemel
megszelel,megszerel
megszemel,megszerel
megterhel,megtermel
megterhel,megtervel
megtermel,megtervel
mocsárgáz,mocsárláz
mondatlan,mondattan
másvalaki,másvalami
megcsúfol,megcsúful
megelégel,megelégül
megélesít,megéleszt
megigazol,megigazul
megkóstál,megkóstol
megnyeret,megnyerít
megpingál,megpingel
megpumpál,megpumpol
megrendel,megrendül
megszegel,megszegül
meggyőzés,meggyőzős
mellényel,mellényúl
meneteles,menetelés
molylepke,molylepte
mosolygás,mosolygós
magassági,magasságú
manikűrös,manikűröz
márványos,márványoz
megformál,megformáz
meghamvad,meghamvaz
megjelenő,megjelent
megkérdet,megkérdez
megneszel,megneszez
megpuffad,megpuffan
megpukkad,megpukkan
megragadó,megragadt
megrendel,megrendez
megretteg,megretten
megserceg,megsercen
megszálló,megszállt
megszámol,megszámoz
megszegel,megszeget
megszerel,megszeret
megszerel,megszerez
megszeret,megszerez
megtervel,megtervez
méltányol,méltányos
menedzsel,menedzser
misztikum,misztikus
művésznép,művésznév
újjáéltet,újjáültet
újragyújt,újranyújt
újrakerít,újramerít
újrakerít,újraterít
újramerít,újraterít
újramázol,újravázol
újrapakol,újravakol
újraoktat,újraoltat
újramásol,újramázol
újratelít,újraterít
újranevel,újranevez
újraolvad,újraolvas
újrasorol,újrasoroz
sarkatlan,farkatlan
sematikus,tematikus
sikkasztó,tikkasztó
sejtelmes,rejtelmes
sápítozik,sipítozik
sétafikál,sétifikál
sportszár,sportszer
sallangos,sallangoz
autópálya,futópálya
arányszám,irányszám
akkoriban,ekkoriban
akkortájt,ekkortájt
alácsorog,elácsorog
antológia,ontológia
appozíció,oppozíció
alcsoport,élcsoport
ájuldozik,ámuldozik
átáramlik,átiramlik
átdagaszt,átragaszt
átfonódik,átvonódik
átjátszik,átlátszik
átkattint,átpattint
átlapogat,áttapogat
átpillant,átvillant
átrágódik,átvágódik
áttételez,átvételez
aláboltoz,aláfoltoz
alaktalan,alaptalan
átkábelez,átkebelez
alákarcol,alákorcol
államrend,állatrend
átcsenget,átcsönget
átcseppen,átcsöppen
átcseszik,átcsúszik
átcsorgat,átcsurgat
átértékel,átérzékel
átgyengül,átgyöngül
átnemesít,átnevesít
átpillant,átpislant
átverődik,átvetődik
alácsorog,alácsurog
alányílik,alányúlik
átrakodik,átrakódik
átszegdel,átszeldel
alágörbül,alágördül
alászakad,alászalad
amikorról,amikortól
angolkert,angolkürt
átpöccent,átpöccint
acélszínű,acélszívű
agyoncsap,agyoncsíp
agyongyúr,agyongyűr
agyonszór,agyonszúr
általszúr,általszűr
abroncsol,abroncsos
abroncsol,abroncsoz
abroncsos,abroncsoz
adományos,adományoz
agyoncsal,agyoncsap
alaptalaj,alaptalan
alárendel,alárendez
állványos,állványoz
anyaállam,anyaállat
arcfesték,arcfestés
árnyalati,árnyalatú
aszfaltos,aszfaltoz
átrétegel,átrétegez
átszámlál,átszámláz
áttételes,áttételez
óhatatlan,ihatatlan
otthonlét,itthonlét
ontológia,antológia
oppozíció,appozíció
ontológia,ortológia
onkológia,ontológia
odabarmol,odakarmol
odadugdos,odarugdos
odadurran,odasurran
odafeszít,odaveszít
odafordul,odamordul
odakoppan,odatoppan
odaláncol,odatáncol
odalebben,odarebben
odamarkol,odaparkol
odamotyog,odapotyog
odamotyog,odatotyog
odapotyog,odatotyog
odasuhint,odazuhint
odalebben,odalibben
odareppen,odaröppen
odacsorog,odacsurog
odanyílik,odanyúlik
odaparkol,odapaskol
odapöcköl,odapörköl
odaszegez,odaszögez
odaszokik,odaszökik
odacsobog,odacsorog
odacsöpög,odacsörög
odagörbít,odagördít
odahurcol,odahurkol
odakarcol,odakarmol
odaláncol,odalángol
odaszakad,odaszalad
odaszegel,odaszerel
odabilleg,odabillen
odarendel,odarendez
odaszegel,odaszegez
odaszerel,odaszeret
osztályos,osztályoz
őrállomás,űrállomás
őseredeti,őseredetű
csendesít,csöndesít
csendesül,csöndesül
csörgődob,csörlődob
cserélget,cseréltet
csókolgat,csókoltat
csapkodás,csapkodós
csattanás,csattanós
csepergés,csepergős
csikorgás,csikorgós
csontszén,csontszín
csoszogás,csoszogós
császárné,császárnő
csatornás,csatornáz
csillagos,csillagoz
csomagoló,csomagolt
élőbeszéd,előbeszéd
élcsoport,alcsoport
édeskedik,ékeskedik
értékelés,érzékelés
étekhordó,ételhordó
énekelget,énekeltet
kénytelen,fénytelen
kegyelmez,fegyelmez
kenekedik,fenekedik
kényszerű,tényszerű
kalorizál,valorizál
kerekedik,verekedik
kicsorgat,vicsorgat
kecsegtet,recsegtet
készletez,részletez
keménység,reménység
kavarodás,zavarodás
kavarodik,zavarodik
kátrányos,hátrányos
kegyetlen,hegyetlen
keveredik,heveredik
kasszíroz,masszíroz
kenekedik,menekedik
kodifikál,modifikál
kilincsel,bilincsel
kordélyos,bordélyos
képesítés,gépesítés
képtávíró,géptávíró
károsodás,párosodás
károsodik,párosodik
kasszíroz,passzíroz
kattogtat,pattogtat
korosodik,porosodik
kegyesség,jegyesség
károsodik,korosodik
kéztartás,köztartás
kibányász,kőbányász
kenekedik,kerekedik
keseredik,keveredik
kialvaszt,kiolvaszt
kibokszol,kikokszol
kiböffent,kipöffent
kicsendül,kizsendül
kidagaszt,kiragaszt
kiderítés,kimerítés
kidobbant,kilobbant
kidobbant,kirobbant
kihitelez,kivitelez
kihorzsol,kimorzsol
kiiramlik,kiáramlik
kijátszik,kilátszik
kijövetel,kikövetel
kikattant,kipattant
kikattint,kipattint
kikepeszt,kirepeszt
kikerülés,kimerülés
kikukkant,kipukkant
kikutatás,kimutatás
kilakatol,kizakatol
kilapogat,kitapogat
kilobbant,kirobbant
kilépeget,kitépeget
kilöttyen,kizöttyen
kimereget,kitereget
kimereget,kivereget
kipillant,kivillant
kipirulás,kivirulás
kirágódik,kivágódik
kitereget,kivereget
körbeékel,közbeékel
körbeépít,közbeépít
körbeépül,közbeépül
körbeszól,közbeszól
körbeszúr,közbeszúr
körbeutaz,közbeutaz
körbevesz,közbevesz
körjegyző,közjegyző
kucorodik,kuporodik
kikebelez,kikábelez
kimereget,kiméreget
kirugódik,kirágódik
kitörődik,kitűrődik
kivitelez,kivételez
kiéhezett,kiélezett
kiéheztet,kiéreztet
kiérkezik,kiétkezik
kiöltöget,kiöntöget
konnektor,konvektor
közbevesz,közrevesz
kicicázik,kicikázik
kicsenget,kicsönget
kicseppen,kicsöppen
kicsorgat,kicsurgat
kifejtett,kifestett
kikeleszt,kikepeszt
kikesereg,kikevereg
kimeneszt,kimereszt
kipaníroz,kiparíroz
kipillant,kipislant
kirekeszt,kirepeszt
kirágódik,kirázódik
kitömődik,kitörődik
kiverődik,kivetődik
kiérdesít,kiértesít
koppantás,koppintás
kötőfonal,kötővonal
karbolsav,karbonsav
kifejlett,kifejtett
kifogasol,kifogásol
kirakodik,kirakódik
kiszakajt,kiszalajt
kiszemelt,kiszerelt
kiváltság,kiválóság
körbeéget,körbeüget
körbeevez,körbeövez
körülkölt,körültölt
közlegény,közlemény
közretesz,közrevesz
különbség,különcség
különtesz,különvesz
katonakor,katonasor
készítget,készíttet
kerekedik,kerekezik
kicsorbul,kicsordul
kicsorbít,kicsordít
kihörpent,kihörpint
kikattant,kikattint
kipattant,kipattint
kirugódik,kirugózik
kommendál,kommentál
konvergál,konvertál
konvergál,konverzál
konvertál,konverzál
körbevesz,körbevisz
körüldong,körüldöng
körülvesz,körülvisz
köszönget,köszöntet
különvesz,különvisz
kanyargás,kanyargós
keresztbe,keresztke
keresztel,keresztül
kipúderez,kipúderoz
királynéi,királynői
kiszurkol,kiszurkál
körbeszór,körbeszúr
közbeszól,közbeszül
kapacitál,kapacitás
kátrányos,kátrányoz
kétoldali,kétoldalt
kétoldali,kétoldalú
kétoldalt,kétoldalú
kegyelmes,kegyelmez
keresztel,keresztes
keresztel,keresztez
keresztes,keresztez
kettészed,kettészel
kicsinyel,kicsinyes
kihatárol,kihatároz
kiszámlál,kiszámláz
kivonatol,kivonatos
kivételes,kivételez
kommentál,kommentár
komplexum,komplexus
korbácsol,korbácsos
kormányos,kormányoz
korszakol,korszakos
kölcsönéh,kölcsönér
kölcsönös,kölcsönöz
körbeszól,körbeszór
körülölel,körülölet
körülszeg,körülszel
középkori,középkorú
különszám,különszán
bennforog,fennforog
bennlakik,fennlakik
bennmarad,fennmarad
bennragad,fennragad
bodorodik,fodorodik
beleaggat,teleaggat
beleaprít,teleaprít
beleböfög,teleböfög
beledalol,teledalol
beledobál,teledobál
beledudál,teledudál
beledúdol,teledúdol
beledumál,teledumál
beleélvez,teleélvez
beleenged,teleenged
beleeszik,teleeszik
belefarag,telefarag
belefésül,telefésül
belegyűjt,telegyűjt
belehímez,telehímez
belehízik,telehízik
beleiszik,teleiszik
beleizzad,teleizzad
belekajál,telekajál
belekakál,telekakál
belelehel,telelehel
beleliheg,teleliheg
belelődöz,telelődöz
belemázol,telemázol
belemerít,telemerít
belemerül,telemerül
belenevet,telenevet
beleoltat,teleoltat
beleordít,teleordít
belepakol,telepakol
belepisál,telepisál
belepisil,telepisil
beleragad,teleragad
belerakat,telerakat
belerámol,telerámol
beleszánt,teleszánt
beleterít,teleterít
beletojik,teletojik
beleugrál,teleugrál
beleültet,teleültet
beleüvölt,teleüvölt
belezabál,telezabál
belezokog,telezokog
belezúdít,telezúdít
beleérzés,veleérzés
begenerál,regenerál
bealkudik,lealkudik
beállítás,leállítás
beálmodik,leálmodik
beáramlik,leáramlik
bearanyoz,learanyoz
bearaszol,learaszol
beautózik,leautózik
bebádogoz,lebádogoz
bebattyog,lebattyog
bebetonoz,lebetonoz
bebillent,lebillent
beblokkol,leblokkol
bebocsájt,lebocsájt
bebólogat,lebólogat
beborogat,leborogat
becigizik,lecigizik
becövekel,lecövekel
becuppant,lecuppant
becsapkod,lecsapkod
becsattan,lecsattan
becsattog,lecsattog
becsekkol,lecsekkol
becsempéz,lecsempéz
becsenget,lecsenget
becseppen,lecseppen
becseszik,lecseszik
becsillog,lecsillog
becsiszol,lecsiszol
becsordul,lecsordul
becsorgat,lecsorgat
becsoszog,lecsoszog
becsönget,lecsönget
becsöppen,lecsöppen
becsörtet,lecsörtet
becsuklik,lecsuklik
becsurgat,lecsurgat
becsurran,lecsurran
becsúszik,lecsúszik
becsücsül,lecsücsül
bedagaszt,ledagaszt
bedátumoz,ledátumoz
bedelegál,ledelegál
bederivál,lederivál
bedeszkáz,ledeszkáz
bedörzsöl,ledörzsöl
bedurrant,ledurrant
bedübörög,ledübörög
beecsetel,leecsetel
beédesget,leédesget
beeresztő,leeresztő
beérkezik,leérkezik
beerőltet,leerőltet
beértékel,leértékel
beevickél,leevickél
beexponál,leexponál
beezüstöz,leezüstöz
befaggyúz,lefaggyúz
befáraszt,lefáraszt
befehérít,lefehérít
befejezés,lefejezés
befeketít,lefeketít
befekszik,lefekszik
befenekel,lefenekel
befészkel,lefészkel
befirkant,lefirkant
befizetés,lefizetés
befocizik,lefocizik
befrissít,lefrissít
befúródik,lefúródik
befuvaroz,lefuvaroz
befüröszt,lefüröszt
befűződik,lefűződik
begallyaz,legallyaz
begenerál,legenerál
begipszel,legipszel
begörcsöl,legörcsöl
begörnyed,legörnyed
begyengül,legyengül
begyorsít,legyorsít
begyorsul,legyorsul
behabozik,lehabozik
behajigál,lehajigál
behajózik,lehajózik
behajszol,lehajszol
behallgat,lehallgat
behangzik,lehangzik
behasogat,lehasogat
behatárol,lehatárol
behatároz,lehatároz
behazudik,lehazudik
behegeszt,lehegeszt
behernyóz,lehernyóz
behívogat,lehívogat
behörpint,lehörpint
behúzódik,lehúzódik
behúzogat,lehúzogat
beindexel,leindexel
beinteget,leinteget
beinvitál,leinvitál
beirányít,leirányít
beiskoláz,leiskoláz
beismétel,leismétel
beiszapol,leiszapol
bejárogat,lejárogat
bejátszik,lejátszik
bejegyzés,lejegyzés
bejelenik,lejelenik
bejövetel,lejövetel
bekacsint,lekacsint
bekalapál,lekalapál
bekanalaz,lekanalaz
bekapcsol,lekapcsol
bekarikáz,lekarikáz
bekattant,lekattant
bekattint,lekattint
bekavarog,lekavarog
bekávézik,lekávézik
bekeneget,lekeneget
bekerekít,lekerekít
bekeretez,lekeretez
bekettyen,lekettyen
bekontráz,lekontráz
bekopíroz,lekopíroz
bekortyol,lekortyol
bekönyvel,lekönyvel
bekötelez,lekötelez
bekötődik,lekötődik
bekucorog,lekucorog
bekukkant,lekukkant
bekurbliz,lekurbliz
belakatol,lelakatol
belapátol,lelapátol
belátogat,lelátogat
belépcsőz,lelépcsőz
belépeget,lelépeget
belisztez,lelisztez
beloccsan,leloccsan
belopózik,lelopózik
belovagol,lelovagol
belökődik,lelökődik
bemaródik,lemaródik
bemászkál,lemászkál
bemaszkol,lemaszkol
bemelegít,lemelegít
bemenekít,lemenekít
bemenekül,lemenekül
bemenetel,lemenetel
beméretez,leméretez
bemerevít,lemerevít
bemerevül,lemerevül
beminősít,leminősít
bemocskol,lemocskol
bemosódik,lemosódik
bemutogat,lemutogat
benavigál,lenavigál
benézeget,lenézeget
benöveszt,lenöveszt
benyargal,lenyargal
benyomkod,lenyomkod
benyomtat,lenyomtat
benyújtat,lenyújtat
benyúlkál,lenyúlkál
beoldalaz,leoldalaz
beoldalog,leoldalog
beoldódik,leoldódik
beolvaszt,leolvaszt
beomlaszt,leomlaszt
beöltözik,leöltözik
beömleszt,leömleszt
beözönlik,leözönlik
bepasszol,lepasszol
bepattint,lepattint
beperemez,leperemez
beperzsel,leperzsel
bepetézik,lepetézik
bepillant,lepillant
bepiszkál,lepiszkál
bepiszkít,lepiszkít
bepiszkol,lepiszkol
beplántál,leplántál
bepolíroz,lepolíroz
bepottyan,lepottyan
bepöccent,lepöccent
bepöccint,lepöccint
bepúderez,lepúderez
bepusztul,lepusztul
beragaszt,leragaszt
berakodik,lerakodik
berakódik,lerakódik
berázódik,lerázódik
bereccsen,lereccsen
berekeszt,lerekeszt
berepeszt,lerepeszt
berétegez,lerétegez
berobbant,lerobbant
beroggyan,leroggyan
berongyol,lerongyol
beroppant,leroppant
besatíroz,lesatíroz
beskiccel,leskiccel
besminkel,lesminkel
besötétít,lesötétít
besötétül,lesötétül
bestoppol,lestoppol
besugároz,lesugároz
besunnyog,lesunnyog
besüllyed,lesüllyed
beszabdal,leszabdal
beszaggat,leszaggat
beszáguld,leszáguld
beszalajt,leszalajt
beszállás,leszállás
beszállít,leszállít
beszámláz,leszámláz
beszántat,leszántat
beszenved,leszenved
beszervez,leszervez
beszikkad,leszikkad
beszoktat,leszoktat
beszolgál,leszolgál
beszondáz,leszondáz
beszökken,leszökken
beszurkál,leszurkál
beszurkol,leszurkol
beszurkoz,leszurkoz
beszürkít,leszürkít
beszürkül,leszürkül
betakarít,letakarít
betámaszt,letámaszt
betámogat,letámogat
betapaszt,letapaszt
betapétáz,letapétáz
betapogat,letapogat
betárgyal,letárgyal
betávolít,letávolít
betelepít,letelepít
betelepül,letelepül
betereget,letereget
betesztel,letesztel
betétetik,letétetik
betevődik,letevődik
betolódik,letolódik
betottyan,letottyan
betömörít,letömörít
betrágyáz,letrágyáz
betrappol,letrappol
betromfol,letromfol
betupíroz,letupíroz
betuszkol,letuszkol
betutajoz,letutajoz
beugraszt,leugraszt
beutazgat,leutazgat
bevágódik,levágódik
beválaszt,leválaszt
beválogat,leválogat
bevásárol,levásárol
bevereget,levereget
beverődik,leverődik
bevetődik,levetődik
bevezérel,levezérel
bevezetés,levezetés
beviaszol,leviaszol
beviaszoz,leviaszoz
beviharoz,leviharoz
bevilágít,levilágít
bevilágol,levilágol
bevillant,levillant
bevizsgál,levizsgál
bevonalaz,levonalaz
bevonódik,levonódik
bevonszol,levonszol
bezáródik,lezáródik
bezónázik,lezónázik
bezökkent,lezökkent
bezöttyen,lezöttyen
bezúzódik,lezúzódik
bosszúság,hosszúság
bilincsel,kilincsel
bordélyos,kordélyos
begenerál,degenerál
beingázik,bringázik
bérmunkás,bőrmunkás
bedagaszt,beragaszt
befonódik,bevonódik
begyújtat,benyújtat
behajszol,bemajszol
behúzódik,bezúzódik
bejátszik,belátszik
bejövetel,bekövetel
bekattint,bepattint
bekerítés,bemerítés
belakatol,bezakatol
belobbant,berobbant
bepillant,bevillant
bepottyan,betottyan
berágódik,bevágódik
betereget,bevereget
birodalom,bizodalom
bekábelez,bekebelez
bepárosít,bepirosít
becsenget,becsönget
becseppen,becsöppen
becseszik,becsúszik
becsorgat,becsurgat
befogódik,befonódik
befúródik,befúvódik
bekóborog,bekódorog
belealvad,beleolvad
beleaszik,beleeszik
beleaszik,beleiszik
beleaszik,beleúszik
belebódul,belelódul
belebódul,beletódul
beleböfög,beleröfög
beledagad,beleragad
beledobog,belelobog
beledobog,belerobog
beledörög,belehörög
beledörög,belepörög
beleeszik,beleiszik
beleeszik,beleúszik
belefarol,belekarol
belefarol,beletarol
beleforog,belemorog
belegázol,belemázol
belegázol,belevázol
belehasal,belevasal
belehebeg,belerebeg
belehever,belekever
belehörög,belepörög
belehuhog,belesuhog
beleiktat,beleoktat
beleiszik,beleúszik
belekarol,beletarol
belekavar,belezavar
belekerül,belemerül
belekerül,beleterül
beleköhög,beleröhög
belekutat,belemutat
belelobog,belerobog
belelódul,beletódul
belemázol,belevázol
belemerít,beleterít
belemerül,beleterül
belemezel,belerezel
beleomlik,beleömlik
belepirít,belevirít
beleréved,beletéved
belerikít,belesikít
belesuhan,belezuhan
beletakar,belevakar
beletetet,belevetet
bepillant,bepislant
berágódik,berázódik
berekeszt,berepeszt
betegszik,betetszik
beverődik,bevetődik
beindikál,beindukál
belegazol,belegázol
beleiszik,beleizzik
belematat,belemutat
beleoktat,beleoltat
belerepül,beleröpül
belesivít,belesüvít
beleterül,beletörül
belevetet,belevétet
bepárásít,bepárosít
berakodik,berakódik
betetőzik,betetszik
billegtet,billentet
biztonság,biztosság
borzolgat,borzongat
bekattant,bekattint
belebomol,belebotol
belebújik,belebúvik
belecseng,belecsöng
belecseng,belecsüng
belecsöng,belecsüng
beledönög,beledörög
beledudál,beledumál
belehabar,belehadar
belehajít,belehasít
belehajol,belehatol
belehalad,belehasad
belekajál,belekakál
belekapar,belekavar
belekócol,belekódol
belemásol,belemázol
belemorog,belemozog
belerebeg,beleremeg
belerebeg,belerezeg
beleremeg,belerezeg
belerémül,belerévül
belerobog,beleropog
beleröfög,beleröhög
belesikít,belesimít
belesikít,belesivít
belesimít,belesivít
beletagol,beletarol
beletehet,beletemet
beletehet,beletetet
beletemet,beletetet
beleülhet,beleültet
belevadul,belevakul
beleveret,belevetet
beleveret,belevezet
belevéset,belevétet
belevetet,belevezet
belevirít,belevisít
bepöccent,bepöccint
besorolás,besorozás
beszélget,beszéltet
bizonygat,bizonylat
bejáratás,bejáratos
bejáratás,bejáratós
bejáratos,bejáratós
beleágyaz,beleágyúz
beledobál,beledobol
belekakál,belekakil
belelapol,belelapul
belepisál,belepisil
beleterel,beleterül
beletöröl,beletörül
belevetet,belevetít
bepiszkál,bepiszkol
bepúderez,bepúderoz
beszurkál,beszurkol
baloldali,baloldalt
balzsamos,balzsamoz
behatárol,behatároz
bekóborog,bekóborol
beledobog,beledobol
belehasad,belehasal
belelapol,belelapoz
belenevel,belenevet
beleolvad,beleolvas
belerezeg,belerezel
belerohad,belerohan
beleterel,beleterem
beosztási,beosztású
beszurkol,beszurkoz
betapaszd,betapaszt
beviaszol,beviaszoz
bevonatok,bevonatol
borítékol,borítékoz
bölcselem,bölcselet
buborékol,buborékos
űrállomás,őrállomás
üzemorvos,szemorvos
üvegfonal,üvegfonál
uralkodik,uraskodik
utánaleng,utánazeng
utórengés,utórezgés
citológia,mitológia
cikkelyez,pikkelyez
cikornyás,cikornyáz
cirkuszok,cirkuszol
zsombolya,Zsombolya
Zsombolya,zsombolya
golyócska,folyócska
gondatlan,mondatlan
gépesítés,képesítés
géptávíró,képtávíró
gombocska,dombocska
gázvasaló,gőzvasaló
generikus,genetikus
géppuskás,géppuskáz
gereblyél,gereblyéz
pontosság,fontosság
párolódik,tárolódik
potyogtat,rotyogtat
pötyögtet,zötyögtet
pötyögtet,lötyögtet
passzíroz,masszíroz
passzívum,masszívum
párosodás,károsodás
párosodik,károsodik
passzíroz,kasszíroz
pattogtat,kattogtat
porosodik,korosodik
pikkelyez,cikkelyez
párbeszéd,perbeszéd
párosodik,pirosodik
párosodik,porosodik
partvonal,pártvonal
perpatvar,pörpatvar
pirosodik,porosodik
pácolódik,párolódik
párásodik,párosodik
projektor,prorektor
projektor,protektor
prorektor,protektor
pókerezik,pókerozik
próbáltat,próbáztat
pisszegés,pisszenés
próbálgat,próbáltat
pityergés,pityergős
pántlikás,pántlikáz
parittyás,parittyáz
parkettás,parkettáz
pártszerű,pártszerv
paszománt,paszomány
pedikűrös,pedikűröz
pikkelyes,pikkelyez
politikum,politikus
politúros,politúroz
provokáló,provokált
délsziget,félsziget
dagasztás,ragasztás
dagasztat,ragasztat
deaktivál,reaktivál
degenerál,regenerál
deputáció,reputáció
dobbantás,robbantás
döngicsél,zöngicsél
deaktivál,leaktivál
degenerál,legenerál
düledezik,hüledezik
dohosodik,mohosodik
degenerál,begenerál
dombocska,gombocska
démonikus,démotikus
dobálódik,dobálózik
dolgozgat,dolgoztat
szemorvos,üzemorvos
szálirány,szélirány
szárcsomó,szőrcsomó
szelesség,szélesség
széntartó,színtartó
szertelen,szőrtelen
színtelen,szüntelen
sziszegés,szószegés
szőlészet,szülészet
számítgat,szárítgat
szedetlen,szegetlen
szegecske,szelecske
szemtelen,szertelen
színtelen,szívtelen
szoktatás,szoptatás
szolgalom,szorgalom
szökevény,szövevény
szülemlik,szüremlik
szerkezet,szervezet
szétaszik,széteszik
szétaszik,szétiszik
szétaszik,szétúszik
szétbomol,szétromol
széteszik,szétiszik
széteszik,szétúszik
szétgázol,szétmázol
széthúzás,szétzúzás
szétiszik,szétúszik
szétkavar,szétzavar
szétkerül,szétterül
szétköhög,szétröhög
szétomlik,szétömlik
szétrágat,szétvágat
szétsuhan,szétzuhan
szánkázik,szánkózik
szemelget,szemezget
szereltet,szerettet
szétrágat,szétrúgat
szétrámol,szétromol
szétrepít,szétröpít
szétrepül,szétröpül
szurkálás,szurkolás
számolgat,számoltat
szembefut,szembejut
szembemer,szembever
szeretget,szerettet
szertehúz,szertezúz
szerteken,szertelen
szétdudál,szétdumál
szétkapar,szétkavar
szétlapul,szétlazul
szétlöket,szétlövet
szétrágat,szétrázat
szétreked,szétreped
szétsikít,szétsimít
széttágul,széttárul
szétülhet,szétültet
szétveret,szétvetet
szétveret,szétvezet
szétvetet,szétvezet
szétzihál,szétzilál
színérték,színérzék
szövetség,szövetvég
szülőanya,szülőatya
szaktudás,szaktudós
származék,származik
szédelgés,szédelgős
szégyenel,szégyenül
szembekap,szembeköp
szembeölt,szembeönt
szembevár,szembever
szétdobál,szétdobol
szétterel,szétterül
szétvetet,szétvetít
szoptatás,szoptatós
szabályos,szabályoz
szakácsné,szakácsnő
szakaszol,szakaszos
szándékol,szándékos
szappanos,szappanoz
szárnyaló,szárnyalt
szeletelő,szeletelt
szembeköp,szembeköt
szembevág,szembevár
szembever,szembevet
szertetép,szertetér
szervizek,szervizel
szétmarad,szétmarat
szétolvad,szétolvas
szétrohad,szétrohan
szigetelő,szigetelt
szilánkol,szilánkos
szorgalmi,szorgalmú
szublimál,szublimát
szükségel,szükséges
jelmondat,felmondat
játszódik,látszódik
jégoszlop,légoszlop
jegyezget,legyezget
jegesedik,hegesedik
járványos,márványos
jegyesség,kegyesség
jelenlevő,jelenlévő
jellemerő,jellemező
jegyzetel,jegyzetes
