feletet,felette
végezet,végezte
veszett,vesztet
leaggik,elaggik
leagyal,elagyal
leágyaz,elágyaz
leálcáz,elálcáz
leállás,elállás
leállít,elállít
lealtat,elaltat
leaprít,elaprít
leapróz,elapróz
leaszik,elaszik
leáztat,eláztat
lebámul,elbámul
lebékít,elbékít
lebénít,elbénít
lebénul,elbénul
lebiceg,elbiceg
lebírál,elbírál
lebomol,elbomol
leborít,elborít
leborul,elborul
lebotol,elbotol
lebődül,elbődül
lebújik,elbújik
lebukás,elbukás
lebukik,elbukik
lebutít,elbutít
lebutul,elbutul
lebúvik,elbúvik
lebűvöl,elbűvöl
lecibál,elcibál
lecikiz,elcikiz
lecipel,elcipel
lecitál,elcitál
lecseng,elcseng
ledadog,eldadog
ledarál,eldarál
ledobál,eldobál
ledobat,eldobat
ledobog,eldobog
ledöcög,eldöcög
ledörög,eldörög
ledudál,eldudál
ledugul,eldugul
ledumál,eldumál
leellik,elellik
leenged,elenged
leerjed,elerjed
leértet,elértet
leestet,elestet
leeszik,eleszik
lefalaz,elfalaz
lefárad,elfárad
lefarag,elfarag
lefarol,elfarol
lefaxol,elfaxol
lefedez,elfedez
lefejel,elfejel
lefékez,elfékez
lefelez,elfelez
lefésül,elfésül
lefikáz,elfikáz
lefizet,elfizet
lefogad,elfogad
lefogás,elfogás
lefogat,elfogat
lefogaz,elfogaz
leforog,elforog
lefoszt,elfoszt
lefotóz,elfotóz
lefőzet,elfőzet
lefújat,elfújat
lefülel,elfülel
legátol,elgátol
legázol,elgázol
legépel,elgépel
legörög,elgörög
legumiz,elgumiz
legurít,elgurít
legurul,elgurul
legyújt,elgyújt
lehadar,elhadar
lehajít,elhajít
lehajol,elhajol
lehalad,elhalad
leharap,elharap
lehárít,elhárít
lehárul,elhárul
lehasad,elhasad
lehasal,elhasal
lehasít,elhasít
lehatol,elhatol
lehavaz,elhavaz
lehever,elhever
lehígul,elhígul
lehitet,elhitet
lehívat,elhívat
lehízik,elhízik
lehozat,elhozat
lehőköl,elhőköl
lehörög,elhörög
lehuhog,elhuhog
lehúzat,elhúzat
leindít,elindít
leindul,elindul
leintéz,elintéz
leismer,elismer
leiszik,eliszik
lejárás,eljárás
lejárat,eljárat
lejárat,lejárta
lejavít,eljavít
lejegel,eljegel
lekábul,elkábul
lekacag,elkacag
lekajál,elkajál
lekapar,elkapar
lekapat,elkapat
lekapat,lekapta
lekapta,elkapta
lekárog,elkárog
lekavar,elkavar
lekefél,elkefél
leképez,elképez
lekeres,elkeres
lekéret,elkéret
lekerít,elkerít
lekerül,elkerül
lekésel,elkésel
lekésik,elkésik
lekever,elkever
lekezel,elkezel
lekiált,elkiált
lekísér,elkísér
lekíván,elkíván
lekoboz,elkoboz
lekocog,elkocog
lekódol,elkódol
lekókad,elkókad
lekopik,elkopik
lekopog,elkopog
lekotor,elkotor
leköhög,elköhög
lekötöz,elkötöz
lekövet,elkövet
lekövez,elkövez
lelakik,ellakik
lelapít,ellapít
lelapol,ellapol
lelapoz,ellapoz
lelapul,ellapul
lelazít,ellazít
lelazul,ellazul
lelebeg,ellebeg
lelegel,ellegel
lelehel,ellehel
lelehet,ellehet
lelibeg,ellibeg
lelódul,ellódul
lelógat,ellógat
lelohad,ellohad
lelopat,ellopat
lelődöz,ellődöz
lemarad,elmarad
lemarat,elmarat
lemásol,elmásol
lemázol,elmázol
lemenet,elmenet
lemered,elmered
lemerít,elmerít
lemerül,elmerül
lemesél,elmesél
lemetél,elmetél
lemetsz,elmetsz
lemorog,elmorog
lemosat,elmosat
lemozog,elmozog
lemúlik,elmúlik
lemutat,elmutat
leművel,elművel
lenémít,elnémít
lenevel,elnevel
lenevet,elnevet
lenevez,elnevez
lenézés,elnézés
lenézet,elnézet
lenyújt,elnyújt
leoldat,eloldat
leoldoz,eloldoz
leoltat,eloltat
leolvad,elolvad
leolvas,elolvas
leomlik,elomlik
leordít,elordít
leöblít,elöblít
leöklöz,elöklöz
leöldös,elöldös
leömlik,elömlik
leöntet,elöntet
leöntöz,elöntöz
lepakol,elpakol
lepárol,elpárol
lepereg,elpereg
leperel,elperel
lepihen,elpihen
lepipál,elpipál
lepirít,elpirít
lepirul,elpirul
lepofoz,elpofoz
leporol,elporol
leporoz,elporoz
lepöfög,elpöfög
lepörög,elpörög
lepucol,elpucol
lepuhít,elpuhít
lepuhul,elpuhul
lepüföl,elpüföl
lerabol,elrabol
leragad,elragad
lerakat,elrakat
lerámol,elrámol
lereked,elreked
leremeg,elremeg
lereped,elreped
lerepít,elrepít
lerepül,elrepül
lerobog,elrobog
lerohad,elrohad
lerohan,elrohan
leromol,elromol
leröhög,elröhög
leröpít,elröpít
leröpül,elröpül
lerudal,elrudal
lerúgat,elrúgat
lesápad,elsápad
lesároz,elsároz
lesegít,elsegít
leseper,elseper
lesétál,elsétál
lesíbol,elsíbol
lesikál,elsikál
lesimít,elsimít
lesimul,elsimul
lesípol,elsípol
lesodor,elsodor
lesöpör,elsöpör
lesuhan,elsuhan
lesúrol,elsúrol
lesuvad,elsuvad
lesüvít,elsüvít
leszáll,elszáll
leszánt,elszánt
letagad,eltagad
letágul,eltágul
letakar,eltakar
letalál,eltalál
letámad,eltámad
letanít,eltanít
letanul,eltanul
letapad,eltapad
letapos,eltapos
letarol,eltarol
letárol,eltárol
letehet,eltehet
letejel,eltejel
leteker,elteker
letelel,eltelel
letelik,eltelik
letelte,eltelte
letemet,eltemet
leteper,elteper
letépet,eltépet
leterel,elterel
leterem,elterem
leterít,elterít
letérít,eltérít
leterül,elterül
letetet,eltetet
letéved,eltéved
letevés,eltevés
letipeg,eltipeg
letipor,eltipor
letojik,eltojik
letolat,eltolat
letolul,eltolul
letömít,eltömít
letörés,eltörés
letöret,eltöret
letörik,eltörik
letöröl,eltöröl
letörül,eltörül
letúloz,eltúloz
letusol,eltusol
letűnik,eltűnik
leugrál,elugrál
leugrat,elugrat
leugrik,elugrik
leúszik,elúszik
leülhet,elülhet
leültet,elültet
leüttet,elüttet
leüvölt,elüvölt
levadít,elvadít
levágás,elvágás
levágat,elvágat
levágat,levágta
levágta,elvágta
levakar,elvakar
levakol,elvakol
leválik,elválik
levámol,elvámol
levasal,elvasal
levásik,elvásik
levégez,elvégez
leverés,elverés
leveret,elveret
leveszt,elveszt
levetél,elvetél
levétel,elvétel
levetet,elvetet
levétet,elvétet
levezet,elvezet
levisel,elvisel
levitat,elvitat
levitet,elvitet
levizez,elvizez
levonás,elvonás
levonat,elvonat
levonat,levonta
levonta,elvonta
levonul,elvonul
lezabál,elzabál
lezárás,elzárás
lezárat,elzárat
lezárul,elzárul
lezavar,elzavar
lezenél,elzenél
lezörög,elzörög
lezubog,elzubog
lezúdul,elzúdul
lezuhan,elzuhan
elaggik,leaggik
elagyal,leagyal
elaltat,lealtat
elaprít,leaprít
elapróz,leapróz
elaszik,leaszik
elbiceg,lebiceg
elbomol,lebomol
elborul,leborul
elborít,leborít
elbotol,lebotol
elbukik,lebukik
elbukás,lebukás
elbutul,lebutul
elbutít,lebutít
elbámul,lebámul
elbékít,lebékít
elbénul,lebénul
elbénít,lebénít
elbírál,lebírál
elbődül,lebődül
elbújik,lebújik
elbúvik,lebúvik
elbűvöl,lebűvöl
elcibál,lecibál
elcikiz,lecikiz
elcipel,lecipel
elcitál,lecitál
elcseng,lecseng
eldadog,ledadog
eldarál,ledarál
eldobat,ledobat
eldobog,ledobog
eldobál,ledobál
eldudál,ledudál
eldugul,ledugul
eldumál,ledumál
eldöcög,ledöcög
eldörög,ledörög
elellik,leellik
elenged,leenged
elerjed,leerjed
elesett,elestet
elestet,leestet
eleszik,leeszik
elfalaz,lefalaz
elfarag,lefarag
elfarol,lefarol
elfaxol,lefaxol
elfedez,lefedez
elfejel,lefejel
elfelez,lefelez
elfikáz,lefikáz
elfizet,lefizet
elfogad,lefogad
elfogat,lefogat
elfogaz,lefogaz
elfogás,lefogás
elforog,leforog
elfoszt,lefoszt
elfotóz,lefotóz
elfárad,lefárad
elfékez,lefékez
elfésül,lefésül
elfőzet,lefőzet
elfújat,lefújat
elfülel,lefülel
elgumiz,legumiz
elgurul,legurul
elgurít,legurít
elgyújt,legyújt
elgátol,legátol
elgázol,legázol
elgépel,legépel
elgörög,legörög
elhadar,lehadar
elhajol,lehajol
elhajít,lehajít
elhalad,lehalad
elharap,leharap
elhasad,lehasad
elhasal,lehasal
elhasít,lehasít
elhatol,lehatol
elhavaz,lehavaz
elhever,lehever
elhitet,lehitet
elhozat,lehozat
elhuhog,lehuhog
elhárul,lehárul
elhárít,lehárít
elhígul,lehígul
elhívat,lehívat
elhízik,lehízik
elhőköl,lehőköl
elhörög,lehörög
elhúzat,lehúzat
elindul,leindul
elindít,leindít
elintéz,leintéz
elismer,leismer
eliszik,leiszik
eljavít,lejavít
eljegel,lejegel
eljárat,lejárat
eljárás,lejárás
elkacag,lekacag
elkajál,lekajál
elkapar,lekapar
elkapat,lekapat
elkapat,elkapta
elkapta,lekapta
elkavar,lekavar
elkefél,lekefél
elkeres,lekeres
elkerít,lekerít
elkerül,lekerül
elkever,lekever
elkezel,lekezel
elkiált,lekiált
elkoboz,lekoboz
elkocog,lekocog
elkopik,lekopik
elkopog,lekopog
elkotor,lekotor
elkábul,lekábul
elkárog,lekárog
elképez,leképez
elkéret,lekéret
elkésel,lekésel
elkésik,lekésik
elkísér,lekísér
elkíván,lekíván
elkódol,lekódol
elkókad,lekókad
elköhög,leköhög
elkötöz,lekötöz
elkövet,lekövet
elkövez,lekövez
ellakik,lelakik
ellapol,lelapol
ellapoz,lelapoz
ellapul,lelapul
ellapít,lelapít
ellazul,lelazul
ellazít,lelazít
ellebeg,lelebeg
ellegel,lelegel
ellehel,lelehel
ellehet,lelehet
ellibeg,lelibeg
ellohad,lelohad
ellopat,lelopat
ellódul,lelódul
ellógat,lelógat
ellődöz,lelődöz
elmarad,lemarad
elmarat,lemarat
elmenet,lemenet
elmered,lemered
elmerít,lemerít
elmerül,lemerül
elmesél,lemesél
elmetsz,lemetsz
elmetél,lemetél
elmorog,lemorog
elmosat,lemosat
elmozog,lemozog
elmutat,lemutat
elmásol,lemásol
elmázol,lemázol
elmúlik,lemúlik
elművel,leművel
elnevel,lenevel
elnevet,lenevet
elnevez,lenevez
elnyújt,lenyújt
elnémít,lenémít
elnézet,lenézet
elnézés,lenézés
eloldat,leoldat
eloldoz,leoldoz
eloltat,leoltat
elolvad,leolvad
elolvas,leolvas
elomlik,leomlik
elordít,leordít
elpakol,lepakol
elpereg,lepereg
elperel,leperel
elpihen,lepihen
elpipál,lepipál
elpirul,lepirul
elpirít,lepirít
elpofoz,lepofoz
elporol,leporol
elporoz,leporoz
elpucol,lepucol
elpuhul,lepuhul
elpuhít,lepuhít
elpárol,lepárol
elpöfög,lepöfög
elpörög,lepörög
elpüföl,lepüföl
elrabol,lerabol
elragad,leragad
elrakat,lerakat
elreked,lereked
elremeg,leremeg
elreped,lereped
elrepít,lerepít
elrepül,lerepül
elrobog,lerobog
elrohad,lerohad
elrohan,lerohan
elromol,leromol
elrudal,lerudal
elrámol,lerámol
elröhög,leröhög
elröpít,leröpít
elröpül,leröpül
elrúgat,lerúgat
elsegít,lesegít
elseper,leseper
elsikál,lesikál
elsimul,lesimul
elsimít,lesimít
elsodor,lesodor
elsuhan,lesuhan
elsuvad,lesuvad
elszáll,leszáll
elszánt,leszánt
elsápad,lesápad
elsároz,lesároz
elsétál,lesétál
elsíbol,lesíbol
elsípol,lesípol
elsöpör,lesöpör
elsúrol,lesúrol
elsüvít,lesüvít
eltagad,letagad
eltakar,letakar
eltalál,letalál
eltanul,letanul
eltanít,letanít
eltapad,letapad
eltapos,letapos
eltarol,letarol
eltehet,letehet
eltejel,letejel
elteker,leteker
eltelel,letelel
eltelik,letelik
eltelte,letelte
eltemet,letemet
elteper,leteper
elterel,leterel
elterem,leterem
elterít,leterít
elterül,leterül
eltetet,letetet
eltevés,letevés
eltipeg,letipeg
eltipor,letipor
eltojik,letojik
eltolat,letolat
eltolul,letolul
eltusol,letusol
eltágul,letágul
eltámad,letámad
eltárol,letárol
eltépet,letépet
eltérít,letérít
eltéved,letéved
eltömít,letömít
eltöret,letöret
eltörik,letörik
eltörés,letörés
eltöröl,letöröl
eltörül,letörül
eltúloz,letúloz
eltűnik,letűnik
elugrat,leugrat
elugrik,leugrik
elugrál,leugrál
elvadít,levadít
elvakar,levakar
elvakol,levakol
elvasal,levasal
elveret,leveret
elverés,leverés
elveszt,leveszt
elvetet,levetet
elvetél,levetél
elvezet,levezet
elvisel,levisel
elvitat,levitat
elvitet,levitet
elvizez,levizez
elvonat,levonat
elvonat,elvonta
elvonta,levonta
elvonul,levonul
elvonás,levonás
elvágat,levágat
elvágat,elvágta
elvágta,levágta
elvágás,levágás
elválik,leválik
elvámol,levámol
elvásik,levásik
elvégez,levégez
elvétel,levétel
elvétet,levétet
elzabál,lezabál
elzavar,lezavar
elzenél,lezenél
elzubog,lezubog
elzuhan,lezuhan
elzárat,lezárat
elzárul,lezárul
elzárás,lezárás
elzörög,lezörög
elzúdul,lezúdul
elágyaz,leágyaz
elálcáz,leálcáz
elállás,leállás
elállít,leállít
eláztat,leáztat
elértet,leértet
elöblít,leöblít
elöklöz,leöklöz
elöldös,leöldös
elömlik,leömlik
elöntet,leöntet
elöntöz,leöntöz
elúszik,leúszik
elülhet,leülhet
elültet,leültet
elüttet,leüttet
elüvölt,leüvölt
emelget,emleget
olvasat,olvasta
csukóak,csukóka
épített,építtet
kifejet,kifejte
kijárat,kijárta
kikapat,kikapta
kikelet,kikelte
kilátás,kiáltás
kivonat,kivonta
belépet,belépte
bezárat,bezárta
szetter,szettre
