fellépet,fellépte
felvonat,felvonta
felállat,felállta
fizetett,fizettet
föllépet,föllépte
talapzat,talpazat
teológia,etológia
teológus,etológus
túllépet,túllépte
védetlen,védtelen
végetlen,végtelen
visszaír,visszarí
rányomat,rányomta
leadódik,eladódik
leadogat,eladogat
leakaszt,elakaszt
lealszik,elalszik
leapaszt,elapaszt
leáramol,eláramol
lebágyad,elbágyad
lebaktat,elbaktat
leballag,elballag
lebaltáz,elbaltáz
lebambul,elbambul
lebarmol,elbarmol
lebarnít,elbarnít
lebarnul,elbarnul
lebaszik,elbaszik
lebeszél,elbeszél
lebillen,elbillen
lebocsát,elbocsát
lebólint,elbólint
lebomlik,elbomlik
lebontat,elbontat
lebujtat,elbujtat
lebújtat,elbújtat
lebukkan,elbukkan
lebuktat,elbuktat
leburkol,elburkol
lecammog,elcammog
lecaplat,elcaplat
leciánoz,elciánoz
lecifráz,elcifráz
lecuppan,elcuppan
lecsábít,elcsábít
lecsapás,elcsapás
lecsapat,elcsapat
lecsapol,elcsapol
lecsatol,elcsatol
lecsavar,elcsavar
lecselez,elcselez
lecsepeg,elcsepeg
lecserél,elcserél
lecsigáz,elcsigáz
lecsinál,elcsinál
lecsitít,elcsitít
lecsitul,elcsitul
lecsobog,elcsobog
lecsókol,elcsókol
lecsomóz,elcsomóz
lecsorog,elcsorog
lecsődül,elcsődül
lecsöpög,elcsöpög
lecsukat,elcsukat
lecsurog,elcsurog
ledermed,eldermed
ledicsér,eldicsér
ledobban,eldobban
ledöbben,eldöbben
ledöglik,eldöglik
ledönget,eldönget
ledöngöl,eldöngöl
ledöntet,eldöntet
ledörgöl,eldörgöl
ledörmög,eldörmög
ledrótoz,eldrótoz
leduggat,elduggat
ledurran,eldurran
ledurvít,eldurvít
leelemez,elelemez
leénekel,elénekel
leereget,elereget
leereszt,elereszt
leernyőz,elernyőz
leerodál,elerodál
lefecseg,elfecseg
lefejtet,elfejtet
lefektet,elfektet
lefelejt,elfelejt
leferdít,elferdít
lefertőz,elfertőz
lefeslik,elfeslik
lefeszít,elfeszít
lefigyel,elfigyel
lefingik,elfingik
lefirkál,elfirkál
lefoglal,elfoglal
lefojtat,elfojtat
lefolyat,elfolyat
lefolyik,elfolyik
lefordít,elfordít
lefordul,elfordul
leforgat,elforgat
leformáz,elformáz
leforral,elforral
leföldel,elföldel
lefullad,elfullad
lefuttat,elfuttat
lefüstöl,elfüstöl
lefütyül,elfütyül
legombol,elgombol
legondol,elgondol
legörbít,elgörbít
legörbül,elgörbül
legördít,elgördít
legördül,elgördül
legörget,elgörget
legyaláz,elgyaláz
legyávul,elgyávul
legyötör,elgyötör
legyűrűz,elgyűrűz
lehajlás,elhajlás
lehajlik,elhajlik
lehajlít,elhajlít
lehajtat,elhajtat
lehalkít,elhalkít
lehalkul,elhalkul
lehamvad,elhamvad
lehangol,elhangol
lehantol,elhantol
lehányat,elhányat
leharcol,elharcol
leharsog,elharsog
lehátrál,elhátrál
lehelyez,elhelyez
lehervad,elhervad
lehibban,elhibban
lehiggad,elhiggad
lehirdet,elhirdet
lehordat,elhordat
lehullat,elhullat
lehullik,elhullik
lehuppan,elhuppan
lehurcol,elhurcol
lehúzgál,elhúzgál
lehülyít,elhülyít
lehülyül,elhülyül
lehümmög,elhümmög
leigazít,eligazít
leigazol,eligazol
leírogat,elírogat
lejárkál,eljárkál
lejegyez,eljegyez
lejelent,eljelent
lejuttat,eljuttat
lekapkod,elkapkod
lekarmol,elkarmol
lekaszál,elkaszál
lekattan,elkattan
leképzel,elképzel
lekérdez,elkérdez
lekerget,elkerget
lekering,elkering
lekészít,elkészít
lekészül,elkészül
leketyeg,elketyeg
lekezdet,elkezdet
lekiabál,elkiabál
lekísért,elkísért
lekoldul,elkoldul
lekonyul,elkonyul
lekoplal,elkoplal
lekoptat,elkoptat
lekorhad,elkorhad
lekószál,elkószál
leköpköd,elköpköd
leköszön,elköszön
leköttet,elköttet
lekullog,elkullog
lekurváz,elkurváz
lekussol,elkussol
lekúszik,elkúszik
leküldet,elküldet
lelágyít,ellágyít
lelágyul,ellágyul
lelandol,ellandol
lelankad,ellankad
lelassul,ellassul
lelazsál,ellazsál
lelebben,ellebben
lelendít,ellendít
lelendül,ellendül
lelépdel,ellépdel
lelépked,ellépked
leleplez,elleplez
leléptet,elléptet
lelibben,ellibben
lelocsol,ellocsol
lelopkod,ellopkod
lelökdös,ellökdös
lemállik,elmállik
lemaradt,elmaradt
lemászik,elmászik
lemélyed,elmélyed
lemélyít,elmélyít
lemélyül,elmélyül
lementet,elmentet
lemérgez,elmérgez
lemerült,elmerült
lemeszel,elmeszel
lemondás,elmondás
lemondat,elmondat
lemosdik,elmosdik
lemozdul,elmozdul
lemozgat,elmozgat
lemunkál,elmunkál
lenagyít,elnagyít
lenagyol,elnagyol
lenulláz,elnulláz
lenyálaz,elnyálaz
lenyaral,elnyaral
lenyelés,elnyelés
lenyelet,elnyelet
lenyílik,elnyílik
lenyomat,elnyomat
lenyomoz,elnyomoz
lenyomul,elnyomul
lenyűgöz,elnyűgöz
leolajoz,elolajoz
leoperál,eloperál
leörököl,elörököl
leözönöl,elözönöl
leparkol,elparkol
lepaskol,elpaskol
lepattan,elpattan
lepattog,elpattog
lepenget,elpenget
leperdül,elperdül
leperget,elperget
lepontoz,elpontoz
leporlad,elporlad
leporlik,elporlik
lepotyog,elpotyog
lepöcköl,elpöcköl
lepördül,elpördül
lepörget,elpörget
lepörköl,elpörköl
lepötyög,elpötyög
lepróbál,elpróbál
lepuffan,elpuffan
lepukkad,elpukkad
lepukkan,elpukkan
lepumpál,elpumpál
lepuskáz,elpuskáz
leragyog,elragyog
lerajzik,elrajzik
lerajzol,elrajzol
lerándul,elrándul
lerángat,elrángat
lereagál,elreagál
lerebben,elrebben
lerendel,elrendel
lerendez,elrendez
lereszel,elreszel
leriaszt,elriaszt
leritkul,elritkul
lerobban,elrobban
lerombol,elrombol
leromlik,elromlik
lerondít,elrondít
lerongál,elrongál
lerontat,elrontat
leroppan,elroppan
leroskad,elroskad
lerothad,elrothad
leröffen,elröffen
leröppen,elröppen
leröptet,elröptet
leruccan,elruccan
lerugdos,elrugdos
lerúgtat,elrúgtat
lesajnál,elsajnál
lesajtol,elsajtol
lesáncol,elsáncol
lesárgít,elsárgít
lesárgul,elsárgul
lesiklik,elsiklik
lesóhajt,elsóhajt
lesorvad,elsorvad
lespórol,elspórol
lesuhint,elsuhint
lesúlyoz,elsúlyoz
lesunyít,elsunyít
lesurran,elsurran
lesurrog,elsurrog
lesuttog,elsuttog
lesüpped,elsüpped
leszakad,elszakad
leszakít,elszakít
leszalad,elszalad
leszámít,elszámít
leszámol,elszámol
leszámoz,elszámoz
leszárad,elszárad
leszárít,elszárít
leszavaz,elszavaz
leszédít,elszédít
leszédül,elszédül
leszegel,elszegel
leszelel,elszelel
leszerel,elszerel
leszeret,elszeret
leszerez,elszerez
leszitál,elszitál
leszívat,elszívat
leszokik,elszokik
leszólás,elszólás
leszólít,elszólít
leszopat,leszopta
leszorít,elszorít
leszorul,elszorul
leszökik,elszökik
leszűkít,elszűkít
leszűkül,elszűkül
letalpal,eltalpal
letáncol,eltáncol
letapint,eltapint
letapsol,eltapsol
letaszít,eltaszít
letekint,eltekint
letépdes,eltépdes
letépked,eltépked
letérdel,eltérdel
leterhel,elterhel
leterjed,elterjed
letervez,eltervez
letesped,eltesped
letiltás,eltiltás
letiltat,eltiltat
letiprat,eltiprat
letompít,eltompít
letompul,eltompul
letorzít,eltorzít
letorzul,eltorzul
letotyog,eltotyog
letöltet,eltöltet
letömköd,eltömköd
letördel,eltördel
letörlés,eltörlés
letörpül,eltörpül
letörtet,eltörtet
letussol,eltussol
letűzdel,eltűzdel
leúsztat,elúsztat
leutánoz,elutánoz
leutazik,elutazik
leütöget,elütöget
leüzemel,elüzemel
levackol,elvackol
levagdal,elvagdal
levagdos,elvagdos
levágtat,elvágtat
leváltat,elváltat
levegyít,elvegyít
leverdes,elverdes
levérzik,elvérzik
leveszik,elveszik
leveszít,elveszít
levetett,elvetett
levezető,elvezető
levillan,elvillan
levontat,elvontat
lezajlik,elzajlik
lezörren,elzörren
lezötyög,elzötyög
lezüllik,elzüllik
lezsákol,elzsákol
eladogat,leadogat
eladódik,leadódik
elakaszt,leakaszt
elalszik,lealszik
elapaszt,leapaszt
elbaktat,lebaktat
elballag,leballag
elbaltáz,lebaltáz
elbambul,lebambul
elbarmol,lebarmol
elbarnul,lebarnul
elbarnít,lebarnít
elbaszik,lebaszik
elbeszél,lebeszél
elbillen,lebillen
elbocsát,lebocsát
elbomlik,lebomlik
elbontat,lebontat
elbujtat,lebujtat
elbukkan,lebukkan
elbuktat,lebuktat
elburkol,leburkol
elbágyad,lebágyad
elbólint,lebólint
elbújtat,lebújtat
elcammog,lecammog
elcaplat,lecaplat
elcifráz,lecifráz
elciánoz,leciánoz
elcsapat,lecsapat
elcsapol,lecsapol
elcsapás,lecsapás
elcsatol,lecsatol
elcsavar,lecsavar
elcselez,lecselez
elcsepeg,lecsepeg
elcserél,lecserél
elcsigáz,lecsigáz
elcsinál,lecsinál
elcsitul,lecsitul
elcsitít,lecsitít
elcsobog,lecsobog
elcsomóz,lecsomóz
elcsorog,lecsorog
elcsukat,lecsukat
elcsurog,lecsurog
elcsábít,lecsábít
elcsókol,lecsókol
elcsődül,lecsődül
elcsöpög,lecsöpög
elcuppan,lecuppan
eldermed,ledermed
eldicsér,ledicsér
eldobban,ledobban
eldrótoz,ledrótoz
elduggat,leduggat
eldurran,ledurran
eldurvít,ledurvít
eldöbben,ledöbben
eldöglik,ledöglik
eldönget,ledönget
eldöngöl,ledöngöl
eldöntet,ledöntet
eldörgöl,ledörgöl
eldörmög,ledörmög
elelemez,leelemez
elereget,leereget
elereszt,leereszt
elernyőz,leernyőz
elerodál,leerodál
elfecseg,lefecseg
elfejtet,lefejtet
elfektet,lefektet
elfelejt,lefelejt
elferdít,leferdít
elfertőz,lefertőz
elfeslik,lefeslik
elfeszít,lefeszít
elfigyel,lefigyel
elfingik,lefingik
elfirkál,lefirkál
elfoglal,lefoglal
elfojtat,lefojtat
elfolyat,lefolyat
elfolyik,lefolyik
elfordul,lefordul
elfordít,lefordít
elforgat,leforgat
elformáz,leformáz
elforral,leforral
elfullad,lefullad
elfuttat,lefuttat
elföldel,leföldel
elfüstöl,lefüstöl
elfütyül,lefütyül
elgombol,legombol
elgondol,legondol
elgyaláz,legyaláz
elgyávul,legyávul
elgyötör,legyötör
elgyűrűz,legyűrűz
elgörbít,legörbít
elgörbül,legörbül
elgördít,legördít
elgördül,legördül
elgörget,legörget
elhajlik,lehajlik
elhajlás,lehajlás
elhajlít,lehajlít
elhajtat,lehajtat
elhalkul,lehalkul
elhalkít,lehalkít
elhamvad,lehamvad
elhangol,lehangol
elhantol,lehantol
elharcol,leharcol
elharsog,leharsog
elhelyez,lehelyez
elhervad,lehervad
elhibban,lehibban
elhiggad,lehiggad
elhirdet,lehirdet
elhordat,lehordat
elhullat,lehullat
elhullik,lehullik
elhuppan,lehuppan
elhurcol,lehurcol
elhányat,lehányat
elhátrál,lehátrál
elhúzgál,lehúzgál
elhülyít,lehülyít
elhülyül,lehülyül
elhümmög,lehümmög
eligazol,leigazol
eligazít,leigazít
eljegyez,lejegyez
eljelent,lejelent
eljuttat,lejuttat
eljárkál,lejárkál
elkapkod,lekapkod
elkarmol,lekarmol
elkaszál,lekaszál
elkattan,lekattan
elkerget,lekerget
elkering,lekering
elketyeg,leketyeg
elkezdet,lekezdet
elkiabál,lekiabál
elkoldul,lekoldul
elkonyul,lekonyul
elkoplal,lekoplal
elkoptat,lekoptat
elkorhad,lekorhad
elkullog,lekullog
elkurváz,lekurváz
elkussol,lekussol
elképzel,leképzel
elkérdez,lekérdez
elkészít,lekészít
elkészül,lekészül
elkísért,lekísért
elkószál,lekószál
elköpköd,leköpköd
elköszön,leköszön
elköttet,leköttet
elkúszik,lekúszik
elküldet,leküldet
ellandol,lelandol
ellankad,lelankad
ellassul,lelassul
ellazsál,lelazsál
ellebben,lelebben
ellendít,lelendít
ellendül,lelendül
elleplez,leleplez
ellibben,lelibben
ellocsol,lelocsol
ellopkod,lelopkod
ellágyul,lelágyul
ellágyít,lelágyít
ellépdel,lelépdel
ellépked,lelépked
elléptet,leléptet
ellökdös,lelökdös
elmaradt,lemaradt
elmentet,lementet
elmerült,lemerült
elmeszel,lemeszel
elmondat,lemondat
elmondás,lemondás
elmosdik,lemosdik
elmozdul,lemozdul
elmozgat,lemozgat
elmunkál,lemunkál
elmállik,lemállik
elmászik,lemászik
elmélyed,lemélyed
elmélyít,lemélyít
elmélyül,lemélyül
elmérgez,lemérgez
elnagyol,lenagyol
elnagyít,lenagyít
elnulláz,lenulláz
elnyaral,lenyaral
elnyelet,lenyelet
elnyelés,lenyelés
elnyomat,lenyomat
elnyomoz,lenyomoz
elnyomul,lenyomul
elnyálaz,lenyálaz
elnyílik,lenyílik
elnyűgöz,lenyűgöz
elolajoz,leolajoz
eloperál,leoperál
elparkol,leparkol
elpaskol,lepaskol
elpattan,lepattan
elpattog,lepattog
elpenget,lepenget
elperdül,leperdül
elperget,leperget
elpontoz,lepontoz
elporlad,leporlad
elporlik,leporlik
elpotyog,lepotyog
elpróbál,lepróbál
elpuffan,lepuffan
elpukkad,lepukkad
elpukkan,lepukkan
elpumpál,lepumpál
elpuskáz,lepuskáz
elpöcköl,lepöcköl
elpördül,lepördül
elpörget,lepörget
elpörköl,lepörköl
elpötyög,lepötyög
elragyog,leragyog
elrajzik,lerajzik
elrajzol,lerajzol
elreagál,lereagál
elrebben,lerebben
elrendel,lerendel
elrendez,lerendez
elreszel,lereszel
elriaszt,leriaszt
elritkul,leritkul
elrobban,lerobban
elrombol,lerombol
elromlik,leromlik
elrondít,lerondít
elrongál,lerongál
elrontat,lerontat
elroppan,leroppan
elroskad,leroskad
elrothad,lerothad
elruccan,leruccan
elrugdos,lerugdos
elrándul,lerándul
elrángat,lerángat
elröffen,leröffen
elröppen,leröppen
elröptet,leröptet
elrúgtat,lerúgtat
elsajnál,lesajnál
elsajtol,lesajtol
elsiklik,lesiklik
elsorvad,lesorvad
elspórol,lespórol
elsuhint,lesuhint
elsunyít,lesunyít
elsurran,lesurran
elsurrog,lesurrog
elsuttog,lesuttog
elszakad,leszakad
elszakít,leszakít
elszalad,leszalad
elszavaz,leszavaz
elszegel,leszegel
elszelel,leszelel
elszerel,leszerel
elszeret,leszeret
elszerez,leszerez
elszitál,leszitál
elszokik,leszokik
elszorul,leszorul
elszorít,leszorít
elszámol,leszámol
elszámoz,leszámoz
elszámít,leszámít
elszárad,leszárad
elszárít,leszárít
elszédít,leszédít
elszédül,leszédül
elszívat,leszívat
elszólás,leszólás
elszólít,leszólít
elszökik,leszökik
elszűkít,leszűkít
elszűkül,leszűkül
elsáncol,lesáncol
elsárgul,lesárgul
elsárgít,lesárgít
elsóhajt,lesóhajt
elsúlyoz,lesúlyoz
elsüpped,lesüpped
eltalpal,letalpal
eltapint,letapint
eltapsol,letapsol
eltaszít,letaszít
eltekint,letekint
elterhel,leterhel
elterjed,leterjed
eltervez,letervez
eltesped,letesped
eltiltat,letiltat
eltiltás,letiltás
eltiprat,letiprat
eltompul,letompul
eltompít,letompít
eltorzul,letorzul
eltorzít,letorzít
eltotyog,letotyog
eltussol,letussol
eltáncol,letáncol
eltépdes,letépdes
eltépked,letépked
eltérdel,letérdel
eltöltet,letöltet
eltömköd,letömköd
eltördel,letördel
eltörlés,letörlés
eltörpül,letörpül
eltörtet,letörtet
eltűzdel,letűzdel
elutazik,leutazik
elutánoz,leutánoz
elvackol,levackol
elvagdal,levagdal
elvagdos,levagdos
elvegyít,levegyít
elverdes,leverdes
elveszik,leveszik
elveszít,leveszít
elvetett,levetett
elvezető,levezető
elvillan,levillan
elvontat,levontat
elvágtat,levágtat
elváltat,leváltat
elvérzik,levérzik
elzajlik,lezajlik
elzsákol,lezsákol
elzörren,lezörren
elzötyög,lezötyög
elzüllik,lezüllik
eláramol,leáramol
elénekel,leénekel
elírogat,leírogat
elörököl,leörököl
elözönöl,leözönöl
elúsztat,leúsztat
elütöget,leütöget
elüzemel,leüzemel
etológia,teológia
etológus,teológus
hitetlen,hittelen
mázatlan,máztalan
megérett,megértet
megkapat,megkapta
megvágat,megvágta
megvárat,megvárta
megvonat,megvonta
mindenik,mindenki
útelzáró,útlezáró
odazárat,odazárta
keresett,kerestet
kiszákol,kizsákol
behunyat,behunyta
beszórat,beszórta
borozgat,borzogat
szeretet,szerette
