testetlen,testtelen
leaknásít,elaknásít
lealjasít,elaljasít
lealjasul,elaljasul
lealkudik,elalkudik
leálmodik,elálmodik
leanyázik,elanyázik
leáramlik,eláramlik
learaszol,elaraszol
leautózik,elautózik
lebattyog,elbattyog
lebénázik,elbénázik
lebetonoz,elbetonoz
lebillent,elbillent
lebitorol,elbitorol
leblokkol,elblokkol
lebocsájt,elbocsájt
lecsapkod,elcsapkod
lecsattan,elcsattan
lecsattog,elcsattog
lecsendül,elcsendül
lecseppen,elcseppen
lecsipked,elcsipked
lecsiszol,elcsiszol
lecsonkul,elcsonkul
lecsorbul,elcsorbul
lecsordul,elcsordul
lecsorgat,elcsorgat
lecsoszog,elcsoszog
lecsöppen,elcsöppen
lecsörtet,elcsörtet
lecsuklik,elcsuklik
lecsurgat,elcsurgat
lecsurran,elcsurran
lecsúszás,elcsúszás
lecsúszik,elcsúszik
lecsügged,elcsügged
ledarabol,eldarabol
lededikál,eldedikál
ledirigál,eldirigál
ledörzsöl,eldörzsöl
ledurrant,eldurrant
ledübörög,eldübörög
leecsetel,elecsetel
leegyezik,elegyezik
leéldegél,eléldegél
leenyeleg,elenyeleg
leerjeszt,elerjeszt
leérkezik,elérkezik
leértékel,elértékel
leeszeget,eleszeget
leevickél,elevickél
leexponál,elexponál
lefáraszt,elfáraszt
lefehérít,elfehérít
lefeketít,elfeketít
lefekszik,elfekszik
lefenekel,elfenekel
lefészkel,elfészkel
lefinomít,elfinomít
lefinomul,elfinomul
lefocizik,elfocizik
lefoglalt,elfoglalt
lefonnyad,elfonnyad
lefoszlik,elfoszlik
lefuvaroz,elfuvaroz
legörcsöl,elgörcsöl
legyengít,elgyengít
legyengül,elgyengül
legyilkol,elgyilkol
legyorsul,elgyorsul
legyöngít,elgyöngít
legyöngül,elgyöngül
lehajigál,elhajigál
lehajózik,elhajózik
lehajszol,elhajszol
lehallgat,elhallgat
lehangzik,elhangzik
lehasogat,elhasogat
lehasznál,elhasznál
lehatárol,elhatárol
lehatároz,elhatároz
lehazudik,elhazudik
lehegedül,elhegedül
lehívogat,elhívogat
lehullajt,elhullajt
lehuzigál,elhuzigál
lehúzódik,elhúzódik
lehúzogat,elhúzogat
leinteget,elinteget
leiramlik,eliramlik
leirányít,elirányít
leirányul,elirányul
leiskoláz,eliskoláz
leismétel,elismétel
leiszapol,eliszapol
lejárogat,eljárogat
lejátszat,eljátszat
lejátszik,eljátszik
lejegyzés,eljegyzés
lejöveszt,eljöveszt
lejövetel,eljövetel
lekalapál,elkalapál
lekanalaz,elkanalaz
lekapcsol,elkapcsol
lekattant,elkattant
lekattint,elkattint
lekavarog,elkavarog
lekávézik,elkávézik
lekeneget,elkeneget
leképeszt,elképeszt
lekerekít,elkerekít
lekeretez,elkeretez
lekettyen,elkettyen
lekoppant,elkoppant
lekoppint,elkoppint
lekortyol,elkortyol
lekönnyít,elkönnyít
lekönyvel,elkönyvel
lekötelez,elkötelez
lekötődik,elkötődik
lekukkant,elkukkant
lekuporog,elkuporog
lekülönít,elkülönít
lelanyhul,ellanyhul
lelapátol,ellapátol
lelapogat,ellapogat
lelaposít,ellaposít
lelátogat,ellátogat
lelebbent,ellebbent
lelegyint,ellegyint
lelépeget,ellépeget
leloccsan,elloccsan
lelopózik,ellopózik
lelovagol,ellovagol
lelökődik,ellökődik
lelöttyen,ellöttyen
lemaradás,elmaradás
lemászkál,elmászkál
lemaszkol,elmaszkol
lemelegít,elmelegít
lemenekít,elmenekít
lemenekül,elmenekül
lemenetel,elmenetel
leméretez,elméretez
lemerevít,elmerevít
lemerevül,elmerevül
lemocskol,elmocskol
lemoderál,elmoderál
lemorzsol,elmorzsol
lemosódik,elmosódik
lemosogat,elmosogat
lemulaszt,elmulaszt
lemutogat,elmutogat
lenavigál,elnavigál
lenézeget,elnézeget
lenyargal,elnyargal
lenyekken,elnyekken
lenyeldes,elnyeldes
lenyirbál,elnyirbál
lenyiszál,elnyiszál
lenyomkod,elnyomkod
lenyomott,elnyomott
lenyomtat,elnyomtat
lenyugtat,elnyugtat
lenyújtat,elnyújtat
leócsárol,elócsárol
leoldalaz,eloldalaz
leoldalog,eloldalog
leoldódik,eloldódik
leolvasás,elolvasás
leolvaszt,elolvaszt
leöblöget,elöblöget
leöltözik,elöltözik
leözönlik,elözönlik
lepányváz,elpányváz
lepasszol,elpasszol
lepattant,elpattant
lepattint,elpattint
lepazarol,elpazarol
lepecázik,elpecázik
leperemez,elperemez
leperzsel,elperzsel
lepillant,elpillant
lepiszkál,elpiszkál
lepiszkol,elpiszkol
lepisszeg,elpisszeg
lepisszen,elpisszen
leplántál,elplántál
lepolíroz,elpolíroz
lepottyan,elpottyan
lepöccint,elpöccint
lepúderez,elpúderez
lepuffant,elpuffant
lepusztít,elpusztít
lepusztul,elpusztul
leradíroz,elradíroz
leragaszt,elragaszt
lerágcsál,elrágcsál
lerakodik,elrakodik
lerakódik,elrakódik
lereccsen,elreccsen
lereferál,elreferál
lerekeszt,elrekeszt
lerepeszt,elrepeszt
lerobbant,elrobbant
lerohaszt,elrohaszt
leromlott,elromlott
leroncsol,elroncsol
lerongyol,elrongyol
leroppant,elroppant
lerövidül,elrövidül
lesajátít,elsajátít
lesápaszt,elsápaszt
lesarabol,elsarabol
lesatíroz,elsatíroz
lesimogat,elsimogat
lesötétít,elsötétít
lesötétül,elsötétül
lesugároz,elsugároz
lesunnyog,elsunnyog
lesüllyed,elsüllyed
leszabdal,elszabdal
leszaggat,elszaggat
leszáguld,elszáguld
leszakajt,elszakajt
leszalajt,elszalajt
leszállít,elszállít
leszámlál,elszámlál
leszámláz,elszámláz
leszenved,elszenved
leszervez,elszervez
leszignál,elszignál
leszikkad,elszikkad
leszoktat,elszoktat
leszolgál,elszolgál
leszürkít,elszürkít
leszürkül,elszürkül
letakarít,eltakarít
letámogat,eltámogat
letapogat,eltapogat
letárgyal,eltárgyal
letávolít,eltávolít
letelepít,eltelepít
letelepül,eltelepül
letépődik,eltépődik
letereget,eltereget
letételez,eltételez
letétetik,eltétetik
letisztáz,eltisztáz
letisztít,eltisztít
letisztul,eltisztul
letolódik,eltolódik
letörődik,eltörődik
letörölte,eltörölte
letrappol,eltrappol
letuszkol,eltuszkol
leugraszt,elugraszt
leújságol,elújságol
leutazgat,elutazgat
levágódik,elvágódik
leválaszt,elválaszt
leválogat,elválogat
levásárol,elvásárol
leverődik,elverődik
levetődik,elvetődik
levezérel,elvezérel
levezetés,elvezetés
leviharoz,elviharoz
levilágít,elvilágít
levillant,elvillant
levonódik,elvonódik
levonszol,elvonszol
lezáródik,elzáródik
lezsibbad,elzsibbad
elaknásít,leaknásít
elaljasul,lealjasul
elaljasít,lealjasít
elalkudik,lealkudik
elanyázik,leanyázik
elaraszol,learaszol
elautózik,leautózik
elbattyog,lebattyog
elbetonoz,lebetonoz
elbillent,lebillent
elbitorol,lebitorol
elblokkol,leblokkol
elbocsájt,lebocsájt
elbénázik,lebénázik
elcsapkod,lecsapkod
elcsattan,lecsattan
elcsattog,lecsattog
elcsendül,lecsendül
elcseppen,lecseppen
elcsipked,lecsipked
elcsiszol,lecsiszol
elcsonkul,lecsonkul
elcsorbul,lecsorbul
elcsordul,lecsordul
elcsorgat,lecsorgat
elcsoszog,lecsoszog
elcsuklik,lecsuklik
elcsurgat,lecsurgat
elcsurran,lecsurran
elcsöppen,lecsöppen
elcsörtet,lecsörtet
elcsúszik,lecsúszik
elcsúszás,lecsúszás
elcsügged,lecsügged
eldarabol,ledarabol
eldedikál,lededikál
eldirigál,ledirigál
eldurrant,ledurrant
eldörzsöl,ledörzsöl
eldübörög,ledübörög
elecsetel,leecsetel
elegyezik,leegyezik
elenyeleg,leenyeleg
elerjeszt,leerjeszt
eleszeget,leeszeget
elevickél,leevickél
elexponál,leexponál
elfehérít,lefehérít
elfeketít,lefeketít
elfekszik,lefekszik
elfenekel,lefenekel
elfinomul,lefinomul
elfinomít,lefinomít
elfocizik,lefocizik
elfoglalt,lefoglalt
elfonnyad,lefonnyad
elfoszlik,lefoszlik
elfuvaroz,lefuvaroz
elfáraszt,lefáraszt
elfészkel,lefészkel
elgyengít,legyengít
elgyengül,legyengül
elgyilkol,legyilkol
elgyorsul,legyorsul
elgyöngít,legyöngít
elgyöngül,legyöngül
elgörcsöl,legörcsöl
elhajigál,lehajigál
elhajszol,lehajszol
elhajózik,lehajózik
elhallgat,lehallgat
elhangzik,lehangzik
elhasogat,lehasogat
elhasznál,lehasznál
elhatárol,lehatárol
elhatároz,lehatároz
elhazudik,lehazudik
elhegedül,lehegedül
elhullajt,lehullajt
elhuzigál,lehuzigál
elhívogat,lehívogat
elhúzogat,lehúzogat
elhúzódik,lehúzódik
elinteget,leinteget
eliramlik,leiramlik
elirányul,leirányul
elirányít,leirányít
eliskoláz,leiskoláz
elismétel,leismétel
eliszapol,leiszapol
eljegyzés,lejegyzés
eljárogat,lejárogat
eljátszat,lejátszat
eljátszik,lejátszik
eljöveszt,lejöveszt
eljövetel,lejövetel
elkalapál,lekalapál
elkanalaz,lekanalaz
elkapcsol,lekapcsol
elkattant,lekattant
elkattint,lekattint
elkavarog,lekavarog
elkeneget,lekeneget
elkerekít,lekerekít
elkeretez,lekeretez
elkettyen,lekettyen
elkoppant,lekoppant
elkoppint,lekoppint
elkortyol,lekortyol
elkukkant,lekukkant
elkuporog,lekuporog
elkávézik,lekávézik
elképeszt,leképeszt
elkönnyít,lekönnyít
elkönyvel,lekönyvel
elkötelez,lekötelez
elkötődik,lekötődik
elkülönít,lekülönít
ellanyhul,lelanyhul
ellapogat,lelapogat
ellaposít,lelaposít
ellapátol,lelapátol
ellebbent,lelebbent
ellegyint,lelegyint
elloccsan,leloccsan
ellopózik,lelopózik
ellovagol,lelovagol
ellátogat,lelátogat
ellépeget,lelépeget
ellökődik,lelökődik
ellöttyen,lelöttyen
elmaradás,lemaradás
elmaszkol,lemaszkol
elmelegít,lemelegít
elmenekít,lemenekít
elmenekül,lemenekül
elmenetel,lemenetel
elmerevít,lemerevít
elmerevül,lemerevül
elmocskol,lemocskol
elmoderál,lemoderál
elmorzsol,lemorzsol
elmosogat,lemosogat
elmosódik,lemosódik
elmulaszt,lemulaszt
elmutogat,lemutogat
elmászkál,lemászkál
elméretez,leméretez
elnavigál,lenavigál
elnyargal,lenyargal
elnyekken,lenyekken
elnyeldes,lenyeldes
elnyirbál,lenyirbál
elnyiszál,lenyiszál
elnyomkod,lenyomkod
elnyomott,lenyomott
elnyomtat,lenyomtat
elnyugtat,lenyugtat
elnyújtat,lenyújtat
elnézeget,lenézeget
eloldalaz,leoldalaz
eloldalog,leoldalog
eloldódik,leoldódik
elolvaszt,leolvaszt
elolvasás,leolvasás
elpasszol,lepasszol
elpattant,lepattant
elpattint,lepattint
elpazarol,lepazarol
elpecázik,lepecázik
elperemez,leperemez
elperzsel,leperzsel
elpillant,lepillant
elpisszeg,lepisszeg
elpisszen,lepisszen
elpiszkol,lepiszkol
elpiszkál,lepiszkál
elplántál,leplántál
elpolíroz,lepolíroz
elpottyan,lepottyan
elpuffant,lepuffant
elpusztul,lepusztul
elpusztít,lepusztít
elpányváz,lepányváz
elpöccint,lepöccint
elpúderez,lepúderez
elradíroz,leradíroz
elragaszt,leragaszt
elrakodik,lerakodik
elrakódik,lerakódik
elreccsen,lereccsen
elreferál,lereferál
elrekeszt,lerekeszt
elrepeszt,lerepeszt
elrobbant,lerobbant
elrohaszt,lerohaszt
elromlott,leromlott
elroncsol,leroncsol
elrongyol,lerongyol
elroppant,leroppant
elrágcsál,lerágcsál
elrövidül,lerövidül
elsajátít,lesajátít
elsarabol,lesarabol
elsatíroz,lesatíroz
elsietett,elsiettet
elsimogat,lesimogat
elsugároz,lesugároz
elsunnyog,lesunnyog
elszabdal,leszabdal
elszaggat,leszaggat
elszakajt,leszakajt
elszalajt,leszalajt
elszenved,leszenved
elszervez,leszervez
elszignál,leszignál
elszikkad,leszikkad
elszoktat,leszoktat
elszolgál,leszolgál
elszáguld,leszáguld
elszállít,leszállít
elszámlál,leszámlál
elszámláz,leszámláz
elszürkít,leszürkít
elszürkül,leszürkül
elsápaszt,lesápaszt
elsötétít,lesötétít
elsötétül,lesötétül
elsüllyed,lesüllyed
eltakarít,letakarít
eltapogat,letapogat
eltelepít,letelepít
eltelepül,letelepül
eltereget,letereget
eltisztul,letisztul
eltisztáz,letisztáz
eltisztít,letisztít
eltolódik,letolódik
eltrappol,letrappol
eltuszkol,letuszkol
eltámogat,letámogat
eltárgyal,letárgyal
eltávolít,letávolít
eltépődik,letépődik
eltételez,letételez
eltétetik,letétetik
eltörődik,letörődik
eltörölte,letörölte
elugraszt,leugraszt
elutazgat,leutazgat
elverődik,leverődik
elveszett,elvesztet
elvetődik,levetődik
elvezetés,levezetés
elvezérel,levezérel
elviharoz,leviharoz
elvillant,levillant
elvilágít,levilágít
elvonszol,levonszol
elvonódik,levonódik
elvágódik,levágódik
elválaszt,leválaszt
elválogat,leválogat
elvásárol,levásárol
elzsibbad,lezsibbad
elzáródik,lezáródik
elálmodik,leálmodik
eláramlik,leáramlik
eléldegél,leéldegél
elérkezik,leérkezik
elértékel,leértékel
elócsárol,leócsárol
elöblöget,leöblöget
elöltözik,leöltözik
elözönlik,leözönlik
elújságol,leújságol
helyezett,helyeztet
mérsékelt,mérséklet
aranyérem,aranyérme
átborozik,táborozik
kiéhezett,kiéheztet
becsípett,becsíptet
beépített,beépíttet
gondatlan,gondtalan
patronász,patronázs
szeretett,szerettet
